trajet_id,date,train_id,gare_depart_id,gare_arrivee_id,heure_depart_prevue,heure_depart_reelle,retard_minutes,statut,nb_passagers,prix_moyen_eur
J000001,2026-02-06,T018,G02,G12,20:06,20:06,0,A l'heure,379,40.01
J000002,2026-02-12,T034,G08,G10,14:18,14:31,13,Retarde,143,17.67
J000003,2026-07-11,T003,G02,G09,19:15,19:17,2,Retarde,355,106.35
J000004,2026-02-18,T015,G12,G09,13:00,13:00,0,A l'heure,571,44.07
J000005,2025-09-28,T015,G06,G05,13:45,13:45,0,A l'heure,378,43.01
J000006,2026-07-01,T007,G15,G03,16:42,16:42,0,A l'heure,313,72.15
J000007,2026-04-21,T028,G05,G13,07:45,07:45,0,A l'heure,236,51.84
J000008,2026-02-15,T023,G03,G05,14:30,14:30,0,A l'heure,206,51.43
J000009,2026-03-29,T031,G09,G12,16:30,16:30,0,A l'heure,146,23.79
J000010,2026-01-28,T012,G15,G08,22:48,22:48,0,A l'heure,333,67.27
J000011,2026-03-04,T023,G10,G07,19:54,19:54,0,A l'heure,168,31.09
J000012,2026-05-22,T031,G02,G10,17:24,17:24,0,A l'heure,143,24.43
J000013,2025-11-27,T016,G15,G07,10:36,10:36,0,A l'heure,241,43.95
J000014,2026-05-14,T020,G09,G06,13:15,13:40,25,Retarde,367,28.5
J000015,2025-10-17,T037,G15,G02,13:42,13:42,0,A l'heure,107,26.74
J000016,2026-05-21,T020,G03,G01,16:21,16:21,0,A l'heure,344,24.29
J000017,2025-11-05,T002,G11,G07,13:12,13:12,0,A l'heure,204,60.87
J000018,2026-04-01,T040,G05,G15,13:18,13:18,0,A l'heure,79,21.35
J000019,2025-12-10,T004,G12,G07,13:36,13:40,4,Retarde,316,69.24
J000020,2026-02-08,T034,G07,G09,10:00,10:20,20,Retarde,124,18.36
J000021,2025-11-29,T012,G11,G10,16:42,16:43,1,Retarde,276,62.04
J000022,2026-01-14,T022,G11,G03,10:45,10:55,10,Retarde,404,33.94
J000023,2025-11-05,T038,G13,G04,07:24,07:24,0,A l'heure,133,25.18
J000024,2026-07-24,T009,G01,G13,07:24,07:24,0,A l'heure,264,71.43
J000025,2026-01-17,T030,G13,G02,09:00,09:00,0,A l'heure,215,19.1
J000026,2026-04-07,T015,G12,G14,17:48,17:48,0,A l'heure,428,44.17
J000027,2026-08-08,T006,G08,G07,05:12,05:12,0,A l'heure,210,90.08
J000028,2026-04-01,T031,G04,G14,12:12,12:18,6,Retarde,128,16.18
J000029,2026-08-22,T016,G14,G08,10:06,10:22,16,Retarde,390,26.4
J000030,2026-04-20,T006,G07,G09,20:06,20:06,0,A l'heure,488,82.99
J000031,2026-02-05,T033,G03,G14,13:36,13:36,0,A l'heure,103,25.87
J000032,2026-03-13,T014,G07,G11,18:30,18:51,21,Retarde,228,85.9
J000033,2026-03-13,T019,G15,G14,09:15,09:38,23,Retarde,256,35.72
J000034,2026-06-29,T008,G06,G04,10:18,10:18,0,A l'heure,329,66.81
J000035,2026-03-17,T005,G03,G09,05:42,05:42,0,A l'heure,331,87.4
J000036,2025-12-26,T034,G13,G01,22:24,22:28,4,Retarde,124,17.99
J000037,2025-12-13,T017,G09,G15,05:00,05:00,0,A l'heure,569,27.1
J000038,2025-10-07,T028,G06,G07,20:45,21:25,40,Retarde,216,49.93
J000039,2026-06-29,T006,G09,G12,14:18,14:25,7,Retarde,309,65.86
J000040,2026-02-22,T018,G01,G08,07:21,07:21,0,A l'heure,538,34.2
J000041,2025-11-25,T028,G06,G07,10:45,11:02,17,Retarde,226,56.2
J000042,2026-06-21,T009,G14,G08,14:24,14:24,0,A l'heure,442,71.9
J000043,2026-08-02,T035,G09,G11,07:54,07:54,0,A l'heure,182,32.06
J000044,2026-08-16,T039,G11,G09,08:45,08:45,0,A l'heure,135,32.23
J000045,2025-09-19,T024,G02,G04,06:24,06:24,0,A l'heure,234,44.57
J000046,2026-06-06,T030,G09,G11,21:45,21:45,0,A l'heure,138,18.54
J000047,2026-02-26,T004,G12,G02,16:42,17:04,22,Retarde,313,91.65
J000048,2026-01-11,T032,G10,G06,14:18,14:18,0,A l'heure,191,23.81
J000049,2025-11-04,T030,G06,G11,14:54,14:54,0,A l'heure,127,28.61
J000050,2026-08-14,T034,G14,G01,12:06,12:33,27,Retarde,180,24.28
J000051,2026-05-22,T019,G01,G08,19:21,19:21,0,A l'heure,409,42.97
J000052,2025-10-11,T022,G05,G12,12:54,13:00,6,Retarde,523,51.5
J000053,2026-04-16,T027,G10,G01,06:36,06:36,0,A l'heure,193,54.01
J000054,2026-07-30,T001,G15,G13,10:36,,0,Annule,359,83.51
J000055,2025-12-15,T010,G14,G13,20:15,20:34,19,Retarde,379,95.57
J000056,2025-11-13,T019,G07,G01,07:06,07:06,0,A l'heure,376,41.47
J000057,2025-09-20,T030,G07,G03,08:00,08:00,0,A l'heure,112,17.46
J000058,2025-09-16,T001,G04,G02,08:48,08:48,0,A l'heure,249,61.54
J000059,2026-03-18,T019,G06,G15,19:15,19:15,0,A l'heure,493,29.15
J000060,2026-05-14,T022,G09,G07,09:36,09:37,1,Retarde,489,33.02
J000061,2026-08-12,T006,G02,G15,10:06,10:06,0,A l'heure,293,73.41
J000062,2025-11-19,T034,G03,G05,22:30,22:30,0,A l'heure,117,21.23
J000063,2026-01-07,T023,G04,G03,15:30,15:31,1,Retarde,185,47.09
J000064,2026-04-17,T022,G03,G10,14:18,14:18,0,A l'heure,376,43.03
J000065,2025-12-08,T021,G12,G08,19:15,19:23,8,Retarde,431,41.26
J000066,2025-12-12,T004,G13,G05,15:18,15:18,0,A l'heure,155,52.76
J000067,2026-01-30,T035,G07,G13,11:42,11:42,0,A l'heure,33,28.2
J000068,2026-06-09,T018,G03,G02,12:18,12:34,16,Retarde,377,22.64
J000069,2026-02-18,T022,G10,G04,07:42,07:50,8,Retarde,349,32.44
J000070,2025-09-30,T014,G13,G03,20:42,20:42,0,A l'heure,268,61.41
J000071,2026-04-19,T002,G04,G14,09:12,09:12,0,A l'heure,184,64.83
J000072,2026-07-05,T034,G15,G05,20:36,20:36,0,A l'heure,153,17.52
J000073,2026-07-19,T022,G11,G06,11:54,11:54,0,A l'heure,634,38.76
J000074,2026-04-03,T013,G12,G07,07:48,07:48,0,A l'heure,256,57.46
J000075,2026-04-18,T037,G01,G06,16:21,16:21,0,A l'heure,153,31.92
J000076,2025-12-22,T017,G11,G03,07:30,07:30,0,A l'heure,282,36.6
J000077,2026-07-18,T025,G10,G15,13:54,14:28,34,Retarde,236,65.26
J000078,2026-05-26,T021,G02,G11,19:21,19:21,0,A l'heure,520,44.45
J000079,2026-08-21,T030,G03,G05,18:36,18:36,0,A l'heure,113,21.45
J000080,2026-02-17,T035,G05,G14,10:54,10:54,0,A l'heure,169,22.4
J000081,2026-02-10,T037,G13,G08,19:15,19:15,0,A l'heure,93,24.12
J000082,2026-06-10,T027,G01,G12,05:48,06:04,16,Retarde,170,49.31
J000083,2026-08-14,T001,G13,G04,14:15,14:15,0,A l'heure,264,86.92
J000084,2026-07-09,T017,G04,G10,14:18,14:27,9,Retarde,338,28.56
J000085,2026-05-06,T008,G08,G14,06:36,06:36,0,A l'heure,452,67.41
J000086,2025-10-20,T022,G12,G05,07:30,07:54,24,Retarde,383,42.9
J000087,2025-10-08,T006,G08,G04,11:06,11:06,0,A l'heure,229,85.0
J000088,2026-02-01,T018,G14,G01,20:54,21:14,20,Retarde,448,31.82
J000089,2025-12-21,T037,G08,G05,14:54,14:54,0,A l'heure,134,20.56
J000090,2025-10-27,T008,G05,G11,11:48,11:48,0,A l'heure,325,92.76
J000091,2026-08-13,T020,G09,G07,22:30,23:41,71,Fortement retarde,322,34.99
J000092,2026-04-27,T018,G05,G10,10:54,10:54,0,A l'heure,458,43.9
J000093,2025-09-19,T002,G02,G11,09:30,09:30,0,A l'heure,380,54.65
J000094,2026-01-19,T026,G13,G01,18:00,18:08,8,Retarde,191,43.06
J000095,2026-01-30,T005,G01,G03,20:12,20:12,0,A l'heure,176,74.43
J000096,2026-07-05,T019,G01,G09,14:15,14:15,0,A l'heure,314,43.36
J000097,2025-11-30,T014,G05,G04,21:24,21:24,0,A l'heure,371,62.63
J000098,2026-08-02,T001,G05,G01,06:00,06:00,0,A l'heure,243,96.88
J000099,2025-11-24,T023,G04,G07,15:36,15:36,0,A l'heure,297,35.35
J000100,2026-07-10,T040,G12,G14,10:15,10:31,16,Retarde,186,19.61
J000101,2026-03-20,T013,G13,G11,19:06,19:06,0,A l'heure,352,56.06
J000102,2026-01-05,T030,G13,G09,11:00,11:00,0,A l'heure,183,25.04
J000103,2025-10-24,T036,G05,G12,15:15,15:15,0,A l'heure,140,21.71
J000104,2025-09-02,T011,G02,G15,21:00,21:01,1,Retarde,314,97.78
J000105,2025-11-06,T025,G09,G06,09:42,09:42,0,A l'heure,223,55.82
J000106,2026-04-06,T003,G03,G01,07:15,07:16,1,Retarde,284,72.6
J000107,2026-06-06,T030,G11,G15,15:15,15:27,12,Retarde,151,29.74
J000108,2026-01-27,T018,G11,G06,21:06,21:14,8,Retarde,393,43.94
J000109,2026-08-02,T008,G04,G03,20:54,20:54,0,A l'heure,224,112.33
J000110,2026-03-08,T017,G10,G13,06:42,07:02,20,Retarde,349,49.05
J000111,2026-03-03,T032,G10,G13,06:00,06:00,0,A l'heure,190,19.83
J000112,2026-07-21,T038,G03,G13,16:21,16:21,0,A l'heure,155,20.29
J000113,2026-03-04,T038,G01,G10,13:00,13:00,0,A l'heure,128,16.75
J000114,2026-01-02,T002,G03,G05,05:54,05:54,0,A l'heure,291,97.81
J000115,2026-08-23,T009,G15,G05,08:24,08:24,0,A l'heure,388,88.59
J000116,2026-04-27,T010,G08,G02,17:24,17:24,0,A l'heure,278,91.77
J000117,2025-10-09,T037,G05,G14,22:30,22:31,1,Retarde,168,22.36
J000118,2026-07-06,T033,G07,G14,18:36,18:36,0,A l'heure,128,16.71
J000119,2026-03-11,T024,G13,G02,18:42,18:42,0,A l'heure,208,53.88
J000120,2026-08-10,T025,G01,G05,12:06,12:08,2,Retarde,146,35.86
J000121,2025-11-07,T018,G07,G10,09:48,10:25,37,Retarde,418,27.96
J000122,2025-10-29,T012,G05,G10,05:54,06:14,20,Retarde,439,79.55
J000123,2026-01-10,T018,G06,G09,07:18,07:38,20,Retarde,485,40.04
J000124,2025-12-02,T007,G15,G02,20:00,20:00,0,A l'heure,363,83.62
J000125,2026-03-12,T017,G02,G07,14:36,14:47,11,Retarde,203,25.82
J000126,2026-01-03,T028,G03,G13,15:00,15:00,0,A l'heure,350,61.21
J000127,2025-11-16,T009,G09,G12,21:24,,0,Annule,262,76.6
J000128,2026-02-15,T016,G14,G07,19:06,19:06,0,A l'heure,477,49.51
J000129,2026-05-21,T030,G05,G10,13:15,13:15,0,A l'heure,142,19.34
J000130,2026-05-06,T004,G09,G10,22:45,22:45,0,A l'heure,321,90.98
J000131,2026-06-02,T022,G15,G04,16:12,16:22,10,Retarde,357,34.98
J000132,2026-03-05,T024,G05,G03,18:48,18:48,0,A l'heure,164,42.81
J000133,2026-06-29,T006,G15,G07,06:18,06:18,0,A l'heure,324,68.98
J000134,2026-06-12,T007,G13,G10,21:48,21:48,0,A l'heure,299,66.31
J000135,2025-12-12,T012,G03,G11,17:48,17:48,0,A l'heure,134,101.55
J000136,2025-12-03,T030,G13,G09,10:36,10:36,0,A l'heure,134,24.27
J000137,2026-05-14,T017,G08,G01,20:54,20:54,0,A l'heure,520,29.62
J000138,2026-02-26,T029,G09,G13,12:36,12:36,0,A l'heure,109,27.7
J000139,2025-09-08,T040,G05,G13,18:54,18:54,0,A l'heure,82,17.86
J000140,2025-12-15,T026,G11,G10,10:15,10:19,4,Retarde,179,56.56
J000141,2025-09-15,T001,G03,G08,11:21,11:26,5,Retarde,210,72.28
J000142,2025-11-10,T012,G12,G07,22:12,22:12,0,A l'heure,250,103.0
J000143,2026-04-03,T006,G09,G02,19:15,19:19,4,Retarde,177,61.17
J000144,2026-03-21,T021,G03,G04,09:24,09:32,8,Retarde,573,28.21
J000145,2025-12-26,T040,G11,G10,10:15,10:15,0,A l'heure,144,19.49
J000146,2026-07-01,T028,G07,G05,21:45,21:45,0,A l'heure,281,54.76
J000147,2025-12-07,T036,G08,G03,07:30,07:30,0,A l'heure,170,17.68
J000148,2025-09-01,T010,G08,G13,06:21,06:22,1,Retarde,431,60.74
J000149,2025-12-07,T035,G03,G01,19:30,19:31,1,Retarde,200,20.82
J000150,2026-03-04,T009,G08,G05,14:42,14:42,0,A l'heure,142,62.84
J000151,2026-06-05,T005,G10,G12,06:18,06:18,0,A l'heure,309,103.5
J000152,2026-04-27,T040,G13,G03,08:21,08:21,0,A l'heure,176,26.97
J000153,2026-02-20,T009,G07,G03,16:54,17:02,8,Retarde,483,88.95
J000154,2025-09-19,T022,G07,G05,21:30,21:30,0,A l'heure,272,39.38
J000155,2025-10-28,T023,G13,G02,11:42,11:42,0,A l'heure,247,50.97
J000156,2025-09-01,T015,G13,G04,05:12,05:30,18,Retarde,354,32.93
J000157,2026-02-21,T038,G12,G08,06:18,06:18,0,A l'heure,127,20.11
J000158,2025-11-15,T017,G14,G04,06:21,06:21,0,A l'heure,394,34.01
J000159,2026-03-11,T003,G06,G05,11:18,11:18,0,A l'heure,281,100.34
J000160,2025-10-10,T031,G11,G04,05:06,05:06,0,A l'heure,171,25.26
J000161,2025-10-23,T022,G02,G13,22:21,22:21,0,A l'heure,312,35.32
J000162,2025-11-02,T037,G01,G14,19:54,19:54,0,A l'heure,83,22.86
J000163,2026-02-19,T024,G12,G06,07:36,07:36,0,A l'heure,270,48.32
J000164,2026-01-28,T027,G09,G05,12:21,12:32,11,Retarde,193,40.41
J000165,2026-01-19,T023,G04,G07,13:15,13:37,22,Retarde,200,33.28
J000166,2026-05-22,T021,G05,G10,22:21,22:21,0,A l'heure,363,28.17
J000167,2025-11-06,T038,G08,G13,15:06,15:06,0,A l'heure,115,27.7
J000168,2025-09-02,T040,G10,G14,16:00,16:00,0,A l'heure,120,25.11
J000169,2025-11-14,T020,G13,G03,13:21,13:25,4,Retarde,558,35.06
J000170,2025-10-29,T027,G15,G01,12:45,12:45,0,A l'heure,247,59.69
J000171,2026-08-06,T008,G12,G13,15:54,15:54,0,A l'heure,342,77.05
J000172,2026-08-25,T026,G13,G04,18:30,18:30,0,A l'heure,184,34.0
J000173,2025-09-26,T034,G12,G13,10:42,10:43,1,Retarde,78,24.34
J000174,2026-05-02,T026,G09,G05,07:18,07:19,1,Retarde,267,42.45
J000175,2026-02-27,T008,G07,G03,11:12,11:16,4,Retarde,438,56.2
J000176,2026-07-16,T040,G02,G09,20:36,20:36,0,A l'heure,142,22.1
J000177,2026-04-30,T039,G15,G06,05:12,05:12,0,A l'heure,119,27.88
J000178,2025-10-13,T037,G10,G12,10:00,10:02,2,Retarde,110,22.57
J000179,2026-08-28,T018,G10,G06,06:12,06:12,0,A l'heure,403,44.0
J000180,2026-07-14,T027,G03,G14,07:42,08:26,44,Retarde,271,46.99
J000181,2025-11-18,T036,G06,G09,22:21,22:21,0,A l'heure,122,19.61
J000182,2025-10-03,T005,G03,G10,18:06,18:26,20,Retarde,408,53.83
J000183,2025-12-13,T009,G05,G03,22:45,22:45,0,A l'heure,259,73.93
J000184,2025-10-27,T015,G09,G04,21:00,21:00,0,A l'heure,392,34.43
J000185,2026-03-05,T009,G10,G15,19:48,19:52,4,Retarde,230,63.75
J000186,2026-08-12,T025,G07,G09,20:18,20:38,20,Retarde,276,50.26
J000187,2026-06-22,T018,G11,G03,09:42,09:42,0,A l'heure,279,24.8
J000188,2026-03-09,T022,G09,G11,05:24,05:24,0,A l'heure,249,33.11
J000189,2026-05-26,T003,G13,G07,15:15,15:15,0,A l'heure,473,76.39
J000190,2026-02-21,T012,G04,G08,17:00,17:03,3,Retarde,479,97.95
J000191,2025-12-20,T026,G03,G13,11:21,11:44,23,Retarde,276,63.35
J000192,2026-05-27,T002,G10,G06,13:21,13:21,0,A l'heure,304,62.33
J000193,2025-11-21,T030,G10,G06,21:42,21:42,0,A l'heure,114,17.25
J000194,2026-03-13,T014,G06,G04,08:48,09:00,12,Retarde,362,76.88
J000195,2025-11-30,T011,G03,G12,10:18,10:18,0,A l'heure,340,88.57
J000196,2026-06-01,T024,G02,G04,06:45,06:45,0,A l'heure,170,41.37
J000197,2026-01-04,T019,G15,G03,12:42,12:53,11,Retarde,462,37.06
J000198,2026-01-13,T035,G11,G04,21:15,21:20,5,Retarde,117,26.89
J000199,2026-02-08,T025,G15,G09,21:45,21:54,9,Retarde,243,51.64
J000200,2026-01-27,T020,G08,G13,13:30,13:30,0,A l'heure,558,27.44
J000201,2026-06-09,T034,G12,G03,22:36,22:43,7,Retarde,124,23.13
J000202,2026-01-04,T018,G13,G10,22:30,22:30,0,A l'heure,307,27.25
J000203,2025-09-22,T017,G09,G15,20:00,20:00,0,A l'heure,444,28.33
J000204,2025-10-22,T031,G10,G14,10:36,10:40,4,Retarde,89,18.21
J000205,2026-05-14,T018,G01,G07,09:45,10:04,19,Retarde,336,22.5
J000206,2026-08-29,T015,G11,G09,20:00,20:00,0,A l'heure,508,28.05
J000207,2025-10-28,T030,G06,G02,11:15,11:15,0,A l'heure,81,26.81
J000208,2026-05-10,T030,G03,G08,07:54,07:54,0,A l'heure,166,20.63
J000209,2026-08-20,T031,G11,G14,06:21,06:21,0,A l'heure,172,18.57
J000210,2026-07-29,T009,G07,G03,14:45,14:45,0,A l'heure,292,59.02
J000211,2026-08-06,T017,G01,G15,09:21,09:21,0,A l'heure,422,36.72
J000212,2025-11-16,T007,G12,G07,12:48,12:55,7,Retarde,395,111.67
J000213,2026-03-16,T025,G05,G08,18:30,18:50,20,Retarde,254,57.05
J000214,2026-05-30,T040,G02,G03,05:45,05:45,0,A l'heure,179,20.51
J000215,2026-03-04,T021,G05,G08,15:48,16:07,19,Retarde,418,37.59
J000216,2025-11-08,T032,G06,G04,11:45,11:50,5,Retarde,220,22.39
J000217,2025-09-26,T019,G05,G10,22:12,22:12,0,A l'heure,394,40.05
J000218,2026-08-24,T025,G10,G02,13:48,13:48,0,A l'heure,118,48.83
J000219,2026-08-13,T034,G05,G10,05:21,05:21,0,A l'heure,168,15.2
J000220,2026-07-13,T033,G07,G04,18:00,18:00,0,A l'heure,109,25.2
J000221,2025-11-21,T035,G08,G04,18:42,18:42,0,A l'heure,112,17.94
J000222,2025-09-10,T017,G12,G13,11:54,12:21,27,Retarde,390,33.07
J000223,2025-12-23,T026,G07,G02,08:00,08:16,16,Retarde,197,59.96
J000224,2026-08-03,T028,G13,G03,19:18,19:18,0,A l'heure,257,34.05
J000225,2025-10-03,T040,G02,G06,06:00,06:06,6,Retarde,128,27.1
J000226,2026-03-10,T018,G02,G05,21:42,21:42,0,A l'heure,237,26.2
J000227,2026-02-02,T011,G06,G12,07:42,07:44,2,Retarde,236,56.04
J000228,2025-12-22,T009,G04,G14,18:12,18:26,14,Retarde,252,67.07
J000229,2026-02-10,T025,G09,G05,15:12,15:12,0,A l'heure,162,51.15
J000230,2026-02-11,T031,G10,G09,05:21,05:21,0,A l'heure,97,25.1
J000231,2026-02-17,T034,G11,G04,14:00,14:00,0,A l'heure,164,27.76
J000232,2026-03-12,T039,G14,G11,16:30,16:30,0,A l'heure,130,21.33
J000233,2026-03-23,T020,G14,G08,13:54,13:54,0,A l'heure,464,24.53
J000234,2026-02-05,T026,G09,G14,11:45,11:46,1,Retarde,195,59.01
J000235,2025-11-11,T026,G03,G14,10:21,10:21,0,A l'heure,151,57.94
J000236,2026-06-03,T007,G09,G15,13:48,13:53,5,Retarde,295,65.67
J000237,2025-09-04,T040,G09,G15,22:06,22:06,0,A l'heure,152,17.34
J000238,2026-07-01,T027,G08,G06,09:15,09:15,0,A l'heure,157,57.95
J000239,2025-09-14,T011,G09,G12,10:36,10:36,0,A l'heure,383,84.22
J000240,2025-12-31,T033,G08,G11,12:18,12:18,0,A l'heure,78,20.83
J000241,2026-08-26,T031,G04,G01,14:12,14:12,0,A l'heure,135,18.36
J000242,2025-09-21,T001,G11,G01,21:30,21:30,0,A l'heure,397,96.07
J000243,2026-01-18,T018,G04,G07,06:21,06:22,1,Retarde,521,39.91
J000244,2025-11-14,T036,G11,G12,19:36,19:36,0,A l'heure,92,21.51
J000245,2026-06-09,T020,G08,G05,11:42,11:42,0,A l'heure,324,22.81
J000246,2026-04-24,T022,G05,G04,09:30,10:57,87,Fortement retarde,465,33.04
J000247,2025-11-05,T010,G09,G10,05:48,05:48,0,A l'heure,261,94.87
J000248,2025-11-13,T018,G04,G09,15:54,15:54,0,A l'heure,257,22.67
J000249,2025-11-11,T039,G13,G12,21:15,21:15,0,A l'heure,62,23.24
J000250,2026-01-31,T020,G14,G15,16:30,16:30,0,A l'heure,352,44.56
J000251,2026-05-22,T019,G03,G13,14:30,14:37,7,Retarde,437,27.32
J000252,2026-08-11,T024,G11,G05,14:42,14:42,0,A l'heure,201,56.29
J000253,2026-02-22,T025,G11,G04,21:06,21:22,16,Retarde,157,58.53
J000254,2025-09-27,T013,G13,G04,12:24,12:25,1,Retarde,317,90.9
J000255,2026-06-20,T018,G13,G05,22:15,22:15,0,A l'heure,395,29.41
J000256,2026-05-09,T008,G05,G10,07:00,07:00,0,A l'heure,334,84.58
J000257,2026-02-03,T012,G15,G08,05:36,05:36,0,A l'heure,150,52.72
J000258,2026-02-14,T014,G07,G09,10:21,10:22,1,Retarde,307,61.11
J000259,2026-07-09,T014,G09,G08,12:42,12:58,16,Retarde,369,91.72
J000260,2026-06-15,T031,G14,G02,14:36,14:40,4,Retarde,141,16.51
J000261,2025-11-09,T040,G06,G12,05:06,05:08,2,Retarde,217,24.42
J000262,2025-09-19,T009,G01,G07,18:54,18:54,0,A l'heure,245,74.03
J000263,2026-08-27,T021,G01,G14,22:54,22:54,0,A l'heure,227,28.66
J000264,2026-01-21,T035,G04,G07,10:24,10:29,5,Retarde,114,20.04
J000265,2026-02-16,T028,G08,G04,08:24,08:24,0,A l'heure,237,52.19
J000266,2026-01-10,T027,G07,G10,06:48,06:51,3,Retarde,193,36.32
J000267,2026-08-14,T005,G08,G15,09:36,09:36,0,A l'heure,258,83.54
J000268,2026-05-19,T017,G11,G03,17:54,17:54,0,A l'heure,403,34.34
J000269,2026-01-05,T025,G03,G11,05:00,05:00,0,A l'heure,129,37.7
J000270,2025-09-12,T033,G06,G13,11:15,11:15,0,A l'heure,129,19.28
J000271,2026-04-09,T004,G15,G05,05:12,05:46,34,Retarde,247,92.24
J000272,2026-07-06,T030,G03,G02,13:48,13:48,0,A l'heure,153,18.84
J000273,2026-08-05,T004,G14,G01,22:21,22:21,0,A l'heure,354,92.05
J000274,2026-04-08,T033,G11,G12,14:48,14:48,0,A l'heure,140,15.01
J000275,2026-08-21,T011,G07,G10,12:48,12:49,1,Retarde,354,69.05
J000276,2026-01-31,T003,G06,G12,13:15,13:15,0,A l'heure,510,93.63
J000277,2026-08-19,T033,G07,G08,09:36,10:52,76,Fortement retarde,135,16.85
J000278,2026-04-02,T013,G14,G04,10:15,10:19,4,Retarde,240,55.06
J000279,2025-09-05,T033,G09,G05,06:24,06:24,0,A l'heure,99,27.89
J000280,2025-11-07,T011,G08,G04,09:18,09:18,0,A l'heure,238,60.13
J000281,2026-06-06,T040,G10,G02,13:18,13:18,0,A l'heure,199,18.45
J000282,2026-08-12,T027,G13,G09,11:18,11:18,0,A l'heure,187,36.18
J000283,2026-02-22,T011,G08,G14,17:30,17:30,0,A l'heure,510,99.0
J000284,2026-08-13,T032,G07,G01,20:42,20:43,1,Retarde,193,22.14
J000285,2026-02-19,T003,G07,G05,11:30,11:30,0,A l'heure,282,84.6
J000286,2026-01-05,T010,G05,G04,17:24,17:26,2,Retarde,378,79.14
J000287,2026-01-07,T032,G02,G14,06:42,06:55,13,Retarde,186,22.49
J000288,2026-06-02,T029,G01,G07,05:24,05:24,0,A l'heure,130,23.22
J000289,2026-03-11,T034,G07,G12,20:00,20:00,0,A l'heure,199,23.74
J000290,2025-11-08,T001,G08,G01,21:18,21:18,0,A l'heure,287,112.9
J000291,2025-12-10,T008,G12,G10,10:12,10:16,4,Retarde,333,54.06
J000292,2025-09-16,T025,G14,G02,21:00,21:41,41,Retarde,238,45.18
J000293,2026-06-15,T013,G07,G13,14:30,14:30,0,A l'heure,113,56.09
J000294,2025-11-05,T001,G06,G07,18:18,18:18,0,A l'heure,279,77.81
J000295,2026-08-14,T002,G09,G14,06:00,06:00,0,A l'heure,76,62.87
J000296,2026-03-29,T006,G02,G06,12:24,12:24,0,A l'heure,451,68.09
J000297,2025-11-16,T028,G07,G11,20:45,20:45,0,A l'heure,275,37.38
J000298,2025-12-15,T038,G06,G08,05:42,05:42,0,A l'heure,102,15.68
J000299,2026-03-18,T003,G05,G01,20:42,20:42,0,A l'heure,258,77.42
J000300,2026-08-28,T036,G04,G01,12:06,12:07,1,Retarde,129,23.98
J000301,2026-06-30,T011,G13,G11,12:00,12:00,0,A l'heure,392,67.88
J000302,2026-01-12,T035,G12,G06,05:06,05:08,2,Retarde,160,26.61
J000303,2026-03-28,T007,G04,G02,05:06,05:41,35,Retarde,447,64.1
J000304,2026-06-03,T014,G01,G13,20:18,20:18,0,A l'heure,221,65.4
J000305,2026-01-21,T005,G06,G03,14:30,14:47,17,Retarde,205,64.86
J000306,2025-12-18,T030,G09,G08,20:18,20:29,11,Retarde,115,22.14
J000307,2026-01-21,T005,G08,G13,09:54,09:54,0,A l'heure,211,62.29
J000308,2025-10-06,T034,G08,G12,07:48,07:48,0,A l'heure,104,23.5
J000309,2026-07-23,T034,G12,G04,17:48,17:48,0,A l'heure,107,22.86
J000310,2026-02-07,T017,G09,G03,17:42,17:43,1,Retarde,485,38.16
J000311,2026-02-23,T002,G09,G12,12:48,12:48,0,A l'heure,370,85.36
J000312,2026-04-17,T032,G09,G05,22:24,22:24,0,A l'heure,137,21.99
J000313,2025-12-30,T028,G14,G15,06:21,06:21,0,A l'heure,261,48.44
J000314,2026-01-02,T012,G09,G15,18:21,18:39,18,Retarde,414,54.62
J000315,2025-10-29,T008,G03,G11,11:48,11:48,0,A l'heure,179,69.59
J000316,2026-01-18,T035,G14,G01,20:45,20:46,1,Retarde,125,23.22
J000317,2026-08-07,T037,G03,G01,20:36,20:36,0,A l'heure,154,21.58
J000318,2026-05-08,T026,G03,G08,18:54,19:02,8,Retarde,280,58.89
J000319,2026-07-19,T026,G01,G08,13:36,13:36,0,A l'heure,185,64.21
J000320,2025-11-22,T001,G15,G06,21:30,21:30,0,A l'heure,468,81.81
J000321,2026-02-06,T037,G10,G11,07:54,08:22,28,Retarde,60,23.6
J000322,2025-09-07,T022,G13,G08,05:54,05:54,0,A l'heure,453,26.08
J000323,2025-09-01,T021,G08,G12,12:24,12:24,0,A l'heure,367,44.13
J000324,2025-12-26,T025,G07,G05,21:15,21:26,11,Retarde,87,39.07
J000325,2025-11-26,T002,G08,G11,09:15,09:15,0,A l'heure,366,90.83
J000326,2026-04-09,T028,G07,G04,10:21,10:21,0,A l'heure,214,60.66
J000327,2026-04-22,T023,G06,G01,18:24,18:24,0,A l'heure,191,56.51
J000328,2026-08-05,T006,G14,G12,11:00,11:01,1,Retarde,290,75.15
J000329,2025-11-13,T007,G06,G13,13:06,13:31,25,Retarde,375,99.49
J000330,2026-01-27,T015,G08,G06,21:54,21:55,1,Retarde,442,39.28
J000331,2026-02-16,T006,G01,G07,16:45,16:53,8,Retarde,262,77.63
J000332,2025-12-08,T004,G04,G05,07:24,07:24,0,A l'heure,409,98.91
J000333,2026-01-07,T039,G05,G14,09:30,09:30,0,A l'heure,142,19.33
J000334,2025-11-28,T027,G01,G14,22:06,22:06,0,A l'heure,199,46.24
J000335,2026-04-13,T019,G07,G03,08:15,08:15,0,A l'heure,359,35.28
J000336,2025-12-16,T011,G12,G05,19:48,19:55,7,Retarde,232,103.64
J000337,2026-01-22,T033,G07,G03,18:00,18:01,1,Retarde,161,17.65
J000338,2026-01-23,T028,G07,G05,21:21,21:21,0,A l'heure,150,57.61
J000339,2026-01-21,T023,G09,G02,13:15,13:15,0,A l'heure,105,48.09
J000340,2026-02-20,T005,G09,G04,19:45,19:58,13,Retarde,413,59.98
J000341,2026-06-14,T012,G02,G09,18:18,18:18,0,A l'heure,374,116.53
J000342,2026-07-17,T003,G06,G04,09:54,09:59,5,Retarde,270,72.45
J000343,2026-05-04,T028,G14,G15,14:00,14:18,18,Retarde,194,37.39
J000344,2026-04-23,T023,G15,G06,19:54,19:54,0,A l'heure,211,56.56
J000345,2026-03-11,T021,G04,G14,22:21,22:21,0,A l'heure,410,30.36
J000346,2025-11-01,T018,G11,G01,09:42,09:45,3,Retarde,430,25.83
J000347,2025-09-13,T023,G05,G10,11:30,11:30,0,A l'heure,271,59.67
J000348,2025-10-04,T040,G04,G02,10:45,10:45,0,A l'heure,191,29.52
J000349,2026-06-09,T008,G03,G04,13:54,13:54,0,A l'heure,197,56.2
J000350,2026-06-19,T017,G01,G09,21:48,22:15,27,Retarde,405,42.99
J000351,2025-09-10,T013,G09,G02,06:30,06:30,0,A l'heure,326,103.53
J000352,2026-06-19,T012,G05,G14,08:48,08:48,0,A l'heure,208,85.73
J000353,2026-03-12,T011,G15,G08,07:24,07:24,0,A l'heure,394,63.26
J000354,2026-05-09,T010,G02,G12,17:30,17:33,3,Retarde,270,104.04
J000355,2025-09-30,T034,G04,G15,15:24,15:24,0,A l'heure,119,28.77
J000356,2025-09-23,T025,G01,G09,13:30,13:30,0,A l'heure,256,52.62
J000357,2025-09-08,T007,G12,G03,05:12,05:12,0,A l'heure,265,81.05
J000358,2026-04-06,T031,G08,G13,09:21,09:22,1,Retarde,187,28.16
J000359,2025-09-21,T030,G14,G15,13:15,13:29,14,Retarde,185,24.22
J000360,2026-05-08,T031,G04,G15,11:36,11:36,0,A l'heure,220,15.06
J000361,2026-03-18,T018,G12,G03,12:42,12:42,0,A l'heure,469,23.84
J000362,2026-01-16,T029,G04,G02,16:18,16:18,0,A l'heure,176,25.32
J000363,2026-08-16,T027,G15,G04,12:12,12:12,0,A l'heure,238,46.07
J000364,2026-01-30,T017,G08,G11,20:06,20:06,0,A l'heure,286,23.21
J000365,2025-09-07,T019,G11,G10,05:21,05:21,0,A l'heure,421,36.1
J000366,2025-09-01,T022,G04,G05,07:12,07:12,0,A l'heure,439,34.68
J000367,2026-02-27,T001,G04,G05,21:21,21:21,0,A l'heure,436,84.12
J000368,2026-08-27,T022,G02,G10,18:06,18:07,1,Retarde,414,31.0
J000369,2026-02-04,T006,G14,G07,22:24,22:53,29,Retarde,351,81.53
J000370,2025-10-25,T035,G06,G10,14:24,14:24,0,A l'heure,153,20.6
J000371,2025-12-11,T002,G04,G13,17:45,17:45,0,A l'heure,269,55.12
J000372,2026-05-08,T011,G14,G03,12:30,12:30,0,A l'heure,271,62.8
J000373,2026-08-04,T036,G13,G09,17:45,17:45,0,A l'heure,65,14.56
J000374,2025-11-21,T034,G07,G03,07:45,07:45,0,A l'heure,137,19.07
J000375,2026-04-26,T039,G12,G08,20:54,20:54,0,A l'heure,145,25.14
J000376,2025-10-28,T028,G15,G03,14:00,14:00,0,A l'heure,168,59.88
J000377,2025-10-12,T024,G13,G02,09:54,09:54,0,A l'heure,178,41.37
J000378,2026-04-26,T008,G04,G08,09:06,09:10,4,Retarde,408,102.26
J000379,2025-11-03,T036,G04,G11,16:45,16:45,0,A l'heure,188,17.87
J000380,2026-03-20,T039,G08,G04,21:12,21:12,0,A l'heure,105,18.86
J000381,2025-09-19,T023,G13,G09,13:45,13:45,0,A l'heure,264,55.61
J000382,2025-11-29,T019,G10,G15,10:42,10:42,0,A l'heure,385,28.61
J000383,2025-12-04,T031,G05,G02,10:18,10:21,3,Retarde,151,28.05
J000384,2025-12-29,T024,G04,G13,12:15,12:15,0,A l'heure,91,47.75
J000385,2026-01-21,T006,G05,G03,09:48,09:48,0,A l'heure,319,55.35
J000386,2025-11-23,T016,G06,G13,07:54,,0,Annule,554,42.13
J000387,2026-05-04,T037,G06,G13,18:21,18:21,0,A l'heure,101,23.65
J000388,2025-11-30,T032,G07,G11,08:48,08:48,0,A l'heure,166,26.74
J000389,2025-11-12,T025,G08,G13,07:45,07:45,0,A l'heure,236,37.83
J000390,2026-01-15,T013,G04,G03,06:21,06:21,0,A l'heure,474,75.32
J000391,2025-09-26,T039,G05,G01,19:30,19:39,9,Retarde,62,23.17
J000392,2025-11-21,T010,G12,G11,09:06,09:06,0,A l'heure,304,68.45
J000393,2026-05-31,T019,G04,G14,14:45,15:43,58,Retarde,339,37.75
J000394,2025-10-01,T011,G14,G13,10:21,10:21,0,A l'heure,352,62.16
J000395,2025-12-16,T031,G01,G15,16:00,16:00,0,A l'heure,163,27.9
J000396,2025-12-03,T028,G05,G10,11:42,11:51,9,Retarde,156,50.87
J000397,2026-04-26,T011,G12,G05,07:48,07:48,0,A l'heure,443,71.34
J000398,2025-10-18,T011,G05,G15,16:36,16:45,9,Retarde,315,62.37
J000399,2026-03-28,T031,G04,G11,20:30,20:30,0,A l'heure,166,19.43
J000400,2025-09-24,T003,G01,G07,09:45,09:45,0,A l'heure,354,96.64
J000401,2025-10-31,T001,G03,G05,15:15,15:15,0,A l'heure,210,55.65
J000402,2026-08-01,T032,G13,G05,13:18,13:23,5,Retarde,190,26.51
J000403,2025-09-25,T004,G11,G01,08:30,08:30,0,A l'heure,245,88.96
J000404,2026-05-06,T020,G02,G09,11:00,,0,Annule,371,43.39
J000405,2026-06-29,T020,G11,G04,08:00,08:00,0,A l'heure,441,25.61
J000406,2025-11-11,T012,G09,G01,15:00,15:00,0,A l'heure,392,72.18
J000407,2026-03-26,T004,G04,G09,07:30,07:56,26,Retarde,324,100.27
J000408,2025-09-02,T004,G13,G14,09:00,09:00,0,A l'heure,392,88.47
J000409,2026-05-04,T024,G14,G12,07:48,07:48,0,A l'heure,216,40.45
J000410,2026-06-24,T022,G13,G11,05:42,05:48,6,Retarde,281,26.76
J000411,2025-11-01,T020,G10,G05,12:15,12:15,0,A l'heure,390,29.17
J000412,2025-12-13,T010,G02,G07,09:18,09:18,0,A l'heure,300,114.77
J000413,2026-07-19,T005,G05,G12,15:15,15:17,2,Retarde,232,92.87
J000414,2026-02-26,T038,G07,G05,17:00,17:01,1,Retarde,146,15.02
J000415,2025-12-18,T028,G02,G01,06:00,06:00,0,A l'heure,159,53.61
J000416,2025-10-22,T014,G07,G06,21:54,21:54,0,A l'heure,374,88.61
J000417,2026-01-30,T020,G13,G08,14:06,14:06,0,A l'heure,413,28.57
J000418,2025-11-09,T007,G02,G05,20:36,20:36,0,A l'heure,288,85.72
J000419,2026-05-24,T029,G07,G06,15:30,15:30,0,A l'heure,161,24.79
J000420,2025-09-10,T006,G13,G07,07:54,07:54,0,A l'heure,342,55.22
J000421,2025-12-27,T024,G01,G03,06:06,06:16,10,Retarde,290,37.2
J000422,2025-10-08,T035,G14,G03,06:06,06:06,0,A l'heure,143,24.59
J000423,2025-11-13,T025,G02,G13,20:54,20:59,5,Retarde,253,38.76
J000424,2025-11-28,T004,G11,G06,13:18,13:18,0,A l'heure,304,67.2
J000425,2026-05-29,T014,G08,G13,19:18,19:18,0,A l'heure,271,93.37
J000426,2026-06-10,T036,G03,G15,10:21,10:21,0,A l'heure,90,19.14
J000427,2026-03-26,T015,G08,G03,15:54,15:54,0,A l'heure,491,30.16
J000428,2026-04-06,T035,G07,G05,07:18,07:18,0,A l'heure,151,16.34
J000429,2026-03-12,T036,G07,G06,05:48,05:48,0,A l'heure,113,14.55
J000430,2026-02-14,T022,G12,G10,10:54,10:54,0,A l'heure,505,40.1
J000431,2026-08-19,T028,G08,G04,14:54,14:54,0,A l'heure,210,51.64
J000432,2025-09-11,T026,G14,G04,09:42,09:43,1,Retarde,186,50.1
J000433,2026-02-08,T034,G12,G02,14:24,14:33,9,Retarde,159,24.94
J000434,2026-04-29,T032,G11,G13,22:06,22:06,0,A l'heure,143,17.74
J000435,2026-05-20,T032,G10,G07,06:00,06:06,6,Retarde,136,16.62
J000436,2025-10-02,T028,G12,G06,20:48,21:32,44,Retarde,184,60.33
J000437,2025-10-26,T004,G07,G04,15:54,,0,Annule,194,75.59
J000438,2025-09-15,T002,G12,G05,20:18,20:30,12,Retarde,305,69.06
J000439,2026-06-24,T028,G13,G14,15:36,15:36,0,A l'heure,188,58.9
J000440,2025-09-08,T002,G01,G03,06:45,06:45,0,A l'heure,290,66.99
J000441,2025-09-26,T032,G12,G11,16:21,16:21,0,A l'heure,101,20.84
J000442,2026-01-28,T019,G05,G12,11:30,11:30,0,A l'heure,320,43.28
J000443,2026-01-03,T018,G09,G05,17:06,17:23,17,Retarde,421,44.98
J000444,2026-03-01,T025,G15,G12,10:30,10:30,0,A l'heure,145,39.47
J000445,2026-06-01,T029,G13,G09,18:18,18:23,5,Retarde,127,23.69
J000446,2026-03-26,T002,G06,G15,18:24,18:35,11,Retarde,439,88.78
J000447,2026-02-10,T039,G15,G02,21:48,21:48,0,A l'heure,106,25.42
J000448,2026-07-14,T025,G11,G08,20:06,20:06,0,A l'heure,232,33.7
J000449,2026-08-20,T034,G03,G14,13:24,13:24,0,A l'heure,150,24.55
J000450,2025-11-23,T025,G01,G05,17:30,17:30,0,A l'heure,240,53.98
J000451,2025-10-20,T010,G14,G08,10:36,10:36,0,A l'heure,400,96.3
J000452,2026-03-21,T026,G07,G15,10:18,10:18,0,A l'heure,280,52.38
J000453,2026-02-04,T025,G08,G14,14:24,14:49,25,Retarde,254,55.09
J000454,2026-02-24,T001,G10,G12,15:45,15:45,0,A l'heure,277,67.97
J000455,2026-04-07,T013,G07,G13,11:06,11:06,0,A l'heure,378,91.82
J000456,2026-01-25,T026,G12,G10,15:42,17:22,100,Fortement retarde,338,62.21
J000457,2025-09-23,T033,G05,G06,10:12,10:12,0,A l'heure,163,26.92
J000458,2026-08-14,T013,G12,G15,09:21,09:21,0,A l'heure,296,63.44
J000459,2026-03-02,T001,G07,G15,07:15,07:15,0,A l'heure,325,69.03
J000460,2026-07-22,T001,G04,G08,21:30,21:40,10,Retarde,331,102.14
J000461,2026-05-24,T012,G10,G08,13:06,13:06,0,A l'heure,355,100.01
J000462,2025-11-09,T006,G12,G14,08:06,08:28,22,Retarde,310,63.5
J000463,2025-12-05,T009,G13,G08,19:24,19:24,0,A l'heure,340,61.18
J000464,2026-06-03,T027,G07,G08,10:18,10:18,0,A l'heure,291,39.44
J000465,2026-03-17,T013,G14,G04,08:42,08:42,0,A l'heure,290,54.98
J000466,2026-07-29,T037,G04,G05,13:48,13:48,0,A l'heure,148,17.44
J000467,2025-10-10,T016,G05,G02,15:48,15:48,0,A l'heure,291,40.11
J000468,2025-12-27,T015,G06,G12,21:30,21:30,0,A l'heure,634,30.17
J000469,2025-10-04,T020,G14,G07,08:42,08:42,0,A l'heure,595,35.59
J000470,2026-04-08,T010,G11,G02,16:06,16:06,0,A l'heure,345,67.57
J000471,2025-09-15,T001,G01,G09,12:42,12:42,0,A l'heure,386,55.16
J000472,2025-12-30,T027,G02,G13,09:36,09:36,0,A l'heure,258,53.45
J000473,2026-07-22,T031,G14,G15,20:48,20:48,0,A l'heure,166,21.24
J000474,2026-03-07,T023,G12,G03,17:48,17:48,0,A l'heure,264,68.59
J000475,2025-10-07,T029,G09,G04,18:30,18:41,11,Retarde,114,28.44
J000476,2026-05-23,T020,G04,G14,22:45,22:45,0,A l'heure,515,47.82
J000477,2025-10-11,T004,G08,G12,17:12,17:13,1,Retarde,391,90.39
J000478,2026-06-02,T007,G12,G04,16:24,16:24,0,A l'heure,333,100.25
J000479,2026-02-22,T040,G03,G04,10:21,10:21,0,A l'heure,135,25.05
J000480,2026-04-30,T009,G04,G02,10:36,10:43,7,Retarde,203,93.21
J000481,2026-04-14,T029,G08,G05,06:45,06:46,1,Retarde,101,17.66
J000482,2026-08-05,T028,G11,G06,08:54,08:54,0,A l'heure,164,37.14
J000483,2026-06-29,T001,G05,G10,07:06,07:06,0,A l'heure,331,73.59
J000484,2025-09-06,T006,G01,G08,09:12,09:12,0,A l'heure,401,69.22
J000485,2026-04-14,T026,G07,G10,21:15,21:15,0,A l'heure,275,32.27
J000486,2026-01-21,T013,G11,G12,22:21,22:21,0,A l'heure,510,91.96
J000487,2026-03-23,T022,G10,G06,05:30,05:30,0,A l'heure,216,43.36
J000488,2026-02-21,T025,G11,G10,12:36,12:36,0,A l'heure,299,50.34
J000489,2026-06-05,T002,G10,G11,19:21,19:21,0,A l'heure,257,83.62
J000490,2026-03-05,T036,G04,G01,11:42,11:42,0,A l'heure,112,20.51
J000491,2026-07-06,T015,G08,G05,12:21,12:21,0,A l'heure,455,38.22
J000492,2026-02-19,T001,G07,G09,19:00,19:01,1,Retarde,226,81.32
J000493,2026-05-03,T025,G04,G01,13:06,13:06,0,A l'heure,347,69.89
J000494,2025-09-01,T009,G10,G06,07:54,07:54,0,A l'heure,414,99.56
J000495,2025-12-13,T019,G07,G11,22:12,22:29,17,Retarde,451,29.43
J000496,2026-03-08,T020,G01,G13,17:24,17:32,8,Retarde,471,29.2
J000497,2026-05-27,T006,G03,G08,19:42,19:42,0,A l'heure,263,94.27
J000498,2026-03-19,T022,G10,G07,17:45,17:45,0,A l'heure,484,31.05
J000499,2026-01-26,T013,G06,G08,14:48,14:55,7,Retarde,221,69.99
J000500,2025-11-15,T003,G08,G05,10:30,10:30,0,A l'heure,356,114.21
J000501,2025-11-25,T024,G10,G08,14:42,14:42,0,A l'heure,80,50.13
J000502,2025-10-05,T032,G07,G01,11:00,11:00,0,A l'heure,113,19.5
J000503,2026-05-30,T009,G14,G03,06:48,06:48,0,A l'heure,274,116.27
J000504,2025-09-26,T005,G13,G12,05:30,05:46,16,Retarde,319,68.41
J000505,2026-08-28,T028,G02,G08,09:54,09:54,0,A l'heure,181,43.54
J000506,2026-08-15,T026,G02,G05,15:06,15:18,12,Retarde,316,36.87
J000507,2026-08-20,T020,G10,G03,16:18,16:18,0,A l'heure,233,30.73
J000508,2025-11-20,T018,G04,G02,07:24,07:40,16,Retarde,430,27.72
J000509,2026-07-07,T004,G04,G01,13:42,13:42,0,A l'heure,181,96.3
J000510,2026-03-16,T013,G07,G05,15:12,15:12,0,A l'heure,271,83.84
J000511,2025-11-09,T007,G05,G04,21:30,21:30,0,A l'heure,368,86.88
J000512,2026-05-22,T013,G15,G01,21:12,21:12,0,A l'heure,353,93.42
J000513,2026-05-13,T027,G15,G04,16:30,16:55,25,Retarde,209,47.0
J000514,2026-01-22,T003,G13,G07,16:18,16:35,17,Retarde,145,91.18
J000515,2026-06-02,T037,G10,G03,13:24,13:24,0,A l'heure,160,24.73
J000516,2026-05-03,T008,G04,G07,08:30,08:30,0,A l'heure,469,77.32
J000517,2026-02-02,T016,G15,G05,19:24,19:25,1,Retarde,219,40.08
J000518,2026-05-12,T030,G10,G14,19:48,19:48,0,A l'heure,119,20.44
J000519,2026-06-25,T002,G03,G14,12:21,12:21,0,A l'heure,248,71.21
J000520,2026-05-25,T012,G06,G10,06:18,06:18,0,A l'heure,343,84.09
J000521,2026-02-22,T008,G03,G02,06:42,06:45,3,Retarde,435,95.15
J000522,2026-05-09,T014,G11,G03,14:48,14:48,0,A l'heure,303,78.09
J000523,2026-08-18,T004,G05,G14,17:00,17:03,3,Retarde,369,92.08
J000524,2026-06-08,T014,G11,G10,10:15,10:15,0,A l'heure,227,77.14
J000525,2026-04-06,T032,G10,G15,20:21,20:22,1,Retarde,178,25.9
J000526,2026-05-25,T026,G06,G08,19:36,19:36,0,A l'heure,256,31.02
J000527,2026-06-04,T035,G08,G02,17:12,17:12,0,A l'heure,121,19.92
J000528,2025-12-03,T018,G08,G12,06:00,06:17,17,Retarde,450,33.02
J000529,2026-01-28,T001,G09,G11,21:00,21:00,0,A l'heure,309,66.57
J000530,2026-01-23,T013,G01,G08,07:36,07:36,0,A l'heure,283,79.9
J000531,2025-11-13,T039,G09,G07,17:15,17:15,0,A l'heure,110,23.21
J000532,2026-04-27,T038,G14,G09,17:48,17:48,0,A l'heure,100,21.37
J000533,2026-04-27,T033,G07,G14,06:48,06:48,0,A l'heure,145,24.82
J000534,2026-07-03,T025,G02,G15,21:15,21:15,0,A l'heure,211,35.72
J000535,2025-09-26,T009,G13,G02,19:48,19:48,0,A l'heure,298,61.88
J000536,2026-02-11,T022,G11,G02,18:12,18:30,18,Retarde,460,35.11
J000537,2026-01-02,T028,G03,G02,06:12,06:22,10,Retarde,256,35.05
J000538,2026-07-16,T023,G13,G14,17:30,17:30,0,A l'heure,199,60.08
J000539,2026-01-24,T030,G01,G10,18:42,18:42,0,A l'heure,220,27.41
J000540,2026-06-30,T040,G01,G10,07:24,07:24,0,A l'heure,123,26.7
J000541,2026-04-09,T008,G05,G01,19:15,19:15,0,A l'heure,323,96.0
J000542,2025-09-12,T034,G11,G05,15:24,15:31,7,Retarde,120,18.48
J000543,2026-05-16,T028,G08,G13,14:18,15:03,45,Retarde,212,65.11
J000544,2025-09-16,T036,G02,G06,14:21,14:24,3,Retarde,130,19.52
J000545,2025-09-15,T006,G02,G10,21:54,22:02,8,Retarde,372,56.39
J000546,2025-09-28,T008,G04,G03,18:30,18:31,1,Retarde,211,91.68
J000547,2025-12-01,T019,G05,G11,17:12,,0,Annule,368,34.8
J000548,2026-08-10,T031,G03,G14,05:36,05:36,0,A l'heure,123,26.2
J000549,2026-02-09,T025,G01,G04,21:45,21:56,11,Retarde,231,49.2
J000550,2025-11-13,T033,G11,G12,21:30,21:30,0,A l'heure,105,27.65
J000551,2025-12-27,T038,G14,G02,06:48,06:49,1,Retarde,165,25.03
J000552,2025-10-17,T036,G07,G09,05:06,05:06,0,A l'heure,92,28.07
J000553,2026-05-24,T036,G12,G14,14:21,14:21,0,A l'heure,149,17.42
J000554,2026-05-11,T010,G12,G08,20:54,20:54,0,A l'heure,381,64.62
J000555,2026-07-23,T027,G11,G09,22:54,22:54,0,A l'heure,167,34.86
J000556,2025-12-13,T002,G15,G11,20:06,20:06,0,A l'heure,284,69.95
J000557,2026-05-23,T008,G06,G11,21:12,21:12,0,A l'heure,293,88.0
J000558,2026-08-01,T021,G01,G02,14:15,14:15,0,A l'heure,388,30.94
J000559,2025-11-30,T021,G12,G02,16:00,16:00,0,A l'heure,463,29.8
J000560,2026-06-19,T028,G06,G13,19:42,19:42,0,A l'heure,260,48.5
J000561,2026-01-14,T016,G14,G08,20:42,20:42,0,A l'heure,141,25.77
J000562,2026-06-10,T038,G10,G03,22:24,,0,Annule,125,18.79
J000563,2025-11-27,T025,G10,G03,09:18,09:18,0,A l'heure,209,37.6
J000564,2025-12-22,T039,G05,G09,19:48,20:02,14,Retarde,88,26.33
J000565,2026-01-05,T012,G04,G06,10:21,10:21,0,A l'heure,276,57.7
J000566,2026-01-18,T028,G14,G01,13:24,13:25,1,Retarde,133,57.8
J000567,2025-11-25,T022,G10,G13,11:36,11:36,0,A l'heure,296,31.83
J000568,2025-12-29,T015,G10,G03,08:54,08:54,0,A l'heure,332,37.15
J000569,2025-10-05,T010,G14,G15,21:54,21:54,0,A l'heure,248,98.94
J000570,2025-11-26,T036,G04,G06,16:45,16:54,9,Retarde,112,17.88
J000571,2025-12-29,T012,G06,G13,18:12,18:12,0,A l'heure,274,96.22
J000572,2025-10-10,T030,G02,G04,05:15,05:15,0,A l'heure,97,26.73
J000573,2026-05-04,T001,G12,G02,13:45,13:45,0,A l'heure,260,73.41
J000574,2026-06-04,T016,G13,G09,07:18,07:18,0,A l'heure,362,25.13
J000575,2026-04-24,T013,G02,G09,12:48,12:53,5,Retarde,319,92.22
J000576,2026-05-26,T017,G05,G14,05:30,06:12,42,Retarde,436,39.66
J000577,2026-07-10,T027,G09,G05,13:24,13:24,0,A l'heure,222,41.53
J000578,2025-09-11,T008,G14,G08,12:54,12:54,0,A l'heure,321,102.96
J000579,2026-02-16,T030,G04,G03,10:12,10:13,1,Retarde,127,25.14
J000580,2026-05-23,T021,G01,G13,12:00,12:28,28,Retarde,431,46.72
J000581,2026-08-25,T027,G02,G03,18:12,18:44,32,Retarde,202,35.35
J000582,2026-07-07,T018,G11,G01,20:12,20:13,1,Retarde,303,37.59
J000583,2026-05-30,T034,G10,G12,22:36,22:36,0,A l'heure,172,27.22
J000584,2025-11-25,T035,G10,G03,20:24,20:24,0,A l'heure,117,28.48
J000585,2026-08-01,T008,G07,G13,10:00,10:00,0,A l'heure,202,98.77
J000586,2025-12-27,T030,G06,G15,21:48,21:48,0,A l'heure,135,30.87
J000587,2026-05-22,T028,G05,G07,13:45,13:45,0,A l'heure,269,43.98
J000588,2025-11-18,T012,G05,G10,16:54,16:54,0,A l'heure,162,84.39
J000589,2026-02-22,T014,G04,G13,08:12,08:12,0,A l'heure,276,76.02
J000590,2025-09-20,T039,G04,G11,20:18,20:18,0,A l'heure,217,19.88
J000591,2026-02-06,T019,G01,G02,05:18,05:24,6,Retarde,393,32.79
J000592,2026-06-20,T023,G04,G15,13:06,13:06,0,A l'heure,317,65.8
J000593,2026-02-12,T023,G02,G15,07:15,07:19,4,Retarde,221,42.82
J000594,2026-01-03,T038,G10,G15,12:48,12:48,0,A l'heure,134,17.14
J000595,2026-05-06,T027,G05,G12,07:00,07:00,0,A l'heure,226,53.51
J000596,2026-08-30,T031,G02,G06,10:18,10:18,0,A l'heure,192,28.63
J000597,2026-02-03,T010,G01,G08,18:45,18:45,0,A l'heure,307,76.88
J000598,2026-06-11,T036,G12,G04,13:54,13:54,0,A l'heure,112,18.68
J000599,2026-02-08,T018,G12,G02,08:00,08:05,5,Retarde,422,40.36
J000600,2026-01-04,T035,G01,G05,12:30,12:30,0,A l'heure,176,25.55
J000601,2026-06-10,T025,G11,G05,06:42,06:50,8,Retarde,180,40.02
J000602,2026-01-04,T005,G05,G07,16:15,16:24,9,Retarde,282,67.65
J000603,2025-09-07,T009,G05,G10,09:21,09:21,0,A l'heure,313,86.3
J000604,2026-07-15,T016,G11,G09,21:06,21:06,0,A l'heure,253,33.21
J000605,2026-02-21,T022,G14,G12,12:36,12:36,0,A l'heure,454,38.74
J000606,2026-03-05,T034,G14,G08,07:21,07:21,0,A l'heure,96,17.49
J000607,2025-12-04,T026,G11,G08,12:36,,0,Annule,170,43.49
J000608,2025-12-10,T031,G08,G01,18:36,18:36,0,A l'heure,156,22.83
J000609,2025-10-30,T035,G06,G15,10:42,10:42,0,A l'heure,146,14.64
J000610,2026-08-15,T038,G12,G11,14:18,14:18,0,A l'heure,122,30.51
J000611,2025-10-28,T018,G08,G12,08:21,08:21,0,A l'heure,225,31.55
J000612,2026-02-07,T019,G01,G11,12:30,12:30,0,A l'heure,444,49.99
J000613,2025-11-20,T001,G07,G10,09:42,09:42,0,A l'heure,157,66.28
J000614,2026-05-15,T016,G08,G15,22:21,22:21,0,A l'heure,420,40.02
J000615,2025-10-07,T024,G14,G11,10:00,10:06,6,Retarde,218,30.73
J000616,2025-10-27,T033,G13,G10,05:48,05:48,0,A l'heure,164,20.09
J000617,2025-10-14,T006,G01,G05,16:21,16:28,7,Retarde,266,58.52
J000618,2026-08-13,T006,G13,G02,14:24,14:24,0,A l'heure,287,78.28
J000619,2026-08-08,T011,G14,G02,18:48,18:48,0,A l'heure,233,86.26
J000620,2026-02-06,T014,G10,G14,14:15,14:37,22,Retarde,361,63.54
J000621,2026-07-22,T016,G11,G09,11:30,11:30,0,A l'heure,402,41.66
J000622,2025-10-10,T034,G03,G02,06:42,06:42,0,A l'heure,188,18.44
J000623,2026-05-06,T011,G07,G15,17:12,17:12,0,A l'heure,298,93.2
J000624,2025-12-15,T026,G11,G07,21:12,21:23,11,Retarde,203,34.1
J000625,2026-06-19,T009,G11,G04,07:12,07:12,0,A l'heure,228,94.37
J000626,2026-05-02,T005,G07,G06,15:48,15:48,0,A l'heure,398,76.29
J000627,2025-11-09,T019,G09,G14,11:48,11:48,0,A l'heure,402,45.28
J000628,2026-06-15,T027,G04,G13,09:15,09:22,7,Retarde,301,49.6
J000629,2026-01-18,T035,G03,G08,05:15,05:21,6,Retarde,136,29.53
J000630,2026-05-11,T027,G09,G13,15:12,15:22,10,Retarde,160,37.6
J000631,2025-09-30,T010,G07,G13,11:36,11:36,0,A l'heure,219,64.67
J000632,2025-09-04,T014,G04,G11,05:18,05:18,0,A l'heure,239,84.59
J000633,2026-05-10,T013,G02,G12,20:48,20:48,0,A l'heure,255,108.35
J000634,2026-07-30,T005,G09,G05,18:12,18:12,0,A l'heure,334,69.31
J000635,2025-11-13,T008,G09,G10,21:15,21:15,0,A l'heure,309,70.48
J000636,2025-11-21,T013,G02,G10,21:12,21:12,0,A l'heure,335,63.34
J000637,2026-04-22,T031,G10,G08,07:54,07:54,0,A l'heure,135,24.51
J000638,2025-11-25,T009,G13,G01,16:24,16:24,0,A l'heure,232,67.15
J000639,2026-02-26,T020,G12,G08,15:54,16:04,10,Retarde,370,36.62
J000640,2026-02-06,T032,G07,G05,12:18,12:18,0,A l'heure,124,26.66
J000641,2025-12-22,T021,G01,G15,16:15,16:17,2,Retarde,394,27.79
J000642,2025-12-25,T008,G04,G03,14:21,14:21,0,A l'heure,453,95.19
J000643,2026-06-22,T040,G14,G03,09:48,09:48,0,A l'heure,145,18.36
J000644,2026-03-20,T029,G06,G01,22:30,22:30,0,A l'heure,139,18.75
J000645,2025-12-13,T037,G03,G07,14:54,14:54,0,A l'heure,157,21.43
J000646,2026-02-13,T010,G07,G09,21:24,21:25,1,Retarde,301,70.2
J000647,2026-01-30,T007,G13,G11,15:21,15:21,0,A l'heure,246,92.76
J000648,2026-08-09,T030,G15,G06,19:15,19:15,0,A l'heure,111,22.59
J000649,2025-09-06,T023,G15,G02,17:48,18:33,45,Retarde,282,35.76
J000650,2026-06-29,T030,G10,G14,08:21,08:21,0,A l'heure,136,26.45
J000651,2026-06-01,T025,G03,G05,18:18,18:18,0,A l'heure,259,53.71
J000652,2026-03-04,T017,G15,G14,17:36,17:36,0,A l'heure,301,34.78
J000653,2025-10-16,T018,G09,G01,08:45,08:52,7,Retarde,246,33.1
J000654,2026-03-02,T039,G13,G06,14:00,14:00,0,A l'heure,110,23.35
J000655,2026-05-30,T013,G01,G09,21:15,21:23,8,Retarde,357,76.35
J000656,2025-10-03,T006,G05,G01,22:24,22:24,0,A l'heure,291,68.89
J000657,2025-09-29,T019,G09,G08,10:54,10:55,1,Retarde,403,38.83
J000658,2026-05-31,T012,G08,G14,09:06,09:06,0,A l'heure,366,109.87
J000659,2026-07-23,T007,G14,G01,05:15,05:15,0,A l'heure,274,86.21
J000660,2025-09-02,T024,G09,G03,09:36,09:36,0,A l'heure,191,46.53
J000661,2026-05-30,T023,G14,G07,15:12,15:12,0,A l'heure,249,69.02
J000662,2026-01-04,T011,G11,G10,18:42,18:42,0,A l'heure,432,69.98
J000663,2026-04-22,T007,G07,G05,05:54,05:56,2,Retarde,239,64.75
J000664,2026-07-30,T031,G01,G03,10:21,10:21,0,A l'heure,144,18.62
J000665,2026-01-04,T005,G02,G01,15:48,15:48,0,A l'heure,446,68.03
J000666,2025-11-10,T015,G01,G02,06:15,06:42,27,Retarde,349,38.36
J000667,2026-01-23,T008,G09,G10,06:42,06:42,0,A l'heure,241,67.91
J000668,2026-02-16,T040,G14,G07,20:36,20:36,0,A l'heure,176,26.23
J000669,2026-01-21,T003,G02,G08,09:00,09:04,4,Retarde,254,74.19
J000670,2026-04-26,T040,G08,G12,10:30,10:30,0,A l'heure,63,17.38
J000671,2025-10-17,T035,G11,G05,21:06,21:07,1,Retarde,181,19.9
J000672,2026-03-30,T037,G07,G15,21:42,21:42,0,A l'heure,143,18.76
J000673,2026-08-13,T016,G15,G14,08:45,08:57,12,Retarde,188,29.84
J000674,2026-07-12,T022,G10,G02,12:36,13:06,30,Retarde,634,32.52
J000675,2025-09-27,T023,G12,G02,16:42,16:42,0,A l'heure,248,69.87
J000676,2025-11-07,T039,G09,G11,22:15,22:15,0,A l'heure,152,23.59
J000677,2026-03-17,T016,G06,G10,05:06,05:06,0,A l'heure,456,36.61
J000678,2025-09-16,T015,G13,G15,11:06,11:06,0,A l'heure,278,32.21
J000679,2025-12-05,T031,G03,G06,18:15,18:15,0,A l'heure,140,24.41
J000680,2026-06-30,T011,G04,G11,09:15,09:15,0,A l'heure,387,82.29
J000681,2026-05-13,T003,G05,G12,18:42,18:42,0,A l'heure,325,91.16
J000682,2026-04-26,T026,G11,G08,19:48,20:04,16,Retarde,350,63.59
J000683,2026-07-07,T004,G10,G06,07:45,08:13,28,Retarde,356,95.07
J000684,2025-10-24,T024,G01,G13,13:54,13:54,0,A l'heure,220,51.13
J000685,2025-10-30,T029,G05,G04,08:30,08:30,0,A l'heure,143,17.12
J000686,2026-06-12,T003,G05,G12,16:06,16:06,0,A l'heure,336,81.22
J000687,2025-09-03,T040,G07,G06,13:06,13:06,0,A l'heure,164,24.3
J000688,2026-05-07,T021,G02,G07,09:12,09:12,0,A l'heure,325,38.74
J000689,2026-06-03,T007,G06,G08,09:24,09:24,0,A l'heure,223,61.81
J000690,2026-02-19,T012,G12,G11,11:00,11:01,1,Retarde,303,77.45
J000691,2026-08-03,T001,G12,G11,21:06,21:42,36,Retarde,386,70.58
J000692,2026-04-29,T033,G01,G10,10:21,10:21,0,A l'heure,95,17.34
J000693,2025-09-27,T007,G01,G15,07:18,07:31,13,Retarde,386,109.23
J000694,2026-03-16,T030,G07,G12,16:21,16:21,0,A l'heure,194,16.91
J000695,2025-11-04,T022,G14,G15,08:00,08:00,0,A l'heure,472,24.88
J000696,2026-05-29,T031,G01,G10,10:00,10:01,1,Retarde,60,23.51
J000697,2026-06-15,T038,G10,G01,08:48,08:48,0,A l'heure,137,22.65
J000698,2025-09-10,T031,G10,G15,06:00,06:00,0,A l'heure,125,27.54
J000699,2026-04-17,T006,G11,G14,12:36,12:36,0,A l'heure,448,68.82
J000700,2025-12-01,T015,G11,G07,21:54,21:54,0,A l'heure,361,26.23
J000701,2026-02-18,T005,G09,G08,16:18,16:18,0,A l'heure,276,92.87
J000702,2025-10-07,T019,G13,G03,16:24,16:24,0,A l'heure,476,44.38
J000703,2026-02-09,T008,G03,G09,07:36,07:36,0,A l'heure,246,87.02
J000704,2026-08-01,T035,G01,G08,21:15,21:15,0,A l'heure,197,22.24
J000705,2026-07-03,T021,G07,G13,11:21,11:22,1,Retarde,370,43.94
J000706,2026-04-07,T001,G12,G10,12:30,12:30,0,A l'heure,399,84.33
J000707,2026-07-22,T019,G15,G11,10:54,10:54,0,A l'heure,350,42.09
J000708,2025-12-31,T023,G14,G01,11:36,11:36,0,A l'heure,323,33.48
J000709,2026-06-03,T038,G04,G03,09:36,09:36,0,A l'heure,125,16.53
J000710,2026-03-02,T028,G13,G10,11:48,11:48,0,A l'heure,263,50.97
J000711,2026-02-18,T031,G04,G13,17:30,17:30,0,A l'heure,185,28.09
J000712,2025-12-17,T003,G06,G04,15:24,15:24,0,A l'heure,364,82.4
J000713,2025-11-28,T023,G09,G01,16:36,16:36,0,A l'heure,280,46.56
J000714,2026-07-25,T012,G07,G13,13:48,13:48,0,A l'heure,387,95.56
J000715,2026-04-09,T029,G07,G08,05:21,05:21,0,A l'heure,128,17.67
J000716,2026-07-03,T004,G03,G10,22:30,22:30,0,A l'heure,240,85.37
J000717,2026-07-18,T001,G03,G10,15:18,15:19,1,Retarde,422,70.55
J000718,2025-09-26,T007,G15,G11,20:06,20:06,0,A l'heure,223,54.5
J000719,2025-10-16,T016,G09,G03,19:36,19:36,0,A l'heure,491,35.4
J000720,2026-02-06,T040,G13,G11,10:12,10:13,1,Retarde,95,18.56
J000721,2026-06-18,T037,G14,G04,19:12,19:12,0,A l'heure,134,22.01
J000722,2025-11-16,T002,G15,G02,22:42,22:42,0,A l'heure,394,109.57
J000723,2026-05-08,T035,G14,G10,11:36,11:36,0,A l'heure,178,22.72
J000724,2026-01-14,T016,G08,G05,20:48,20:48,0,A l'heure,272,31.82
J000725,2026-04-23,T003,G12,G01,08:54,09:03,9,Retarde,251,96.49
J000726,2025-12-16,T001,G11,G03,08:06,08:18,12,Retarde,334,57.06
J000727,2026-05-01,T031,G12,G01,14:06,14:11,5,Retarde,195,25.52
J000728,2026-08-25,T013,G06,G14,22:36,22:36,0,A l'heure,333,103.83
J000729,2026-05-27,T005,G02,G15,18:18,18:18,0,A l'heure,219,97.84
J000730,2025-12-27,T040,G01,G12,12:48,12:48,0,A l'heure,152,27.83
J000731,2026-02-26,T007,G11,G14,22:48,23:14,26,Retarde,199,85.3
J000732,2026-07-25,T013,G09,G13,11:36,11:36,0,A l'heure,314,117.73
J000733,2026-06-04,T002,G15,G01,11:15,11:17,2,Retarde,310,77.65
J000734,2025-09-20,T001,G07,G11,17:06,17:26,20,Retarde,231,84.51
J000735,2026-04-23,T025,G14,G06,11:45,11:56,11,Retarde,226,37.19
J000736,2026-05-17,T028,G06,G11,17:30,17:32,2,Retarde,311,51.22
J000737,2025-10-03,T010,G02,G13,18:45,18:52,7,Retarde,341,87.92
J000738,2025-10-12,T007,G06,G13,21:45,21:45,0,A l'heure,396,99.24
J000739,2026-06-19,T017,G08,G06,15:36,15:36,0,A l'heure,306,38.2
J000740,2025-09-23,T015,G11,G12,11:42,11:42,0,A l'heure,319,38.45
J000741,2025-11-30,T032,G07,G08,10:21,10:21,0,A l'heure,129,30.56
J000742,2025-11-03,T005,G03,G08,13:18,13:18,0,A l'heure,434,79.32
J000743,2026-07-20,T027,G12,G08,10:45,11:23,38,Retarde,106,45.98
J000744,2025-11-12,T004,G14,G05,09:18,09:18,0,A l'heure,373,76.04
J000745,2026-07-17,T038,G02,G14,08:42,08:43,1,Retarde,112,26.22
J000746,2026-03-07,T027,G02,G13,13:30,13:30,0,A l'heure,259,57.54
J000747,2026-03-31,T027,G10,G12,10:18,10:19,1,Retarde,205,39.2
J000748,2025-10-27,T019,G09,G12,06:12,06:12,0,A l'heure,440,38.36
J000749,2025-11-18,T013,G05,G14,09:24,09:31,7,Retarde,285,60.22
J000750,2025-10-01,T039,G11,G12,07:54,07:54,0,A l'heure,99,14.8
J000751,2025-10-22,T005,G12,G10,20:21,20:21,0,A l'heure,269,59.2
J000752,2026-02-17,T033,G08,G12,09:48,09:48,0,A l'heure,146,16.32
J000753,2026-03-21,T005,G11,G15,14:30,14:30,0,A l'heure,321,106.28
J000754,2025-12-16,T010,G04,G12,14:24,14:24,0,A l'heure,336,81.2
J000755,2026-05-25,T033,G07,G03,19:36,19:36,0,A l'heure,125,18.86
J000756,2025-12-07,T004,G09,G13,09:30,09:30,0,A l'heure,331,109.79
J000757,2026-06-19,T024,G04,G11,07:18,07:18,0,A l'heure,173,50.69
J000758,2026-04-26,T031,G08,G12,21:18,21:18,0,A l'heure,144,23.68
J000759,2025-10-02,T022,G03,G10,06:21,06:21,0,A l'heure,348,33.55
J000760,2026-05-12,T039,G03,G10,09:15,09:15,0,A l'heure,90,25.91
J000761,2026-05-28,T002,G06,G05,14:24,14:32,8,Retarde,186,60.33
J000762,2026-03-02,T037,G14,G01,07:30,07:32,2,Retarde,175,15.02
J000763,2026-08-15,T039,G06,G15,13:36,13:46,10,Retarde,184,22.79
J000764,2026-06-25,T038,G02,G12,06:48,06:53,5,Retarde,112,16.65
J000765,2026-04-14,T020,G01,G08,16:54,17:00,6,Retarde,600,22.63
J000766,2025-10-14,T022,G12,G03,17:00,17:00,0,A l'heure,489,43.65
J000767,2026-05-26,T036,G07,G15,07:36,07:57,21,Retarde,192,27.7
J000768,2026-01-13,T017,G04,G13,05:21,05:21,0,A l'heure,480,42.04
J000769,2026-05-29,T012,G14,G07,08:45,,0,Annule,270,103.83
J000770,2026-01-20,T019,G06,G12,19:21,19:21,0,A l'heure,372,32.07
J000771,2026-06-09,T034,G09,G03,09:15,09:15,0,A l'heure,145,26.04
J000772,2026-04-20,T030,G01,G02,20:21,20:21,0,A l'heure,183,26.93
J000773,2025-09-09,T010,G05,G08,10:30,10:31,1,Retarde,336,94.17
J000774,2026-04-17,T029,G02,G15,16:18,16:18,0,A l'heure,152,14.88
J000775,2026-08-10,T004,G02,G09,06:36,06:36,0,A l'heure,156,89.92
J000776,2025-10-13,T003,G11,G12,05:36,05:36,0,A l'heure,157,79.95
J000777,2026-03-15,T006,G10,G01,14:42,14:58,16,Retarde,259,118.39
J000778,2026-01-13,T002,G01,G03,21:30,21:30,0,A l'heure,305,101.51
J000779,2026-02-20,T031,G07,G08,11:36,11:37,1,Retarde,108,24.29
J000780,2025-09-25,T040,G03,G02,09:18,,0,Annule,150,16.08
J000781,2025-12-23,T026,G05,G02,18:15,18:15,0,A l'heure,251,36.19
J000782,2026-02-10,T007,G14,G04,17:12,17:12,0,A l'heure,311,83.83
J000783,2026-05-26,T031,G15,G10,10:42,10:42,0,A l'heure,94,19.56
J000784,2026-02-02,T034,G15,G13,08:06,08:06,0,A l'heure,129,27.81
J000785,2026-08-03,T023,G11,G03,11:12,11:18,6,Retarde,195,51.64
J000786,2026-02-03,T016,G08,G10,15:21,15:21,0,A l'heure,158,38.23
J000787,2026-08-29,T015,G09,G06,12:00,12:00,0,A l'heure,508,30.87
J000788,2026-05-21,T001,G01,G02,07:15,07:15,0,A l'heure,355,59.08
J000789,2026-06-08,T020,G13,G03,05:06,05:17,11,Retarde,556,33.73
J000790,2026-03-23,T013,G07,G06,13:12,13:12,0,A l'heure,277,67.08
J000791,2026-03-09,T034,G01,G13,05:24,05:24,0,A l'heure,181,16.64
J000792,2026-05-12,T014,G11,G10,11:12,11:12,0,A l'heure,193,81.38
J000793,2026-04-27,T021,G01,G03,07:48,07:48,0,A l'heure,229,42.74
J000794,2026-06-26,T039,G15,G07,19:12,19:12,0,A l'heure,153,24.03
J000795,2026-08-19,T023,G13,G02,16:00,16:00,0,A l'heure,227,33.17
J000796,2026-08-18,T026,G03,G04,11:36,11:36,0,A l'heure,165,43.45
J000797,2026-03-31,T037,G06,G05,21:54,21:54,0,A l'heure,103,27.14
J000798,2025-09-20,T027,G07,G10,13:42,13:42,0,A l'heure,183,62.97
J000799,2026-06-25,T002,G01,G07,13:00,13:00,0,A l'heure,273,89.81
J000800,2026-04-28,T027,G10,G04,08:42,08:42,0,A l'heure,195,42.24
J000801,2025-11-11,T034,G07,G02,15:45,15:49,4,Retarde,206,27.77
J000802,2026-08-28,T038,G08,G13,16:06,16:31,25,Retarde,105,28.3
J000803,2026-07-06,T020,G12,G04,14:30,14:35,5,Retarde,535,30.23
J000804,2025-10-28,T035,G03,G01,10:45,10:46,1,Retarde,129,22.05
J000805,2026-04-23,T020,G05,G11,15:54,15:54,0,A l'heure,493,35.79
J000806,2026-07-06,T034,G06,G04,18:30,18:30,0,A l'heure,138,28.19
J000807,2026-07-06,T019,G08,G04,18:48,18:48,0,A l'heure,331,38.39
J000808,2026-07-28,T040,G06,G08,06:48,06:48,0,A l'heure,121,28.15
J000809,2026-05-28,T020,G06,G11,17:48,18:12,24,Retarde,420,33.6
J000810,2026-08-11,T017,G06,G11,06:24,06:24,0,A l'heure,381,34.05
J000811,2026-07-27,T035,G07,G02,11:36,11:36,0,A l'heure,106,28.42
J000812,2025-12-13,T034,G07,G05,16:12,16:12,0,A l'heure,136,24.22
J000813,2026-01-12,T035,G11,G08,16:21,16:21,0,A l'heure,117,16.25
J000814,2025-11-13,T016,G11,G14,12:06,12:06,0,A l'heure,358,35.87
J000815,2026-02-17,T032,G12,G01,07:00,07:03,3,Retarde,126,21.95
J000816,2026-05-23,T005,G03,G08,16:54,16:54,0,A l'heure,505,60.88
J000817,2026-02-26,T018,G06,G12,22:24,22:24,0,A l'heure,257,42.07
J000818,2026-01-03,T005,G08,G10,16:24,16:55,31,Retarde,371,66.64
J000819,2026-08-05,T019,G06,G04,07:54,07:54,0,A l'heure,418,35.82
J000820,2026-03-05,T005,G10,G06,20:18,20:35,17,Retarde,338,95.57
J000821,2025-09-07,T010,G12,G13,07:15,07:15,0,A l'heure,372,77.46
J000822,2026-02-27,T037,G01,G10,12:15,12:15,0,A l'heure,65,24.82
J000823,2026-08-03,T029,G08,G12,09:12,09:12,0,A l'heure,91,26.72
J000824,2026-05-27,T035,G06,G11,16:54,16:58,4,Retarde,79,22.59
J000825,2026-07-28,T002,G02,G09,19:15,19:15,0,A l'heure,291,76.19
J000826,2026-05-27,T032,G06,G15,05:54,06:01,7,Retarde,136,28.67
J000827,2025-12-31,T027,G06,G04,20:30,20:31,1,Retarde,109,41.77
J000828,2026-07-31,T027,G03,G04,06:18,06:24,6,Retarde,158,59.06
J000829,2026-07-22,T024,G04,G01,15:42,15:42,0,A l'heure,203,34.94
J000830,2026-05-26,T026,G01,G12,21:36,21:36,0,A l'heure,245,44.04
J000831,2025-10-07,T009,G05,G01,11:06,11:06,0,A l'heure,298,56.35
J000832,2026-08-29,T017,G05,G14,10:42,10:42,0,A l'heure,515,28.93
J000833,2026-08-05,T021,G09,G14,18:15,18:15,0,A l'heure,398,28.2
J000834,2025-09-13,T039,G13,G02,05:30,05:30,0,A l'heure,220,20.54
J000835,2026-06-21,T004,G02,G13,07:06,07:08,2,Retarde,510,86.86
J000836,2025-10-14,T005,G08,G06,14:54,14:54,0,A l'heure,222,78.09
J000837,2025-12-17,T036,G09,G10,17:00,17:00,0,A l'heure,106,23.4
J000838,2026-06-04,T038,G03,G08,12:54,13:11,17,Retarde,172,16.96
J000839,2026-03-26,T011,G05,G08,05:00,05:02,2,Retarde,409,74.61
J000840,2026-08-31,T040,G14,G05,18:18,18:18,0,A l'heure,97,20.07
J000841,2026-08-31,T005,G08,G01,09:18,09:19,1,Retarde,404,57.65
J000842,2026-05-20,T020,G05,G03,12:15,12:15,0,A l'heure,521,25.21
J000843,2026-08-10,T035,G07,G05,09:00,,0,Annule,105,14.58
J000844,2026-04-23,T040,G04,G15,14:30,14:30,0,A l'heure,118,15.27
J000845,2025-11-21,T024,G09,G14,19:21,19:21,0,A l'heure,240,42.14
J000846,2026-06-26,T029,G10,G04,15:12,15:12,0,A l'heure,58,15.44
J000847,2025-11-03,T037,G05,G01,10:42,10:52,10,Retarde,125,19.83
J000848,2026-08-16,T032,G10,G02,14:45,14:45,0,A l'heure,156,18.81
J000849,2026-05-21,T011,G12,G13,17:45,17:45,0,A l'heure,406,71.11
J000850,2026-03-06,T026,G04,G12,13:21,13:28,7,Retarde,223,31.5
J000851,2025-10-22,T027,G02,G07,20:24,20:29,5,Retarde,224,57.33
J000852,2026-02-21,T019,G09,G06,15:21,15:21,0,A l'heure,561,37.51
J000853,2026-02-23,T014,G01,G05,07:24,07:24,0,A l'heure,416,102.92
J000854,2026-02-15,T014,G01,G11,21:24,21:24,0,A l'heure,247,69.21
J000855,2026-07-20,T035,G03,G15,10:06,10:06,0,A l'heure,34,26.5
J000856,2026-02-12,T015,G09,G08,20:21,20:21,0,A l'heure,373,31.9
J000857,2025-12-01,T002,G06,G01,09:06,09:06,0,A l'heure,261,96.41
J000858,2025-10-06,T019,G11,G04,16:54,16:54,0,A l'heure,300,29.83
J000859,2025-12-21,T015,G09,G05,06:42,06:42,0,A l'heure,304,39.31
J000860,2026-05-11,T005,G12,G01,08:00,08:00,0,A l'heure,267,74.79
J000861,2025-12-16,T032,G02,G12,20:15,20:15,0,A l'heure,167,27.5
J000862,2025-12-25,T027,G06,G15,19:36,19:39,3,Retarde,235,40.99
J000863,2026-07-30,T019,G02,G09,22:00,22:00,0,A l'heure,307,30.35
J000864,2026-01-17,T012,G08,G15,06:18,06:18,0,A l'heure,373,90.0
J000865,2026-05-19,T029,G02,G07,18:15,18:15,0,A l'heure,140,22.78
J000866,2026-03-22,T008,G12,G03,14:45,14:45,0,A l'heure,393,84.15
J000867,2026-07-06,T020,G10,G05,11:00,11:20,20,Retarde,434,40.05
J000868,2025-12-14,T026,G12,G13,06:18,06:18,0,A l'heure,210,57.13
J000869,2025-09-10,T005,G03,G09,22:18,22:37,19,Retarde,400,81.03
J000870,2026-07-12,T026,G12,G10,18:36,18:47,11,Retarde,246,69.0
J000871,2025-12-05,T007,G04,G07,06:15,06:50,35,Retarde,205,89.59
J000872,2026-04-08,T011,G03,G09,19:06,19:06,0,A l'heure,337,101.58
J000873,2026-03-30,T015,G05,G15,17:24,17:24,0,A l'heure,445,29.75
J000874,2025-10-12,T009,G09,G06,10:12,10:13,1,Retarde,329,81.0
J000875,2026-02-22,T002,G04,G08,16:36,16:56,20,Retarde,490,73.34
J000876,2025-09-10,T038,G08,G07,21:18,21:18,0,A l'heure,166,23.79
J000877,2026-05-24,T033,G06,G07,21:42,21:42,0,A l'heure,95,26.96
J000878,2025-12-27,T019,G14,G05,22:00,22:00,0,A l'heure,236,49.62
J000879,2026-03-10,T025,G09,G01,22:21,22:21,0,A l'heure,131,44.92
J000880,2026-05-31,T011,G06,G10,19:45,19:50,5,Retarde,479,99.66
J000881,2026-06-24,T030,G12,G06,20:48,20:48,0,A l'heure,149,25.22
J000882,2026-02-01,T024,G05,G03,13:24,13:24,0,A l'heure,248,66.85
J000883,2026-05-14,T039,G05,G02,09:21,09:21,0,A l'heure,148,24.58
J000884,2026-03-25,T036,G11,G01,16:00,16:00,0,A l'heure,81,22.3
J000885,2026-06-10,T016,G05,G09,18:48,19:10,22,Retarde,250,44.06
J000886,2026-04-19,T036,G06,G11,12:42,12:42,0,A l'heure,121,22.6
J000887,2025-12-31,T015,G14,G04,08:45,08:45,0,A l'heure,298,34.45
J000888,2026-04-07,T021,G13,G09,19:30,19:37,7,Retarde,322,34.97
J000889,2026-07-15,T033,G12,G01,08:42,08:42,0,A l'heure,153,18.35
J000890,2025-12-25,T040,G12,G06,22:36,22:37,1,Retarde,156,18.11
J000891,2026-06-10,T021,G14,G11,19:06,19:24,18,Retarde,179,39.05
J000892,2026-04-07,T021,G12,G02,08:24,08:43,19,Retarde,405,22.43
J000893,2026-08-02,T003,G09,G08,22:30,22:31,1,Retarde,362,61.43
J000894,2026-03-21,T002,G08,G01,14:54,14:57,3,Retarde,510,74.81
J000895,2026-06-23,T036,G10,G15,05:30,05:30,0,A l'heure,143,23.41
J000896,2026-05-28,T033,G03,G04,09:48,10:04,16,Retarde,132,28.25
J000897,2025-12-29,T016,G15,G14,10:21,10:21,0,A l'heure,439,30.67
J000898,2025-10-16,T002,G15,G08,06:18,06:20,2,Retarde,266,60.87
J000899,2025-10-23,T011,G01,G13,06:18,06:23,5,Retarde,190,88.81
J000900,2025-11-19,T032,G06,G02,16:15,16:15,0,A l'heure,93,17.68
J000901,2025-12-13,T005,G15,G07,22:42,22:51,9,Retarde,370,105.05
J000902,2025-12-09,T009,G12,G03,07:12,07:12,0,A l'heure,171,95.52
J000903,2025-09-13,T028,G07,G12,09:36,09:36,0,A l'heure,241,46.83
J000904,2026-03-28,T034,G13,G07,20:00,20:00,0,A l'heure,165,25.97
J000905,2026-08-06,T006,G06,G03,22:30,22:30,0,A l'heure,253,98.61
J000906,2026-05-10,T018,G15,G09,20:12,20:12,0,A l'heure,469,50.37
J000907,2026-08-22,T012,G14,G09,22:48,22:48,0,A l'heure,439,86.74
J000908,2025-10-18,T038,G05,G07,22:21,22:21,0,A l'heure,152,20.41
J000909,2026-04-08,T007,G04,G11,12:18,12:19,1,Retarde,479,69.64
J000910,2026-05-24,T015,G10,G06,10:30,10:30,0,A l'heure,278,40.66
J000911,2026-01-16,T030,G15,G13,20:48,20:48,0,A l'heure,87,20.87
J000912,2026-06-19,T018,G14,G03,05:54,05:54,0,A l'heure,317,34.37
J000913,2025-12-05,T021,G01,G07,14:12,,0,Annule,412,44.2
J000914,2025-12-28,T024,G11,G15,13:15,13:15,0,A l'heure,167,37.31
J000915,2026-04-22,T011,G01,G07,10:15,10:15,0,A l'heure,307,80.8
J000916,2026-06-18,T016,G01,G03,10:54,10:54,0,A l'heure,483,37.91
J000917,2026-07-18,T014,G06,G02,05:30,05:30,0,A l'heure,347,62.22
J000918,2026-04-16,T015,G15,G14,15:24,16:07,43,Retarde,420,23.93
J000919,2026-08-05,T029,G13,G11,09:12,09:12,0,A l'heure,113,16.35
J000920,2025-10-09,T029,G03,G08,18:00,18:00,0,A l'heure,185,18.76
J000921,2026-04-24,T008,G02,G04,11:42,11:48,6,Retarde,376,96.02
J000922,2025-12-15,T005,G09,G15,13:42,13:55,13,Retarde,289,62.24
J000923,2026-04-13,T025,G12,G15,14:24,15:35,71,Fortement retarde,185,44.03
J000924,2026-05-18,T036,G08,G06,11:00,11:02,2,Retarde,124,22.5
J000925,2025-12-29,T013,G03,G01,16:18,16:18,0,A l'heure,253,53.09
J000926,2026-05-18,T034,G14,G13,09:42,09:42,0,A l'heure,168,25.05
J000927,2026-05-23,T004,G11,G03,07:45,07:54,9,Retarde,410,94.14
J000928,2026-01-13,T008,G13,G02,08:15,08:20,5,Retarde,208,87.73
J000929,2026-01-24,T037,G01,G02,16:12,16:12,0,A l'heure,175,25.36
J000930,2025-09-27,T002,G13,G07,19:45,19:45,0,A l'heure,352,76.55
J000931,2025-12-27,T025,G02,G07,10:30,10:59,29,Retarde,296,36.62
J000932,2026-01-22,T020,G11,G03,22:54,23:02,8,Retarde,409,28.6
J000933,2025-09-30,T009,G09,G07,20:21,20:21,0,A l'heure,315,85.4
J000934,2025-10-19,T002,G15,G06,17:48,17:48,0,A l'heure,368,63.06
J000935,2025-09-07,T022,G06,G05,11:42,11:42,0,A l'heure,423,29.82
J000936,2026-03-30,T028,G07,G09,07:24,07:24,0,A l'heure,206,38.79
J000937,2026-05-22,T020,G05,G10,18:42,18:47,5,Retarde,281,39.95
J000938,2026-08-04,T037,G13,G07,13:15,13:21,6,Retarde,108,16.5
J000939,2026-02-03,T039,G01,G02,12:21,12:21,0,A l'heure,110,15.3
J000940,2026-06-16,T010,G08,G05,12:30,12:30,0,A l'heure,209,65.56
J000941,2025-11-23,T009,G01,G03,18:48,19:02,14,Retarde,416,75.04
J000942,2026-03-08,T030,G03,G12,08:30,08:30,0,A l'heure,176,26.32
J000943,2025-12-17,T031,G08,G04,18:42,18:42,0,A l'heure,166,17.37
J000944,2026-02-16,T029,G02,G15,08:06,08:06,0,A l'heure,141,21.55
J000945,2026-05-11,T008,G12,G03,22:30,22:30,0,A l'heure,221,85.69
J000946,2025-10-19,T026,G03,G12,20:00,20:00,0,A l'heure,214,42.78
J000947,2026-05-26,T036,G14,G06,19:48,19:48,0,A l'heure,141,23.65
J000948,2026-02-20,T024,G06,G10,11:24,11:24,0,A l'heure,232,48.74
J000949,2026-03-03,T022,G15,G11,18:36,18:36,0,A l'heure,297,35.22
J000950,2026-07-28,T024,G15,G12,15:54,15:54,0,A l'heure,231,54.15
J000951,2026-08-27,T008,G09,G04,19:18,19:18,0,A l'heure,325,76.97
J000952,2026-02-02,T015,G07,G05,11:48,11:48,0,A l'heure,309,39.62
J000953,2026-01-23,T032,G05,G06,09:45,09:45,0,A l'heure,67,28.8
J000954,2025-10-10,T004,G01,G05,05:48,05:52,4,Retarde,309,53.25
J000955,2026-03-28,T030,G02,G08,08:18,08:18,0,A l'heure,121,30.61
J000956,2026-04-02,T002,G07,G12,07:30,07:30,0,A l'heure,216,89.25
J000957,2026-02-18,T035,G08,G11,17:48,17:48,0,A l'heure,183,21.05
J000958,2025-11-09,T012,G15,G06,07:12,07:22,10,Retarde,409,66.43
J000959,2026-05-12,T016,G02,G11,05:15,05:20,5,Retarde,373,28.4
J000960,2026-01-18,T027,G05,G07,08:36,09:07,31,Retarde,230,36.87
J000961,2025-12-25,T001,G04,G02,20:30,20:30,0,A l'heure,416,99.82
J000962,2025-12-27,T022,G01,G10,16:48,17:21,33,Retarde,278,37.09
J000963,2026-08-09,T036,G02,G05,05:36,05:44,8,Retarde,181,17.81
J000964,2025-09-04,T001,G04,G09,21:54,21:55,1,Retarde,193,65.44
J000965,2026-07-26,T007,G10,G13,19:21,19:21,0,A l'heure,485,96.76
J000966,2026-01-14,T002,G05,G08,16:48,16:53,5,Retarde,314,67.56
J000967,2026-01-26,T017,G08,G11,15:00,15:11,11,Retarde,339,44.48
J000968,2025-09-24,T006,G14,G11,12:18,12:20,2,Retarde,333,73.59
J000969,2026-01-03,T033,G04,G07,10:24,10:25,1,Retarde,86,18.32
J000970,2026-01-31,T040,G11,G10,11:00,11:18,18,Retarde,121,24.99
J000971,2026-04-17,T036,G08,G11,15:18,15:18,0,A l'heure,91,22.65
J000972,2025-09-12,T004,G08,G02,18:48,18:48,0,A l'heure,246,65.2
J000973,2026-08-24,T016,G01,G07,10:54,10:56,2,Retarde,329,27.2
J000974,2026-06-17,T009,G10,G04,22:45,22:45,0,A l'heure,247,103.56
J000975,2026-02-21,T038,G13,G10,07:30,07:35,5,Retarde,162,32.99
J000976,2026-08-08,T032,G04,G07,15:21,15:21,0,A l'heure,152,32.52
J000977,2026-01-18,T039,G03,G14,22:36,22:36,0,A l'heure,165,30.38
J000978,2026-05-04,T014,G12,G10,16:18,16:18,0,A l'heure,249,73.23
J000979,2025-12-19,T010,G04,G14,15:18,15:19,1,Retarde,318,79.47
J000980,2026-04-23,T037,G05,G15,05:21,05:21,0,A l'heure,78,19.77
J000981,2026-01-14,T018,G10,G05,19:42,19:42,0,A l'heure,407,34.49
J000982,2026-06-08,T031,G06,G04,13:21,13:21,0,A l'heure,141,20.15
J000983,2026-07-27,T016,G12,G13,07:18,07:18,0,A l'heure,329,32.21
J000984,2025-11-27,T025,G03,G04,06:45,06:45,0,A l'heure,227,33.19
J000985,2026-06-13,T021,G01,G07,13:30,13:44,14,Retarde,411,42.37
J000986,2026-06-24,T023,G01,G12,13:48,13:48,0,A l'heure,126,43.3
J000987,2026-03-13,T005,G01,G14,05:15,05:15,0,A l'heure,330,65.24
J000988,2026-04-20,T020,G11,G05,10:00,10:07,7,Retarde,457,23.57
J000989,2026-05-06,T004,G04,G02,22:18,22:18,0,A l'heure,446,62.48
J000990,2026-06-06,T004,G10,G08,08:15,08:15,0,A l'heure,366,117.52
J000991,2026-05-07,T034,G07,G11,14:54,14:54,0,A l'heure,109,20.34
J000992,2026-05-27,T007,G04,G13,06:15,06:36,21,Retarde,386,93.82
J000993,2025-10-10,T020,G13,G06,09:42,09:51,9,Retarde,342,25.38
J000994,2026-05-15,T028,G10,G13,15:15,15:15,0,A l'heure,193,50.44
J000995,2026-05-17,T019,G06,G15,16:36,16:36,0,A l'heure,627,31.09
J000996,2025-10-24,T018,G09,G14,12:45,12:45,0,A l'heure,289,24.42
J000997,2026-02-07,T025,G11,G06,11:15,11:37,22,Retarde,250,44.36
J000998,2026-04-07,T019,G11,G04,17:06,17:06,0,A l'heure,389,27.22
J000999,2026-05-08,T022,G11,G01,20:12,20:12,0,A l'heure,390,26.81
J001000,2026-07-05,T030,G05,G09,05:42,05:42,0,A l'heure,159,24.84
J001001,2025-12-23,T019,G02,G12,05:48,06:28,40,Retarde,418,28.25
J001002,2026-03-17,T019,G13,G03,22:06,22:06,0,A l'heure,392,43.64
J001003,2025-10-08,T002,G05,G02,10:42,10:42,0,A l'heure,249,63.41
J001004,2026-04-29,T019,G10,G04,06:24,06:34,10,Retarde,376,37.09
J001005,2026-06-07,T003,G09,G07,22:48,22:48,0,A l'heure,480,99.43
J001006,2025-11-08,T015,G05,G08,11:36,11:46,10,Retarde,332,29.39
J001007,2026-08-03,T035,G07,G10,21:45,21:46,1,Retarde,91,23.78
J001008,2026-06-24,T035,G11,G14,21:30,21:33,3,Retarde,113,14.47
J001009,2025-09-27,T012,G04,G11,15:45,15:45,0,A l'heure,349,72.64
J001010,2025-11-18,T002,G12,G01,06:36,06:36,0,A l'heure,395,78.71
J001011,2026-05-28,T011,G09,G08,21:00,21:00,0,A l'heure,254,83.93
J001012,2025-09-22,T002,G06,G05,15:45,15:45,0,A l'heure,292,57.45
J001013,2025-12-14,T006,G05,G15,09:15,09:21,6,Retarde,360,110.54
J001014,2025-09-16,T016,G13,G10,11:36,11:36,0,A l'heure,349,39.87
J001015,2026-03-06,T034,G10,G14,22:21,22:21,0,A l'heure,115,27.75
J001016,2026-06-08,T025,G13,G06,18:12,18:26,14,Retarde,155,33.26
J001017,2025-10-14,T003,G05,G13,11:18,11:18,0,A l'heure,361,81.08
J001018,2025-12-11,T039,G02,G01,12:00,12:04,4,Retarde,151,26.5
J001019,2026-03-23,T039,G09,G03,17:06,,0,Annule,160,25.4
J001020,2025-12-30,T012,G10,G03,15:36,15:36,0,A l'heure,383,73.49
J001021,2026-05-21,T020,G07,G04,11:48,12:25,37,Retarde,487,35.05
J001022,2025-09-01,T019,G13,G11,17:48,17:48,0,A l'heure,455,41.15
J001023,2026-04-06,T017,G03,G08,20:48,20:49,1,Retarde,295,34.71
J001024,2026-01-22,T037,G07,G08,11:42,11:44,2,Retarde,93,22.71
J001025,2026-03-27,T029,G06,G05,20:06,20:06,0,A l'heure,125,27.93
J001026,2025-10-17,T002,G06,G10,13:21,13:21,0,A l'heure,264,79.75
J001027,2026-06-19,T018,G04,G14,22:06,22:06,0,A l'heure,257,44.56
J001028,2026-04-13,T028,G10,G07,10:00,10:00,0,A l'heure,177,58.96
J001029,2025-11-25,T019,G03,G15,06:06,06:06,0,A l'heure,561,23.4
J001030,2025-09-29,T018,G05,G01,20:24,20:24,0,A l'heure,422,26.42
J001031,2025-11-22,T030,G12,G07,17:24,17:24,0,A l'heure,122,26.53
J001032,2025-12-04,T027,G09,G01,21:54,21:59,5,Retarde,159,40.53
J001033,2026-01-14,T030,G06,G04,11:54,11:56,2,Retarde,73,20.44
J001034,2026-04-11,T009,G09,G12,22:21,22:21,0,A l'heure,412,109.09
J001035,2025-12-20,T017,G04,G12,14:06,14:10,4,Retarde,460,33.06
J001036,2026-04-09,T031,G11,G01,16:30,16:30,0,A l'heure,114,15.74
J001037,2026-05-09,T021,G08,G09,15:24,15:24,0,A l'heure,634,31.29
J001038,2026-01-04,T011,G12,G13,17:21,17:21,0,A l'heure,489,82.61
J001039,2026-03-21,T028,G06,G11,22:48,22:48,0,A l'heure,219,55.67
J001040,2025-09-28,T008,G03,G15,22:48,22:48,0,A l'heure,394,83.24
J001041,2026-07-22,T031,G12,G04,14:12,14:12,0,A l'heure,215,23.39
J001042,2026-05-02,T008,G01,G07,22:48,22:48,0,A l'heure,386,90.85
J001043,2026-02-14,T009,G11,G10,13:54,13:54,0,A l'heure,374,95.27
J001044,2026-01-14,T040,G14,G03,17:21,17:21,0,A l'heure,87,20.57
J001045,2026-07-02,T027,G02,G15,15:15,15:15,0,A l'heure,126,43.0
J001046,2025-12-23,T038,G04,G12,22:45,22:45,0,A l'heure,134,16.38
J001047,2025-09-09,T007,G11,G12,22:21,22:21,0,A l'heure,285,83.61
J001048,2025-10-11,T001,G10,G14,22:54,22:54,0,A l'heure,209,63.34
J001049,2025-12-14,T040,G15,G01,11:00,11:00,0,A l'heure,187,23.04
J001050,2026-01-23,T021,G01,G14,07:06,07:11,5,Retarde,498,39.58
J001051,2025-09-04,T031,G09,G04,15:24,15:24,0,A l'heure,106,23.99
J001052,2026-08-07,T025,G06,G09,22:12,22:13,1,Retarde,213,60.03
J001053,2026-04-30,T011,G11,G15,11:48,11:55,7,Retarde,389,82.85
J001054,2026-03-04,T005,G07,G06,15:06,15:06,0,A l'heure,265,70.17
J001055,2026-08-12,T030,G11,G04,22:06,22:06,0,A l'heure,106,24.1
J001056,2025-09-01,T038,G01,G07,06:18,06:18,0,A l'heure,87,21.08
J001057,2026-02-13,T005,G11,G12,17:21,17:21,0,A l'heure,287,68.44
J001058,2025-12-22,T007,G05,G10,22:12,22:12,0,A l'heure,210,67.9
J001059,2025-09-11,T002,G11,G07,14:54,15:20,26,Retarde,391,81.54
J001060,2026-02-21,T031,G01,G10,10:12,10:12,0,A l'heure,126,20.08
J001061,2026-01-13,T034,G11,G04,06:06,06:07,1,Retarde,143,19.51
J001062,2026-03-06,T009,G06,G09,10:36,10:36,0,A l'heure,344,99.0
J001063,2026-05-29,T033,G06,G14,08:24,08:24,0,A l'heure,70,27.3
J001064,2025-11-02,T033,G01,G08,17:48,17:48,0,A l'heure,181,32.81
J001065,2026-03-19,T031,G02,G13,11:18,11:18,0,A l'heure,103,20.24
J001066,2026-03-30,T022,G02,G04,08:42,09:02,20,Retarde,542,35.09
J001067,2026-04-06,T013,G04,G02,08:18,08:25,7,Retarde,417,86.79
J001068,2026-02-11,T015,G02,G06,06:42,06:42,0,A l'heure,307,39.35
J001069,2026-02-05,T032,G13,G15,14:36,14:36,0,A l'heure,100,26.28
J001070,2026-05-19,T012,G05,G03,20:48,20:48,0,A l'heure,295,85.12
J001071,2025-12-17,T004,G05,G09,19:36,19:51,15,Retarde,335,95.83
J001072,2026-08-19,T027,G14,G08,07:18,08:16,58,Retarde,131,48.41
J001073,2026-02-13,T002,G01,G03,20:21,20:25,4,Retarde,263,100.75
J001074,2026-06-06,T029,G03,G10,17:18,17:18,0,A l'heure,206,16.93
J001075,2025-12-18,T028,G02,G07,06:18,06:23,5,Retarde,167,36.41
J001076,2026-08-14,T013,G08,G12,10:48,10:48,0,A l'heure,239,86.09
J001077,2025-11-21,T034,G10,G08,16:30,16:30,0,A l'heure,136,19.6
J001078,2026-06-20,T010,G05,G08,19:21,19:21,0,A l'heure,510,107.26
J001079,2026-06-22,T012,G15,G07,19:06,19:06,0,A l'heure,326,92.23
J001080,2026-08-10,T021,G01,G11,18:00,18:23,23,Retarde,305,31.45
J001081,2026-04-18,T025,G01,G14,14:00,,0,Annule,238,62.15
J001082,2026-04-07,T036,G12,G03,12:36,12:36,0,A l'heure,81,28.03
J001083,2025-12-13,T012,G13,G08,14:45,14:46,1,Retarde,305,69.54
J001084,2025-10-09,T002,G08,G15,13:36,13:36,0,A l'heure,349,59.08
J001085,2025-11-30,T033,G13,G01,17:54,17:54,0,A l'heure,166,19.82
J001086,2026-05-28,T001,G11,G15,16:12,16:12,0,A l'heure,393,65.37
J001087,2025-12-14,T001,G01,G03,10:54,10:54,0,A l'heure,273,92.75
J001088,2026-04-30,T030,G14,G15,11:30,11:30,0,A l'heure,80,25.8
J001089,2026-07-16,T028,G03,G12,18:24,19:11,47,Retarde,297,37.91
J001090,2026-01-13,T019,G09,G05,17:48,17:48,0,A l'heure,390,36.47
J001091,2026-03-04,T033,G11,G15,12:21,12:21,0,A l'heure,131,23.35
J001092,2026-04-02,T019,G01,G14,06:18,,0,Annule,550,30.51
J001093,2026-04-05,T018,G03,G07,13:54,13:54,0,A l'heure,605,37.52
J001094,2026-06-10,T013,G04,G09,22:36,22:36,0,A l'heure,332,79.89
J001095,2026-01-10,T012,G01,G11,22:24,22:24,0,A l'heure,337,69.51
J001096,2026-05-25,T008,G04,G10,17:36,17:36,0,A l'heure,360,81.7
J001097,2026-07-16,T008,G06,G11,18:06,18:06,0,A l'heure,282,69.84
J001098,2025-12-20,T035,G13,G14,16:48,16:48,0,A l'heure,156,25.12
J001099,2026-02-16,T026,G06,G01,06:00,06:00,0,A l'heure,166,30.84
J001100,2026-08-28,T021,G02,G07,08:00,08:00,0,A l'heure,359,37.74
J001101,2025-09-05,T019,G04,G02,16:15,16:30,15,Retarde,241,27.06
J001102,2026-02-27,T027,G03,G05,05:30,05:30,0,A l'heure,220,60.56
J001103,2026-02-27,T004,G05,G14,16:21,16:25,4,Retarde,350,70.18
J001104,2025-11-06,T019,G07,G10,11:06,11:41,35,Retarde,396,37.94
J001105,2026-04-14,T025,G15,G03,18:18,18:18,0,A l'heure,191,38.2
J001106,2026-06-29,T004,G03,G13,19:24,19:24,0,A l'heure,269,93.22
J001107,2026-02-18,T006,G08,G09,11:24,11:24,0,A l'heure,277,62.92
J001108,2026-02-22,T014,G11,G03,07:21,07:21,0,A l'heure,309,80.74
J001109,2026-01-20,T006,G11,G09,19:06,19:06,0,A l'heure,206,54.92
J001110,2025-09-15,T040,G11,G02,13:45,13:45,0,A l'heure,127,21.7
J001111,2026-05-05,T040,G07,G14,11:06,11:06,0,A l'heure,116,19.85
J001112,2026-06-06,T039,G12,G02,06:15,06:15,0,A l'heure,167,27.15
J001113,2026-05-02,T027,G06,G01,08:42,08:42,0,A l'heure,296,64.91
J001114,2026-03-19,T032,G11,G01,14:42,14:42,0,A l'heure,199,16.38
J001115,2026-02-27,T011,G04,G13,07:12,07:12,0,A l'heure,216,66.04
J001116,2026-01-24,T034,G06,G03,18:21,18:44,23,Retarde,165,18.26
J001117,2026-02-28,T028,G04,G15,18:06,18:06,0,A l'heure,275,65.25
J001118,2026-04-06,T012,G01,G10,12:12,12:13,1,Retarde,495,84.03
J001119,2026-07-12,T014,G10,G02,19:45,19:48,3,Retarde,421,95.24
J001120,2026-04-08,T024,G08,G13,10:06,10:06,0,A l'heure,193,34.29
J001121,2025-11-13,T032,G04,G14,14:45,14:45,0,A l'heure,125,26.25
J001122,2026-04-03,T014,G01,G06,05:54,06:01,7,Retarde,257,92.34
J001123,2025-10-03,T016,G14,G11,12:42,12:46,4,Retarde,466,43.83
J001124,2026-08-13,T029,G08,G09,05:00,05:00,0,A l'heure,88,20.02
J001125,2025-12-12,T026,G05,G02,18:54,18:56,2,Retarde,214,48.61
J001126,2026-04-06,T001,G03,G05,17:45,18:20,35,Retarde,405,59.8
J001127,2026-01-21,T024,G04,G03,14:30,14:38,8,Retarde,138,36.9
J001128,2026-07-09,T039,G12,G03,12:30,12:30,0,A l'heure,115,20.25
J001129,2026-06-06,T026,G15,G07,14:12,14:12,0,A l'heure,279,45.6
J001130,2026-05-11,T002,G13,G15,15:12,15:12,0,A l'heure,382,84.98
J001131,2026-06-13,T020,G01,G02,07:42,07:42,0,A l'heure,471,45.95
J001132,2026-06-02,T029,G01,G02,08:15,08:15,0,A l'heure,109,18.76
J001133,2025-10-01,T008,G14,G05,08:21,08:24,3,Retarde,385,73.15
J001134,2026-02-09,T035,G13,G02,17:15,17:15,0,A l'heure,167,20.24
J001135,2026-05-16,T011,G11,G07,14:54,14:59,5,Retarde,457,60.22
J001136,2026-02-08,T028,G02,G04,16:24,16:32,8,Retarde,173,56.3
J001137,2026-03-13,T006,G05,G12,22:36,22:38,2,Retarde,205,100.55
J001138,2025-10-13,T006,G10,G12,10:00,10:10,10,Retarde,356,89.61
J001139,2025-11-24,T007,G07,G06,10:00,10:00,0,A l'heure,236,71.35
J001140,2026-04-26,T031,G08,G04,15:00,15:00,0,A l'heure,158,28.26
J001141,2025-10-26,T015,G07,G09,08:54,08:54,0,A l'heure,390,48.07
J001142,2026-06-30,T039,G13,G08,20:00,20:00,0,A l'heure,141,27.63
J001143,2026-06-12,T026,G15,G11,14:48,16:19,91,Fortement retarde,112,38.94
J001144,2025-09-12,T003,G08,G14,07:21,07:22,1,Retarde,88,74.27
J001145,2025-12-17,T034,G15,G12,13:06,13:06,0,A l'heure,177,21.44
J001146,2025-09-04,T027,G08,G14,19:42,19:42,0,A l'heure,226,31.38
J001147,2025-09-28,T028,G10,G07,21:00,21:51,51,Retarde,238,59.82
J001148,2025-12-20,T021,G05,G14,09:54,10:05,11,Retarde,413,45.36
J001149,2026-04-19,T001,G01,G13,06:18,06:27,9,Retarde,425,77.07
J001150,2026-03-24,T014,G05,G09,20:18,20:18,0,A l'heure,286,70.97
J001151,2025-09-02,T013,G15,G10,06:24,06:24,0,A l'heure,336,56.64
J001152,2026-08-02,T001,G04,G06,14:45,14:50,5,Retarde,181,61.79
J001153,2026-03-21,T035,G07,G13,21:24,21:24,0,A l'heure,111,22.5
J001154,2026-05-05,T029,G07,G05,07:18,07:18,0,A l'heure,115,24.15
J001155,2026-01-06,T006,G03,G12,19:21,19:21,0,A l'heure,406,70.75
J001156,2025-11-15,T036,G13,G10,20:00,20:00,0,A l'heure,113,25.28
J001157,2025-09-13,T027,G11,G07,14:18,14:18,0,A l'heure,277,51.1
J001158,2026-03-23,T008,G15,G02,09:54,09:54,0,A l'heure,350,89.27
J001159,2026-01-03,T030,G09,G11,08:24,08:28,4,Retarde,220,24.8
J001160,2026-02-06,T003,G12,G07,12:45,12:45,0,A l'heure,143,96.26
J001161,2026-06-15,T039,G10,G09,20:54,20:57,3,Retarde,146,18.46
J001162,2025-10-05,T002,G05,G04,05:42,05:42,0,A l'heure,391,101.39
J001163,2026-06-01,T026,G02,G08,10:54,10:54,0,A l'heure,128,50.95
J001164,2026-05-21,T040,G09,G03,13:15,13:15,0,A l'heure,172,19.38
J001165,2025-11-10,T021,G06,G15,22:42,22:45,3,Retarde,332,31.53
J001166,2026-07-14,T035,G01,G07,05:36,05:36,0,A l'heure,175,23.22
J001167,2026-05-22,T007,G07,G02,10:15,10:15,0,A l'heure,323,98.94
J001168,2026-02-25,T005,G03,G15,05:24,05:25,1,Retarde,209,72.85
J001169,2025-10-17,T031,G15,G11,22:24,22:24,0,A l'heure,134,21.08
J001170,2026-03-09,T038,G02,G11,16:15,16:15,0,A l'heure,139,17.93
J001171,2026-02-19,T020,G04,G05,07:30,07:30,0,A l'heure,325,41.29
J001172,2026-01-30,T038,G14,G15,09:15,09:41,26,Retarde,131,15.97
J001173,2026-07-23,T030,G02,G01,22:54,22:56,2,Retarde,72,19.2
J001174,2025-09-18,T016,G14,G01,22:45,22:59,14,Retarde,374,23.88
J001175,2026-06-07,T024,G09,G12,21:42,21:42,0,A l'heure,195,62.5
J001176,2025-12-17,T001,G02,G10,21:24,21:24,0,A l'heure,479,82.88
J001177,2026-01-24,T015,G07,G08,16:12,16:12,0,A l'heure,402,45.8
J001178,2025-11-16,T008,G12,G05,11:30,11:39,9,Retarde,510,66.56
J001179,2026-01-22,T035,G15,G11,07:12,07:12,0,A l'heure,112,26.96
J001180,2026-06-04,T030,G04,G11,21:48,21:48,0,A l'heure,141,26.73
J001181,2026-08-25,T013,G01,G03,21:30,21:48,18,Retarde,92,57.32
J001182,2026-03-24,T003,G14,G10,22:21,22:21,0,A l'heure,258,88.58
J001183,2026-03-14,T007,G15,G02,12:42,12:54,12,Retarde,322,81.83
J001184,2026-03-28,T034,G15,G02,12:00,12:00,0,A l'heure,140,22.23
J001185,2026-05-03,T010,G13,G10,15:06,15:06,0,A l'heure,309,112.84
J001186,2026-06-11,T038,G13,G04,07:06,07:06,0,A l'heure,123,24.17
J001187,2026-02-18,T022,G14,G08,14:54,14:54,0,A l'heure,95,30.88
J001188,2026-04-28,T016,G01,G15,07:45,07:45,0,A l'heure,269,29.39
J001189,2026-04-01,T001,G03,G01,20:18,20:18,0,A l'heure,260,95.34
J001190,2025-09-09,T030,G03,G15,06:45,06:45,0,A l'heure,66,24.28
J001191,2025-09-24,T040,G03,G05,16:30,16:30,0,A l'heure,96,23.48
J001192,2026-06-06,T002,G09,G15,05:15,05:15,0,A l'heure,403,105.9
J001193,2025-10-06,T004,G03,G14,17:06,17:06,0,A l'heure,390,61.08
J001194,2025-11-02,T006,G03,G14,20:24,20:24,0,A l'heure,437,88.4
J001195,2026-01-01,T036,G11,G08,19:15,19:15,0,A l'heure,197,22.36
J001196,2026-05-29,T007,G02,G04,08:36,08:36,0,A l'heure,236,86.73
J001197,2026-02-04,T027,G03,G10,14:36,14:53,17,Retarde,203,51.74
J001198,2026-01-03,T027,G07,G14,17:18,17:18,0,A l'heure,195,54.57
J001199,2026-04-22,T030,G07,G12,14:21,14:21,0,A l'heure,96,17.33
J001200,2026-06-13,T039,G14,G05,14:06,14:06,0,A l'heure,198,24.78
J001201,2026-04-25,T024,G11,G04,13:54,13:54,0,A l'heure,250,53.06
J001202,2026-03-25,T008,G09,G11,08:54,08:54,0,A l'heure,207,66.7
J001203,2025-12-03,T022,G03,G09,09:18,09:19,1,Retarde,435,34.33
J001204,2025-11-14,T024,G01,G05,05:12,05:12,0,A l'heure,201,31.17
J001205,2026-01-18,T007,G05,G02,22:12,22:12,0,A l'heure,415,73.31
J001206,2025-10-06,T040,G04,G09,07:00,07:00,0,A l'heure,103,22.28
J001207,2026-08-26,T013,G13,G12,17:54,17:54,0,A l'heure,291,90.93
J001208,2026-04-23,T040,G15,G14,06:24,06:38,14,Retarde,164,27.14
J001209,2025-10-25,T004,G06,G09,07:45,07:45,0,A l'heure,231,101.11
J001210,2026-04-19,T024,G02,G11,08:12,08:12,0,A l'heure,215,41.47
J001211,2025-10-29,T003,G11,G07,15:15,15:15,0,A l'heure,225,100.52
J001212,2026-01-10,T017,G07,G13,10:15,10:15,0,A l'heure,460,26.58
J001213,2026-08-06,T004,G12,G08,15:06,15:06,0,A l'heure,277,80.16
J001214,2026-08-18,T020,G08,G01,10:24,10:37,13,Retarde,189,38.25
J001215,2026-07-16,T040,G02,G03,22:15,22:15,0,A l'heure,132,24.11
J001216,2026-03-11,T018,G07,G14,14:06,14:10,4,Retarde,284,25.67
J001217,2025-12-13,T015,G01,G15,16:12,16:18,6,Retarde,383,41.87
J001218,2026-03-23,T040,G08,G13,13:15,13:17,2,Retarde,93,23.82
J001219,2026-05-30,T029,G07,G06,05:06,05:06,0,A l'heure,220,17.78
J001220,2025-09-24,T009,G08,G04,22:12,22:18,6,Retarde,352,79.46
J001221,2026-06-02,T006,G13,G12,18:21,18:30,9,Retarde,315,69.99
J001222,2026-03-17,T022,G02,G11,08:24,08:24,0,A l'heure,392,26.49
J001223,2025-10-27,T021,G15,G08,14:30,14:30,0,A l'heure,285,36.58
J001224,2025-09-19,T012,G07,G14,07:21,07:21,0,A l'heure,230,89.67
J001225,2026-01-21,T030,G01,G03,22:48,23:02,14,Retarde,77,28.07
J001226,2026-06-15,T040,G11,G07,18:54,18:54,0,A l'heure,121,14.75
J001227,2026-04-20,T033,G14,G09,15:45,15:45,0,A l'heure,120,15.85
J001228,2026-03-01,T031,G05,G14,14:21,14:21,0,A l'heure,115,30.63
J001229,2026-03-04,T007,G15,G13,17:00,17:13,13,Retarde,227,72.59
J001230,2026-06-05,T015,G10,G12,15:15,15:16,1,Retarde,492,44.71
J001231,2026-03-19,T035,G06,G14,10:12,10:25,13,Retarde,196,22.91
J001232,2026-01-26,T019,G14,G04,07:21,07:22,1,Retarde,406,25.56
J001233,2026-05-23,T035,G01,G13,20:24,20:24,0,A l'heure,133,28.75
J001234,2026-03-20,T037,G11,G02,11:18,11:18,0,A l'heure,118,17.57
J001235,2025-11-19,T005,G05,G01,22:00,22:00,0,A l'heure,305,100.06
J001236,2026-04-12,T018,G04,G11,15:45,15:45,0,A l'heure,525,25.8
J001237,2026-04-21,T011,G08,G10,06:30,06:30,0,A l'heure,377,77.07
J001238,2026-04-10,T013,G01,G12,21:45,21:45,0,A l'heure,367,100.87
J001239,2026-06-19,T016,G05,G10,22:21,22:21,0,A l'heure,339,26.44
J001240,2026-04-29,T012,G03,G06,10:24,10:24,0,A l'heure,251,93.78
J001241,2026-08-26,T027,G12,G01,21:21,21:21,0,A l'heure,213,40.16
J001242,2026-04-09,T036,G13,G12,16:21,16:21,0,A l'heure,121,17.92
J001243,2025-09-08,T002,G14,G08,18:54,18:54,0,A l'heure,295,85.9
J001244,2025-10-02,T017,G05,G06,20:18,20:24,6,Retarde,424,24.81
J001245,2026-06-26,T027,G02,G06,17:18,17:18,0,A l'heure,181,37.2
J001246,2026-04-22,T003,G12,G02,12:12,12:12,0,A l'heure,276,64.31
J001247,2026-07-07,T002,G02,G12,05:30,05:30,0,A l'heure,259,55.02
J001248,2025-09-18,T014,G15,G03,14:30,14:30,0,A l'heure,215,97.16
J001249,2025-09-14,T003,G11,G08,12:18,12:18,0,A l'heure,371,63.12
J001250,2025-11-03,T014,G11,G06,08:00,08:00,0,A l'heure,289,94.63
J001251,2026-05-13,T022,G14,G15,13:12,13:12,0,A l'heure,378,40.19
J001252,2026-05-18,T028,G03,G06,22:42,22:43,1,Retarde,237,56.26
J001253,2026-06-24,T024,G15,G08,08:48,08:51,3,Retarde,173,42.25
J001254,2025-09-14,T001,G06,G03,18:15,18:15,0,A l'heure,381,66.12
J001255,2025-11-29,T027,G08,G02,16:18,16:18,0,A l'heure,251,37.06
J001256,2025-09-22,T029,G08,G07,21:21,21:21,0,A l'heure,108,26.22
J001257,2026-05-19,T010,G10,G06,08:18,08:24,6,Retarde,419,64.35
J001258,2026-04-24,T039,G11,G06,12:18,12:18,0,A l'heure,50,25.54
J001259,2025-10-27,T037,G01,G11,15:42,15:42,0,A l'heure,110,26.28
J001260,2026-06-18,T039,G08,G09,12:42,12:45,3,Retarde,71,21.62
J001261,2025-09-09,T029,G15,G09,14:54,14:54,0,A l'heure,172,23.53
J001262,2025-12-02,T010,G12,G15,22:18,22:18,0,A l'heure,320,57.61
J001263,2026-04-23,T009,G14,G12,14:30,14:30,0,A l'heure,250,86.55
J001264,2026-06-17,T009,G11,G09,13:24,13:24,0,A l'heure,403,62.66
J001265,2025-10-19,T012,G14,G04,10:00,10:04,4,Retarde,238,106.82
J001266,2025-12-22,T017,G04,G05,08:00,08:05,5,Retarde,411,22.5
J001267,2026-06-30,T033,G15,G09,13:15,13:15,0,A l'heure,122,20.83
J001268,2026-02-15,T010,G02,G10,18:21,18:21,0,A l'heure,370,60.4
J001269,2026-06-16,T025,G02,G06,08:12,08:15,3,Retarde,139,49.93
J001270,2026-05-17,T021,G14,G08,11:45,11:45,0,A l'heure,498,26.07
J001271,2026-08-27,T024,G15,G05,15:42,16:16,34,Retarde,309,39.27
J001272,2026-01-13,T026,G08,G14,13:06,13:06,0,A l'heure,138,35.43
J001273,2025-09-13,T020,G06,G03,17:12,17:12,0,A l'heure,506,29.81
J001274,2026-08-24,T009,G06,G10,10:12,10:12,0,A l'heure,286,54.28
J001275,2026-07-28,T038,G03,G02,06:54,06:56,2,Retarde,146,18.5
J001276,2026-08-30,T003,G13,G09,15:12,15:12,0,A l'heure,411,112.38
J001277,2025-12-23,T024,G03,G10,18:48,18:48,0,A l'heure,249,57.66
J001278,2026-03-10,T029,G11,G15,10:24,10:24,0,A l'heure,78,21.19
J001279,2026-08-19,T018,G15,G10,22:00,22:00,0,A l'heure,265,31.64
J001280,2025-11-03,T018,G10,G13,16:00,16:00,0,A l'heure,239,42.19
J001281,2026-02-13,T033,G02,G08,06:15,06:17,2,Retarde,81,15.92
J001282,2026-07-29,T023,G09,G10,12:18,12:29,11,Retarde,231,35.72
J001283,2026-01-16,T029,G01,G11,14:54,14:54,0,A l'heure,117,26.05
J001284,2026-06-30,T036,G04,G09,17:12,17:12,0,A l'heure,102,16.56
J001285,2025-12-20,T035,G10,G08,16:42,16:43,1,Retarde,200,29.33
J001286,2026-06-22,T037,G01,G07,19:36,19:36,0,A l'heure,154,26.79
J001287,2026-02-07,T015,G06,G04,10:45,10:46,1,Retarde,435,39.74
J001288,2025-12-24,T018,G15,G05,05:00,05:00,0,A l'heure,368,26.06
J001289,2025-10-13,T001,G05,G04,22:36,22:36,0,A l'heure,412,77.15
J001290,2026-03-23,T013,G02,G10,09:12,09:12,0,A l'heure,507,54.41
J001291,2026-05-08,T034,G01,G13,10:48,10:48,0,A l'heure,166,15.21
J001292,2026-05-05,T029,G07,G02,05:24,05:25,1,Retarde,189,19.3
J001293,2026-01-31,T032,G08,G05,10:48,10:48,0,A l'heure,158,25.49
J001294,2026-08-15,T032,G01,G11,20:48,21:10,22,Retarde,156,21.82
J001295,2025-11-28,T008,G12,G14,08:42,08:42,0,A l'heure,317,86.37
J001296,2026-04-11,T013,G10,G09,20:12,20:12,0,A l'heure,446,94.47
J001297,2026-03-16,T010,G06,G14,08:06,08:06,0,A l'heure,160,52.02
J001298,2025-10-07,T016,G14,G06,12:36,12:36,0,A l'heure,417,39.63
J001299,2026-04-22,T020,G04,G07,17:06,17:06,0,A l'heure,353,30.43
J001300,2026-01-31,T020,G12,G08,20:00,20:08,8,Retarde,364,25.76
J001301,2026-02-04,T028,G01,G04,19:15,19:21,6,Retarde,106,52.84
J001302,2025-09-24,T018,G10,G11,06:18,06:18,0,A l'heure,474,28.56
J001303,2026-04-15,T010,G13,G12,19:00,19:00,0,A l'heure,359,52.17
J001304,2026-01-02,T031,G04,G03,08:18,08:19,1,Retarde,140,27.8
J001305,2026-05-30,T040,G12,G01,21:48,21:48,0,A l'heure,150,23.36
J001306,2026-07-31,T032,G07,G05,15:45,15:46,1,Retarde,104,20.51
J001307,2026-03-08,T012,G08,G02,19:30,19:30,0,A l'heure,286,80.98
J001308,2025-10-20,T013,G07,G04,07:42,07:42,0,A l'heure,459,86.91
J001309,2026-05-16,T018,G04,G13,22:30,22:30,0,A l'heure,438,38.61
J001310,2025-12-21,T008,G08,G03,06:42,06:50,8,Retarde,397,104.02
J001311,2026-07-14,T024,G07,G13,22:45,22:52,7,Retarde,212,48.79
J001312,2025-10-15,T018,G04,G03,08:42,08:42,0,A l'heure,201,35.22
J001313,2025-09-30,T029,G15,G08,20:18,20:18,0,A l'heure,120,26.02
J001314,2025-11-21,T035,G05,G12,19:30,,0,Annule,69,17.18
J001315,2026-06-05,T036,G06,G07,11:00,,0,Annule,162,27.81
J001316,2026-08-06,T027,G12,G08,05:18,05:27,9,Retarde,218,59.35
J001317,2026-02-18,T034,G01,G06,14:00,14:00,0,A l'heure,122,21.49
J001318,2026-05-30,T035,G08,G04,09:24,09:24,0,A l'heure,172,27.72
J001319,2026-03-14,T033,G11,G13,14:48,14:48,0,A l'heure,114,29.68
J001320,2026-03-01,T002,G06,G03,06:54,06:54,0,A l'heure,427,74.42
J001321,2026-05-29,T032,G05,G11,15:18,15:18,0,A l'heure,158,23.25
J001322,2026-06-26,T037,G13,G04,12:42,12:42,0,A l'heure,213,16.46
J001323,2026-07-10,T028,G14,G03,21:30,21:42,12,Retarde,269,42.45
J001324,2026-06-21,T029,G09,G10,15:54,15:54,0,A l'heure,100,20.04
J001325,2026-02-28,T032,G04,G02,17:54,17:54,0,A l'heure,147,18.71
J001326,2025-12-23,T013,G10,G11,15:54,15:54,0,A l'heure,280,89.71
J001327,2025-09-19,T008,G14,G03,12:30,12:30,0,A l'heure,205,92.81
J001328,2026-04-11,T037,G07,G04,10:00,10:00,0,A l'heure,220,21.49
J001329,2025-11-26,T010,G15,G08,21:24,21:24,0,A l'heure,291,103.45
J001330,2026-03-18,T038,G13,G05,17:00,17:01,1,Retarde,119,21.25
J001331,2025-12-16,T032,G14,G10,08:06,08:07,1,Retarde,111,23.41
J001332,2026-04-30,T029,G06,G14,07:00,07:00,0,A l'heure,96,19.93
J001333,2026-05-10,T019,G03,G14,09:45,09:45,0,A l'heure,588,36.0
J001334,2026-02-24,T020,G14,G04,13:21,13:21,0,A l'heure,482,23.56
J001335,2026-06-24,T026,G06,G12,09:48,09:48,0,A l'heure,79,49.75
J001336,2026-02-12,T028,G15,G09,10:54,10:54,0,A l'heure,300,40.86
J001337,2026-04-07,T027,G04,G11,18:12,18:12,0,A l'heure,129,53.96
J001338,2026-04-02,T014,G06,G08,21:06,21:06,0,A l'heure,329,92.7
J001339,2026-02-25,T017,G03,G04,21:24,21:24,0,A l'heure,498,43.73
J001340,2026-06-01,T026,G03,G05,08:00,08:00,0,A l'heure,157,59.65
J001341,2026-05-11,T005,G10,G13,14:06,14:06,0,A l'heure,265,60.17
J001342,2026-05-10,T007,G15,G10,08:45,08:45,0,A l'heure,337,88.11
J001343,2026-05-06,T031,G12,G03,09:45,09:45,0,A l'heure,115,22.07
J001344,2025-11-18,T008,G12,G11,08:54,08:54,0,A l'heure,245,72.49
J001345,2025-10-23,T033,G08,G02,20:21,20:21,0,A l'heure,140,23.46
J001346,2025-11-03,T034,G15,G05,18:45,18:45,0,A l'heure,170,21.81
J001347,2026-04-28,T017,G07,G09,19:30,19:41,11,Retarde,313,39.8
J001348,2026-03-05,T017,G14,G10,18:24,18:24,0,A l'heure,519,44.17
J001349,2026-04-10,T023,G09,G03,06:12,06:32,20,Retarde,106,37.32
J001350,2025-09-26,T003,G05,G12,09:48,09:48,0,A l'heure,374,58.17
J001351,2026-06-13,T038,G07,G06,22:54,22:54,0,A l'heure,159,18.91
J001352,2026-01-17,T002,G11,G08,09:15,09:39,24,Retarde,510,86.15
J001353,2026-08-27,T024,G09,G14,13:12,13:12,0,A l'heure,305,48.86
J001354,2025-12-18,T039,G15,G10,19:54,19:54,0,A l'heure,153,28.35
J001355,2026-07-27,T022,G02,G14,10:42,11:02,20,Retarde,374,29.6
J001356,2026-06-25,T021,G14,G10,10:15,10:15,0,A l'heure,332,40.69
J001357,2026-07-13,T014,G08,G03,09:48,09:49,1,Retarde,285,88.5
J001358,2026-06-11,T009,G10,G09,12:12,12:12,0,A l'heure,247,61.35
J001359,2026-05-05,T008,G10,G02,19:48,19:57,9,Retarde,375,91.01
J001360,2026-02-04,T020,G10,G05,17:24,18:15,51,Retarde,276,34.28
J001361,2026-05-15,T035,G03,G13,13:15,13:20,5,Retarde,152,25.58
J001362,2026-02-19,T020,G10,G14,05:30,06:16,46,Retarde,345,25.59
J001363,2025-09-05,T008,G05,G11,15:30,15:30,0,A l'heure,257,95.18
J001364,2026-03-01,T019,G13,G14,19:12,19:12,0,A l'heure,447,45.51
J001365,2025-09-02,T023,G15,G01,08:21,08:21,0,A l'heure,133,60.76
J001366,2026-04-12,T004,G04,G01,10:45,10:51,6,Retarde,293,118.68
J001367,2026-01-23,T019,G04,G08,11:48,12:04,16,Retarde,350,23.02
J001368,2026-06-10,T034,G06,G08,22:24,22:24,0,A l'heure,144,16.7
J001369,2026-08-31,T011,G05,G01,17:30,17:30,0,A l'heure,392,77.22
J001370,2026-07-26,T014,G03,G11,15:12,15:12,0,A l'heure,212,97.82
J001371,2026-03-07,T010,G02,G05,12:30,12:31,1,Retarde,402,94.82
J001372,2026-01-01,T004,G11,G12,18:48,18:50,2,Retarde,499,84.34
J001373,2026-08-06,T010,G09,G04,22:24,22:25,1,Retarde,243,100.76
J001374,2026-03-10,T039,G13,G05,21:54,21:54,0,A l'heure,161,18.81
J001375,2025-09-21,T035,G15,G04,06:45,06:45,0,A l'heure,167,26.24
J001376,2025-12-16,T014,G01,G04,15:12,15:24,12,Retarde,252,88.54
J001377,2026-04-23,T003,G10,G02,18:00,18:00,0,A l'heure,206,57.43
J001378,2026-02-04,T024,G03,G11,18:15,18:35,20,Retarde,269,43.58
J001379,2025-10-21,T002,G12,G01,10:12,10:12,0,A l'heure,396,89.0
J001380,2026-05-23,T038,G14,G10,09:45,09:45,0,A l'heure,174,20.11
J001381,2026-01-20,T029,G09,G14,05:42,05:42,0,A l'heure,147,23.14
J001382,2026-07-25,T021,G12,G04,08:15,08:45,30,Retarde,589,35.83
J001383,2025-12-30,T013,G07,G12,08:21,08:21,0,A l'heure,347,88.14
J001384,2026-02-13,T022,G08,G12,21:06,21:14,8,Retarde,456,27.61
J001385,2025-10-15,T014,G08,G11,19:54,20:02,8,Retarde,332,63.95
J001386,2026-07-08,T031,G02,G15,07:18,07:18,0,A l'heure,186,26.93
J001387,2026-06-12,T028,G07,G02,22:18,22:19,1,Retarde,219,39.9
J001388,2026-02-22,T015,G11,G05,22:15,22:15,0,A l'heure,431,46.61
J001389,2026-01-25,T029,G15,G14,15:18,15:18,0,A l'heure,115,23.63
J001390,2026-06-21,T032,G10,G15,06:00,06:00,0,A l'heure,219,22.67
J001391,2026-01-18,T008,G11,G05,15:36,15:39,3,Retarde,400,103.15
J001392,2026-01-20,T035,G13,G02,21:06,21:08,2,Retarde,151,23.9
J001393,2026-03-14,T019,G04,G14,13:21,13:36,15,Retarde,524,31.18
J001394,2026-08-09,T040,G01,G14,17:18,17:42,24,Retarde,137,25.75
J001395,2026-01-02,T040,G08,G03,08:54,09:01,7,Retarde,125,21.79
J001396,2026-04-09,T033,G03,G09,12:21,12:21,0,A l'heure,144,20.16
J001397,2026-05-17,T012,G10,G06,13:54,13:54,0,A l'heure,305,76.07
J001398,2025-10-21,T029,G06,G04,11:42,11:42,0,A l'heure,33,27.3
J001399,2026-04-07,T029,G08,G10,15:24,16:00,36,Retarde,120,22.22
J001400,2026-06-21,T008,G03,G15,15:00,15:41,41,Retarde,252,108.08
J001401,2025-09-14,T014,G09,G10,20:30,20:46,16,Retarde,450,93.95
J001402,2026-01-26,T039,G08,G11,08:06,08:15,9,Retarde,111,25.45
J001403,2026-03-10,T029,G08,G04,05:54,05:54,0,A l'heure,126,18.19
J001404,2026-03-13,T035,G12,G10,07:48,07:53,5,Retarde,144,26.61
J001405,2025-09-14,T014,G15,G07,18:00,18:00,0,A l'heure,374,86.63
J001406,2025-12-02,T029,G02,G04,17:06,17:06,0,A l'heure,115,18.97
J001407,2025-09-30,T009,G12,G13,09:36,09:36,0,A l'heure,259,63.97
J001408,2025-11-20,T015,G09,G14,05:18,05:23,5,Retarde,354,44.0
J001409,2026-01-30,T035,G02,G06,10:36,10:36,0,A l'heure,135,17.68
J001410,2026-04-28,T008,G14,G11,22:36,22:36,0,A l'heure,230,103.93
J001411,2026-03-06,T024,G03,G11,20:21,20:21,0,A l'heure,190,41.79
J001412,2026-06-25,T037,G08,G09,10:00,10:00,0,A l'heure,119,26.77
J001413,2026-07-24,T027,G08,G02,16:48,16:48,0,A l'heure,270,43.43
J001414,2026-01-19,T004,G01,G13,18:24,18:24,0,A l'heure,304,77.91
J001415,2025-09-15,T015,G06,G03,12:54,13:29,35,Retarde,562,43.78
J001416,2026-01-08,T007,G08,G10,05:12,05:12,0,A l'heure,195,66.7
J001417,2026-01-07,T039,G03,G08,19:12,19:20,8,Retarde,112,19.11
J001418,2026-05-20,T015,G02,G14,06:00,06:00,0,A l'heure,205,23.48
J001419,2026-04-26,T028,G04,G02,07:18,07:18,0,A l'heure,309,36.2
J001420,2026-07-17,T009,G03,G13,14:12,14:12,0,A l'heure,234,65.0
J001421,2026-07-05,T034,G12,G14,15:45,16:00,15,Retarde,170,28.29
J001422,2026-08-16,T036,G01,G14,21:30,21:30,0,A l'heure,129,31.81
J001423,2026-07-04,T010,G09,G12,05:24,05:25,1,Retarde,335,89.8
J001424,2026-01-08,T023,G15,G09,05:21,05:21,0,A l'heure,126,50.09
J001425,2025-12-02,T001,G10,G03,08:24,08:24,0,A l'heure,469,86.75
J001426,2025-10-14,T015,G14,G03,12:12,12:12,0,A l'heure,183,25.28
J001427,2026-05-24,T031,G04,G10,10:18,10:18,0,A l'heure,159,22.8
J001428,2026-06-08,T033,G02,G07,14:18,14:18,0,A l'heure,181,15.79
J001429,2026-07-02,T012,G04,G05,17:12,17:13,1,Retarde,374,94.94
J001430,2026-04-04,T008,G10,G09,21:21,22:02,41,Retarde,414,64.5
J001431,2026-07-31,T026,G08,G09,19:06,19:06,0,A l'heure,202,46.47
J001432,2026-06-12,T004,G09,G07,10:15,10:15,0,A l'heure,337,63.93
J001433,2025-09-20,T020,G06,G13,09:42,10:18,36,Retarde,520,29.28
J001434,2026-05-08,T026,G08,G13,09:00,09:00,0,A l'heure,273,59.54
J001435,2026-07-26,T003,G04,G01,11:45,11:45,0,A l'heure,453,65.29
J001436,2026-03-03,T019,G02,G04,17:06,17:11,5,Retarde,503,32.12
J001437,2025-12-10,T034,G04,G02,11:48,11:48,0,A l'heure,103,24.9
J001438,2026-05-27,T040,G03,G11,10:36,10:36,0,A l'heure,137,26.62
J001439,2026-02-25,T024,G12,G03,09:54,09:54,0,A l'heure,217,48.22
J001440,2025-11-04,T018,G13,G15,20:06,20:06,0,A l'heure,380,37.91
J001441,2026-02-06,T015,G12,G04,11:48,11:54,6,Retarde,406,23.39
J001442,2026-08-18,T037,G08,G07,21:30,21:34,4,Retarde,178,14.91
J001443,2026-03-06,T020,G02,G04,14:54,14:54,0,A l'heure,438,26.78
J001444,2026-03-08,T034,G04,G05,06:42,06:42,0,A l'heure,198,17.45
J001445,2026-02-01,T002,G09,G07,07:00,07:00,0,A l'heure,384,71.78
J001446,2026-06-29,T035,G12,G07,22:21,22:26,5,Retarde,146,16.87
J001447,2026-03-25,T026,G13,G03,19:12,19:12,0,A l'heure,159,32.31
J001448,2026-07-25,T005,G13,G03,07:15,07:15,0,A l'heure,385,71.31
J001449,2025-12-29,T022,G15,G07,11:45,11:45,0,A l'heure,344,28.94
J001450,2026-02-13,T017,G12,G04,18:42,18:42,0,A l'heure,334,41.18
J001451,2026-01-14,T006,G11,G04,22:54,22:54,0,A l'heure,328,83.95
J001452,2026-05-05,T017,G14,G12,15:18,15:18,0,A l'heure,323,24.09
J001453,2025-10-06,T023,G13,G01,22:15,22:44,29,Retarde,180,52.34
J001454,2026-04-26,T022,G14,G11,21:06,21:06,0,A l'heure,310,29.85
J001455,2026-04-08,T036,G04,G02,07:12,07:12,0,A l'heure,138,22.17
J001456,2025-11-27,T018,G08,G01,10:42,10:57,15,Retarde,337,23.53
J001457,2026-01-31,T002,G05,G06,19:48,20:12,24,Retarde,400,81.76
J001458,2026-06-01,T025,G05,G04,11:00,11:00,0,A l'heure,173,30.56
J001459,2026-07-16,T017,G02,G08,16:30,16:48,18,Retarde,271,40.68
J001460,2026-01-24,T013,G05,G15,17:18,17:18,0,A l'heure,441,61.26
J001461,2026-05-12,T035,G11,G03,19:45,19:45,0,A l'heure,185,24.47
J001462,2026-03-09,T031,G11,G12,06:54,06:58,4,Retarde,137,14.79
J001463,2026-01-25,T007,G11,G01,17:48,17:48,0,A l'heure,344,83.35
J001464,2026-03-09,T029,G06,G12,22:24,22:24,0,A l'heure,117,21.41
J001465,2026-04-08,T035,G07,G01,10:45,10:58,13,Retarde,129,19.49
J001466,2026-02-05,T024,G04,G08,12:12,12:25,13,Retarde,109,30.88
J001467,2026-07-04,T032,G14,G08,06:12,06:17,5,Retarde,173,17.55
J001468,2025-10-09,T003,G11,G12,09:15,09:15,0,A l'heure,347,93.98
J001469,2026-01-01,T002,G13,G15,12:42,12:42,0,A l'heure,392,70.05
J001470,2026-04-27,T011,G06,G12,11:06,11:18,12,Retarde,374,74.42
J001471,2025-12-10,T039,G04,G10,17:54,18:04,10,Retarde,135,16.61
J001472,2026-02-14,T030,G11,G09,17:42,17:42,0,A l'heure,171,33.01
J001473,2026-03-11,T037,G05,G10,19:45,19:45,0,A l'heure,142,22.4
J001474,2026-06-06,T039,G04,G01,22:18,22:18,0,A l'heure,106,29.42
J001475,2026-06-23,T005,G09,G04,08:45,08:45,0,A l'heure,349,73.67
J001476,2026-01-17,T038,G14,G06,11:24,11:28,4,Retarde,159,20.91
J001477,2026-06-15,T008,G14,G15,06:18,06:18,0,A l'heure,293,56.12
J001478,2025-11-24,T009,G09,G05,20:45,20:52,7,Retarde,279,66.91
J001479,2026-03-03,T032,G09,G04,11:36,11:36,0,A l'heure,110,17.41
J001480,2025-12-26,T007,G07,G15,11:36,11:41,5,Retarde,277,77.32
J001481,2026-01-18,T031,G08,G11,17:12,17:25,13,Retarde,146,26.64
J001482,2025-11-06,T009,G13,G03,11:30,11:30,0,A l'heure,334,73.94
J001483,2025-11-18,T023,G11,G08,15:45,15:45,0,A l'heure,180,34.83
J001484,2026-06-09,T036,G03,G06,05:21,05:21,0,A l'heure,142,23.84
J001485,2025-12-28,T036,G12,G11,13:30,13:30,0,A l'heure,147,29.42
J001486,2025-11-18,T021,G08,G10,11:15,11:22,7,Retarde,401,32.52
J001487,2025-10-16,T039,G01,G14,20:18,20:18,0,A l'heure,179,23.85
J001488,2026-05-31,T002,G11,G12,08:12,08:12,0,A l'heure,299,103.58
J001489,2025-12-20,T033,G08,G13,19:54,19:57,3,Retarde,199,23.63
J001490,2025-09-30,T024,G06,G02,11:24,11:52,28,Retarde,275,41.08
J001491,2026-06-25,T035,G11,G13,10:24,10:24,0,A l'heure,99,22.29
J001492,2025-12-22,T010,G11,G09,12:00,12:00,0,A l'heure,340,88.41
J001493,2026-06-27,T035,G03,G02,11:15,11:15,0,A l'heure,168,30.18
J001494,2026-01-10,T036,G14,G02,08:42,08:42,0,A l'heure,214,21.37
J001495,2026-08-28,T037,G07,G12,10:12,10:12,0,A l'heure,218,16.05
J001496,2026-03-27,T040,G03,G11,12:36,12:36,0,A l'heure,91,18.72
J001497,2026-08-03,T018,G03,G09,13:24,13:24,0,A l'heure,445,35.62
J001498,2025-09-05,T027,G01,G15,16:12,16:12,0,A l'heure,228,50.13
J001499,2026-07-20,T002,G07,G04,05:42,05:42,0,A l'heure,351,79.56
J001500,2026-05-14,T001,G05,G15,12:36,12:36,0,A l'heure,299,92.19
J001501,2026-08-30,T029,G15,G03,16:54,16:54,0,A l'heure,194,24.66
J001502,2025-10-31,T028,G02,G10,13:15,13:37,22,Retarde,272,50.89
J001503,2025-10-08,T025,G05,G11,14:42,15:16,34,Retarde,255,60.74
J001504,2026-05-23,T038,G01,G03,09:36,09:36,0,A l'heure,133,29.6
J001505,2026-01-23,T032,G05,G01,16:00,16:00,0,A l'heure,165,17.95
J001506,2025-10-17,T002,G15,G10,21:12,21:12,0,A l'heure,277,96.78
J001507,2025-10-03,T037,G13,G08,16:45,16:46,1,Retarde,95,21.34
J001508,2026-03-07,T014,G01,G13,08:12,08:12,0,A l'heure,366,81.79
J001509,2026-02-19,T010,G14,G11,10:45,10:45,0,A l'heure,235,101.5
J001510,2026-07-03,T001,G04,G15,21:45,21:45,0,A l'heure,335,92.79
J001511,2026-08-09,T009,G12,G03,05:12,,0,Annule,374,82.34
J001512,2025-09-15,T008,G09,G14,08:00,08:00,0,A l'heure,213,82.8
J001513,2026-07-21,T013,G09,G15,12:42,12:42,0,A l'heure,303,77.3
J001514,2026-04-07,T014,G02,G14,14:45,14:45,0,A l'heure,176,65.3
J001515,2026-03-06,T039,G13,G06,06:42,06:42,0,A l'heure,120,24.69
J001516,2026-06-24,T036,G06,G04,05:21,05:21,0,A l'heure,165,27.65
J001517,2026-05-26,T040,G05,G03,19:30,19:30,0,A l'heure,100,25.08
J001518,2026-05-26,T039,G12,G15,22:42,22:42,0,A l'heure,115,25.17
J001519,2026-01-28,T034,G11,G08,19:15,19:15,0,A l'heure,134,23.66
J001520,2026-08-31,T035,G09,G03,13:18,13:18,0,A l'heure,114,17.85
J001521,2026-01-16,T008,G04,G06,16:18,16:18,0,A l'heure,277,96.46
J001522,2025-10-01,T014,G14,G02,12:54,13:02,8,Retarde,299,91.83
J001523,2026-01-24,T020,G04,G07,08:00,08:00,0,A l'heure,276,44.32
J001524,2026-03-09,T035,G14,G11,08:18,08:18,0,A l'heure,148,19.03
J001525,2025-11-05,T010,G02,G15,06:54,06:54,0,A l'heure,276,64.14
J001526,2025-11-11,T002,G09,G07,12:12,12:12,0,A l'heure,303,100.78
J001527,2026-05-07,T037,G13,G11,09:24,09:24,0,A l'heure,144,15.26
J001528,2026-06-27,T016,G14,G12,11:36,11:36,0,A l'heure,417,51.29
J001529,2026-03-11,T011,G03,G07,09:21,09:45,24,Retarde,250,98.47
J001530,2026-01-21,T021,G09,G13,13:00,13:43,43,Retarde,530,28.6
J001531,2026-06-17,T013,G05,G07,05:36,05:36,0,A l'heure,177,69.92
J001532,2025-11-11,T024,G10,G15,12:36,12:40,4,Retarde,299,45.77
J001533,2026-08-20,T029,G05,G08,15:18,15:29,11,Retarde,94,24.51
J001534,2026-01-18,T030,G01,G07,15:30,15:40,10,Retarde,193,23.83
J001535,2025-11-13,T023,G14,G15,11:42,11:42,0,A l'heure,269,52.82
J001536,2026-06-17,T016,G13,G04,07:18,07:18,0,A l'heure,203,24.33
J001537,2026-05-20,T029,G14,G10,07:24,07:24,0,A l'heure,83,20.59
J001538,2025-10-17,T008,G06,G05,14:21,14:41,20,Retarde,245,98.08
J001539,2026-05-15,T026,G12,G03,07:06,07:09,3,Retarde,182,42.32
J001540,2026-01-21,T009,G06,G02,16:21,16:21,0,A l'heure,207,59.6
J001541,2026-01-27,T017,G14,G07,15:12,15:20,8,Retarde,319,22.79
J001542,2026-02-04,T008,G12,G09,17:42,17:42,0,A l'heure,270,71.86
J001543,2026-04-03,T003,G05,G11,11:30,11:30,0,A l'heure,377,103.88
J001544,2025-12-19,T040,G06,G03,07:36,07:36,0,A l'heure,136,16.94
J001545,2025-11-14,T033,G05,G07,20:12,20:12,0,A l'heure,160,25.41
J001546,2026-04-23,T023,G07,G08,21:48,21:48,0,A l'heure,249,42.83
J001547,2025-11-13,T008,G11,G12,14:30,14:38,8,Retarde,421,57.4
J001548,2026-05-20,T002,G01,G05,14:06,14:07,1,Retarde,280,89.4
J001549,2025-10-12,T004,G02,G04,13:45,13:45,0,A l'heure,372,110.16
J001550,2026-03-22,T011,G01,G14,08:54,08:54,0,A l'heure,347,79.68
J001551,2025-10-10,T013,G06,G08,19:36,19:36,0,A l'heure,320,52.65
J001552,2025-10-24,T006,G08,G14,09:06,09:06,0,A l'heure,173,71.89
J001553,2026-03-23,T006,G04,G06,07:36,07:36,0,A l'heure,235,91.07
J001554,2026-07-29,T020,G04,G06,09:24,09:45,21,Retarde,354,40.24
J001555,2026-08-06,T027,G01,G07,20:21,20:21,0,A l'heure,151,60.36
J001556,2026-05-22,T016,G07,G13,11:24,11:34,10,Retarde,546,22.69
J001557,2026-04-24,T036,G08,G11,15:06,15:08,2,Retarde,145,27.4
J001558,2025-11-29,T029,G08,G06,21:54,21:54,0,A l'heure,220,25.06
J001559,2026-01-08,T035,G13,G12,15:18,15:19,1,Retarde,148,16.22
J001560,2025-09-10,T038,G08,G14,08:00,,0,Annule,100,25.39
J001561,2026-04-18,T019,G10,G07,13:21,13:23,2,Retarde,418,26.96
J001562,2026-07-15,T030,G01,G03,13:12,13:12,0,A l'heure,90,20.81
J001563,2026-02-07,T027,G05,G15,14:48,14:48,0,A l'heure,178,44.61
J001564,2025-11-13,T006,G10,G15,10:30,10:43,13,Retarde,369,89.25
J001565,2025-10-30,T026,G08,G04,16:21,16:22,1,Retarde,196,35.09
J001566,2026-07-18,T040,G10,G11,15:21,15:21,0,A l'heure,182,30.37
J001567,2026-01-10,T015,G14,G10,21:48,21:48,0,A l'heure,406,35.22
J001568,2026-03-14,T031,G07,G03,05:24,05:31,7,Retarde,199,22.56
J001569,2025-11-08,T008,G12,G06,15:45,15:45,0,A l'heure,362,98.05
J001570,2025-12-19,T007,G03,G06,06:06,06:06,0,A l'heure,304,89.76
J001571,2026-07-12,T018,G02,G10,22:30,22:52,22,Retarde,412,29.78
J001572,2025-11-25,T040,G02,G10,18:48,18:48,0,A l'heure,164,17.5
J001573,2025-09-04,T038,G07,G10,09:48,09:49,1,Retarde,153,23.35
J001574,2026-07-25,T010,G13,G10,11:54,11:54,0,A l'heure,316,113.59
J001575,2026-02-10,T007,G11,G03,05:36,05:36,0,A l'heure,173,92.56
J001576,2026-06-13,T003,G09,G03,05:21,05:25,4,Retarde,374,71.02
J001577,2026-03-08,T031,G04,G09,18:30,18:30,0,A l'heure,176,17.75
J001578,2025-11-21,T001,G03,G05,14:18,14:18,0,A l'heure,205,93.18
J001579,2026-05-14,T016,G10,G05,21:48,21:48,0,A l'heure,483,35.65
J001580,2026-06-13,T004,G11,G13,18:48,19:08,20,Retarde,378,59.96
J001581,2026-08-02,T008,G13,G10,10:21,10:21,0,A l'heure,306,61.54
J001582,2026-07-22,T009,G05,G14,10:54,10:54,0,A l'heure,219,57.88
J001583,2025-09-27,T029,G02,G15,14:54,14:54,0,A l'heure,140,30.51
J001584,2026-02-05,T019,G02,G05,19:12,19:12,0,A l'heure,298,35.97
J001585,2026-02-05,T018,G08,G13,10:21,10:44,23,Retarde,368,27.5
J001586,2026-06-18,T013,G15,G12,15:06,15:14,8,Retarde,223,95.84
J001587,2025-12-07,T012,G12,G09,07:15,07:15,0,A l'heure,254,72.72
J001588,2026-04-06,T024,G12,G04,11:36,11:51,15,Retarde,185,56.55
J001589,2026-06-05,T004,G14,G10,19:42,19:42,0,A l'heure,262,97.79
J001590,2025-09-01,T020,G13,G09,22:15,22:15,0,A l'heure,341,42.99
J001591,2026-08-23,T016,G07,G01,09:30,09:34,4,Retarde,467,40.62
J001592,2026-05-16,T025,G06,G04,22:24,,0,Annule,308,43.98
J001593,2026-02-24,T021,G11,G03,18:54,18:54,0,A l'heure,296,31.38
J001594,2026-08-09,T021,G08,G14,17:15,17:20,5,Retarde,470,42.66
J001595,2026-03-28,T008,G11,G03,15:12,15:12,0,A l'heure,461,77.18
J001596,2026-07-09,T009,G06,G02,10:36,10:36,0,A l'heure,358,80.38
J001597,2026-02-10,T031,G07,G05,20:12,20:12,0,A l'heure,145,19.83
J001598,2026-03-04,T023,G03,G15,13:54,13:54,0,A l'heure,155,48.82
J001599,2026-03-01,T011,G07,G04,11:48,11:55,7,Retarde,322,80.84
J001600,2026-02-17,T040,G11,G06,05:36,05:38,2,Retarde,57,20.19
J001601,2026-01-06,T040,G07,G10,10:00,10:00,0,A l'heure,167,25.21
J001602,2025-12-30,T004,G07,G15,12:00,12:00,0,A l'heure,323,85.3
J001603,2026-06-20,T032,G14,G13,11:48,11:48,0,A l'heure,164,27.3
J001604,2026-05-28,T013,G13,G09,22:48,22:58,10,Retarde,297,84.81
J001605,2025-11-13,T013,G14,G06,20:30,20:30,0,A l'heure,345,60.24
J001606,2026-03-23,T005,G10,G15,19:24,19:24,0,A l'heure,348,92.46
J001607,2025-12-20,T024,G12,G06,21:42,21:48,6,Retarde,320,46.66
J001608,2026-08-14,T032,G09,G10,20:21,20:21,0,A l'heure,132,25.73
J001609,2026-04-24,T020,G08,G11,15:30,15:30,0,A l'heure,323,42.45
J001610,2025-12-28,T027,G10,G08,05:12,05:12,0,A l'heure,264,38.58
J001611,2025-09-01,T011,G10,G05,13:12,13:12,0,A l'heure,352,101.56
J001612,2026-03-23,T027,G09,G03,07:42,07:42,0,A l'heure,252,51.59
J001613,2026-06-16,T036,G07,G03,09:24,09:24,0,A l'heure,113,17.02
J001614,2026-04-28,T002,G07,G13,19:15,19:15,0,A l'heure,350,53.82
J001615,2025-10-15,T005,G03,G14,13:36,13:36,0,A l'heure,302,67.66
J001616,2026-08-07,T010,G11,G14,08:15,08:15,0,A l'heure,357,91.08
J001617,2025-09-24,T022,G13,G12,14:21,14:45,24,Retarde,260,27.69
J001618,2026-01-04,T037,G07,G11,09:15,09:15,0,A l'heure,172,25.06
J001619,2025-09-11,T011,G10,G03,14:48,14:48,0,A l'heure,278,56.95
J001620,2026-08-22,T033,G15,G11,07:06,07:06,0,A l'heure,177,23.78
J001621,2026-03-31,T038,G10,G14,06:21,06:41,20,Retarde,150,28.01
J001622,2026-05-20,T030,G07,G04,19:48,19:48,0,A l'heure,98,26.55
J001623,2026-08-25,T035,G12,G02,11:45,11:45,0,A l'heure,126,22.67
J001624,2026-08-05,T020,G09,G06,06:45,06:45,0,A l'heure,358,31.48
J001625,2026-06-22,T023,G07,G13,12:45,12:45,0,A l'heure,243,40.31
J001626,2025-10-20,T016,G11,G05,15:30,15:30,0,A l'heure,319,32.91
J001627,2026-01-04,T014,G11,G01,05:15,05:16,1,Retarde,285,89.98
J001628,2026-01-01,T024,G07,G15,13:42,14:04,22,Retarde,228,34.9
J001629,2026-07-19,T001,G03,G08,08:15,08:16,1,Retarde,362,115.56
J001630,2025-10-08,T022,G09,G03,15:06,15:06,0,A l'heure,417,43.02
J001631,2026-03-24,T012,G08,G15,17:06,17:06,0,A l'heure,350,71.28
J001632,2026-07-06,T031,G10,G14,18:15,18:15,0,A l'heure,110,15.34
J001633,2026-08-29,T027,G09,G10,20:21,20:21,0,A l'heure,256,48.03
J001634,2025-09-19,T006,G13,G12,10:12,10:12,0,A l'heure,327,66.99
J001635,2026-08-09,T040,G08,G11,15:00,15:07,7,Retarde,139,23.64
J001636,2025-09-16,T021,G06,G07,18:36,18:50,14,Retarde,377,23.25
J001637,2025-11-07,T032,G04,G02,15:12,15:13,1,Retarde,80,27.11
J001638,2026-05-07,T030,G02,G08,12:06,12:06,0,A l'heure,87,14.75
J001639,2026-01-20,T015,G12,G14,12:45,12:45,0,A l'heure,476,24.74
J001640,2025-12-26,T013,G12,G07,13:48,14:17,29,Retarde,398,98.43
J001641,2026-02-23,T029,G08,G07,19:12,19:12,0,A l'heure,160,18.29
J001642,2026-06-16,T006,G04,G02,12:18,12:18,0,A l'heure,338,101.62
J001643,2025-12-08,T036,G03,G11,18:36,18:36,0,A l'heure,130,18.52
J001644,2026-08-05,T037,G15,G10,17:06,17:16,10,Retarde,104,23.53
J001645,2026-03-07,T037,G09,G14,08:12,08:13,1,Retarde,176,17.83
J001646,2026-03-21,T021,G03,G10,12:30,12:30,0,A l'heure,634,32.86
J001647,2026-02-07,T013,G15,G05,18:45,19:01,16,Retarde,424,90.54
J001648,2025-12-07,T018,G09,G05,18:24,18:24,0,A l'heure,468,29.09
J001649,2025-11-20,T022,G08,G04,21:45,21:45,0,A l'heure,274,41.33
J001650,2026-04-13,T037,G02,G05,09:45,09:45,0,A l'heure,118,17.3
J001651,2026-05-18,T015,G05,G01,06:18,06:42,24,Retarde,411,37.41
J001652,2025-10-25,T007,G13,G06,07:45,07:45,0,A l'heure,279,83.39
J001653,2026-06-12,T037,G11,G05,05:12,05:12,0,A l'heure,151,20.02
J001654,2026-06-20,T007,G03,G09,12:18,12:20,2,Retarde,322,82.86
J001655,2025-12-22,T032,G01,G11,13:54,13:54,0,A l'heure,124,20.16
J001656,2026-04-09,T039,G13,G06,20:54,20:54,0,A l'heure,105,24.33
J001657,2026-01-24,T016,G08,G07,08:12,08:12,0,A l'heure,564,28.54
J001658,2026-01-13,T021,G11,G13,07:24,07:24,0,A l'heure,373,30.26
J001659,2026-04-27,T006,G11,G02,05:45,05:49,4,Retarde,164,102.73
J001660,2025-10-10,T013,G08,G10,20:42,20:53,11,Retarde,394,102.85
J001661,2025-12-19,T006,G02,G05,19:12,19:12,0,A l'heure,156,53.34
J001662,2026-01-25,T034,G03,G04,06:30,06:30,0,A l'heure,204,32.48
J001663,2025-09-02,T001,G06,G14,19:42,19:42,0,A l'heure,255,59.58
J001664,2025-11-28,T038,G12,G15,09:00,09:11,11,Retarde,193,28.71
J001665,2026-08-14,T018,G07,G13,10:42,10:42,0,A l'heure,452,25.33
J001666,2026-06-30,T012,G09,G12,14:18,14:18,0,A l'heure,289,72.29
J001667,2026-05-01,T003,G09,G07,08:24,08:24,0,A l'heure,393,73.4
J001668,2026-01-11,T006,G11,G01,14:42,14:52,10,Retarde,367,84.63
J001669,2026-08-30,T003,G05,G02,06:24,06:31,7,Retarde,323,97.4
J001670,2026-03-17,T019,G12,G02,08:21,09:13,52,Retarde,219,36.7
J001671,2026-03-04,T005,G02,G09,16:24,16:24,0,A l'heure,421,100.4
J001672,2025-11-16,T016,G01,G12,07:15,,0,Annule,405,45.08
J001673,2026-02-11,T002,G12,G07,22:12,22:12,0,A l'heure,371,92.39
J001674,2026-04-29,T010,G07,G03,10:48,11:03,15,Retarde,305,53.79
J001675,2026-01-19,T009,G01,G15,19:06,19:06,0,A l'heure,237,67.76
J001676,2025-11-23,T028,G02,G03,19:54,19:54,0,A l'heure,273,39.47
J001677,2026-08-08,T021,G02,G01,11:15,11:24,9,Retarde,375,30.49
J001678,2025-12-08,T002,G04,G02,16:12,16:12,0,A l'heure,299,66.67
J001679,2025-09-11,T008,G04,G15,11:36,11:36,0,A l'heure,442,52.52
J001680,2026-06-30,T040,G05,G06,07:00,07:00,0,A l'heure,141,20.45
J001681,2025-09-07,T036,G14,G06,14:42,14:42,0,A l'heure,210,23.02
J001682,2025-11-08,T009,G13,G03,20:54,20:54,0,A l'heure,348,92.96
J001683,2025-11-23,T027,G11,G13,08:45,08:45,0,A l'heure,208,41.24
J001684,2026-02-14,T031,G09,G02,18:30,18:30,0,A l'heure,81,19.98
J001685,2025-12-11,T027,G02,G10,09:18,09:18,0,A l'heure,97,35.18
J001686,2026-08-03,T026,G11,G02,07:54,07:54,0,A l'heure,188,53.55
J001687,2025-09-01,T017,G08,G01,09:54,09:54,0,A l'heure,412,23.45
J001688,2026-01-10,T007,G10,G11,16:12,16:12,0,A l'heure,453,90.33
J001689,2025-10-22,T018,G13,G10,12:54,12:54,0,A l'heure,388,27.36
J001690,2026-08-13,T035,G11,G04,15:24,15:29,5,Retarde,88,14.45
J001691,2025-12-06,T010,G15,G07,22:36,22:42,6,Retarde,382,98.97
J001692,2025-09-05,T012,G05,G10,21:15,21:15,0,A l'heure,309,86.21
J001693,2026-07-24,T036,G10,G12,22:06,22:06,0,A l'heure,163,16.92
J001694,2025-12-25,T023,G10,G13,18:30,18:31,1,Retarde,222,39.41
J001695,2026-02-04,T014,G11,G05,18:30,18:30,0,A l'heure,318,103.15
J001696,2026-04-04,T006,G01,G04,06:48,06:48,0,A l'heure,373,75.37
J001697,2025-12-18,T019,G07,G13,10:06,10:06,0,A l'heure,574,38.11
J001698,2025-10-13,T035,G04,G07,10:06,10:06,0,A l'heure,113,26.61
J001699,2025-11-20,T032,G13,G09,16:48,16:48,0,A l'heure,202,25.01
J001700,2026-03-23,T008,G11,G03,11:12,11:12,0,A l'heure,409,60.8
J001701,2026-01-27,T013,G01,G12,22:24,22:24,0,A l'heure,250,87.04
J001702,2025-09-10,T027,G06,G09,20:24,20:24,0,A l'heure,238,57.99
J001703,2025-11-09,T030,G12,G04,19:21,19:21,0,A l'heure,188,16.96
J001704,2026-02-05,T011,G13,G05,15:15,15:24,9,Retarde,273,97.2
J001705,2025-10-07,T005,G08,G12,06:36,06:36,0,A l'heure,441,63.02
J001706,2026-02-18,T008,G01,G13,06:18,06:19,1,Retarde,341,83.55
J001707,2026-08-05,T008,G02,G07,19:18,19:34,16,Retarde,252,97.81
J001708,2025-11-28,T037,G15,G04,09:24,09:24,0,A l'heure,181,21.98
J001709,2025-09-12,T014,G07,G06,22:06,22:06,0,A l'heure,177,74.66
J001710,2026-05-07,T021,G14,G07,15:45,15:45,0,A l'heure,417,29.72
J001711,2025-11-15,T032,G02,G10,06:15,06:21,6,Retarde,123,18.66
J001712,2025-09-23,T017,G06,G03,07:21,07:21,0,A l'heure,332,26.97
J001713,2025-09-26,T006,G09,G12,19:54,19:54,0,A l'heure,273,87.23
J001714,2025-11-16,T035,G03,G09,07:42,07:42,0,A l'heure,152,28.63
J001715,2025-12-02,T006,G10,G01,13:15,13:15,0,A l'heure,302,101.38
J001716,2025-10-30,T022,G06,G09,19:15,19:15,0,A l'heure,292,30.17
J001717,2025-09-10,T021,G03,G14,22:48,23:04,16,Retarde,555,32.09
J001718,2026-02-03,T021,G05,G03,13:06,13:22,16,Retarde,300,27.6
J001719,2025-10-24,T027,G02,G01,07:21,07:21,0,A l'heure,136,41.61
J001720,2026-03-06,T014,G11,G06,16:12,16:17,5,Retarde,340,81.85
J001721,2025-09-09,T034,G09,G10,14:30,14:30,0,A l'heure,168,15.93
J001722,2026-04-06,T035,G04,G02,06:45,06:45,0,A l'heure,165,22.64
J001723,2025-09-27,T030,G07,G01,21:15,21:19,4,Retarde,182,20.97
J001724,2026-06-21,T026,G11,G04,07:54,07:54,0,A l'heure,241,40.37
J001725,2025-12-20,T003,G12,G05,22:45,22:45,0,A l'heure,252,110.79
J001726,2025-09-09,T005,G13,G04,16:00,16:01,1,Retarde,383,73.95
J001727,2026-08-28,T016,G03,G02,20:06,20:06,0,A l'heure,412,34.52
J001728,2026-01-29,T034,G05,G14,05:54,05:56,2,Retarde,110,23.89
J001729,2026-08-12,T021,G04,G10,22:21,22:37,16,Retarde,393,37.13
J001730,2025-10-16,T036,G07,G09,15:45,15:45,0,A l'heure,118,19.34
J001731,2025-11-07,T025,G08,G10,05:54,05:54,0,A l'heure,226,30.75
J001732,2026-01-23,T037,G06,G11,15:15,15:25,10,Retarde,86,26.95
J001733,2026-01-25,T004,G03,G02,22:21,22:26,5,Retarde,325,119.15
J001734,2026-04-13,T012,G15,G01,20:42,20:42,0,A l'heure,354,60.55
J001735,2026-07-11,T038,G13,G04,06:21,,0,Annule,164,30.72
J001736,2025-10-18,T004,G08,G11,10:42,10:42,0,A l'heure,510,107.32
J001737,2026-07-18,T031,G13,G10,06:54,06:59,5,Retarde,160,22.08
J001738,2026-08-15,T024,G09,G07,10:24,10:28,4,Retarde,285,67.54
J001739,2026-03-24,T032,G03,G07,10:42,10:44,2,Retarde,126,27.73
J001740,2025-11-11,T007,G15,G09,10:30,10:34,4,Retarde,293,55.35
J001741,2025-10-18,T006,G03,G02,05:18,05:18,0,A l'heure,380,79.14
J001742,2025-12-25,T006,G05,G11,21:00,21:06,6,Retarde,480,69.23
J001743,2026-03-12,T014,G05,G03,09:06,09:08,2,Retarde,310,58.41
J001744,2025-09-23,T015,G01,G15,15:24,15:27,3,Retarde,457,44.35
J001745,2025-12-08,T026,G06,G08,07:06,07:06,0,A l'heure,85,46.36
J001746,2026-05-07,T008,G01,G09,16:42,17:01,19,Retarde,276,84.02
J001747,2026-04-18,T018,G07,G05,18:18,18:37,19,Retarde,384,42.1
J001748,2026-04-07,T026,G12,G15,14:36,14:42,6,Retarde,134,43.84
J001749,2026-07-22,T024,G11,G03,16:24,16:27,3,Retarde,86,58.96
J001750,2025-11-10,T032,G06,G08,05:21,05:21,0,A l'heure,134,18.9
J001751,2025-09-08,T025,G10,G05,16:06,16:06,0,A l'heure,251,42.42
J001752,2026-03-10,T033,G06,G05,18:48,18:48,0,A l'heure,165,16.72
J001753,2025-12-03,T016,G09,G05,22:24,22:24,0,A l'heure,507,34.97
J001754,2025-10-25,T010,G09,G11,10:36,10:36,0,A l'heure,377,97.92
J001755,2025-12-02,T026,G05,G04,05:42,05:42,0,A l'heure,158,53.85
J001756,2026-03-23,T002,G15,G06,17:30,17:30,0,A l'heure,320,83.67
J001757,2026-05-16,T004,G15,G06,17:54,17:54,0,A l'heure,394,89.81
J001758,2025-12-05,T035,G10,G08,05:45,05:48,3,Retarde,153,15.77
J001759,2026-05-02,T014,G11,G12,16:18,16:18,0,A l'heure,312,85.35
J001760,2026-05-28,T015,G06,G13,11:45,11:48,3,Retarde,373,24.94
J001761,2025-09-01,T029,G09,G13,15:24,15:24,0,A l'heure,170,27.03
J001762,2026-02-27,T034,G05,G11,15:24,15:24,0,A l'heure,145,22.61
J001763,2025-12-15,T013,G02,G14,14:12,14:12,0,A l'heure,354,74.89
J001764,2025-10-16,T025,G03,G13,11:30,11:34,4,Retarde,117,43.33
J001765,2026-01-06,T036,G07,G14,14:06,14:06,0,A l'heure,112,19.07
J001766,2025-11-11,T034,G04,G03,12:24,12:24,0,A l'heure,188,28.67
J001767,2026-07-27,T028,G14,G08,07:30,08:06,36,Retarde,218,53.33
J001768,2026-01-04,T019,G08,G13,19:21,19:21,0,A l'heure,320,42.45
J001769,2025-10-04,T003,G08,G15,21:48,21:48,0,A l'heure,471,100.14
J001770,2026-07-16,T007,G15,G06,11:06,11:09,3,Retarde,382,69.23
J001771,2026-02-07,T031,G01,G15,14:21,14:40,19,Retarde,145,21.94
J001772,2026-04-03,T013,G07,G03,15:48,15:48,0,A l'heure,370,91.66
J001773,2026-02-26,T035,G15,G07,10:30,10:33,3,Retarde,74,17.38
J001774,2026-06-16,T018,G01,G10,19:45,19:45,0,A l'heure,482,42.68
J001775,2026-03-10,T037,G03,G12,20:45,20:45,0,A l'heure,119,25.23
J001776,2026-08-06,T014,G15,G14,15:12,15:15,3,Retarde,443,73.95
J001777,2025-11-26,T010,G11,G07,19:45,19:45,0,A l'heure,258,60.84
J001778,2025-12-05,T007,G12,G13,13:54,14:20,26,Retarde,281,93.98
J001779,2026-06-10,T040,G11,G05,11:24,11:38,14,Retarde,85,14.41
J001780,2026-01-11,T034,G01,G15,22:18,22:18,0,A l'heure,145,20.67
J001781,2026-08-18,T024,G07,G05,17:18,17:18,0,A l'heure,314,56.92
J001782,2026-08-17,T037,G10,G15,12:36,12:40,4,Retarde,71,25.87
J001783,2026-04-15,T016,G09,G07,10:24,10:37,13,Retarde,406,30.9
J001784,2026-01-14,T040,G06,G05,10:24,10:54,30,Retarde,125,24.34
J001785,2026-05-29,T020,G04,G15,15:36,15:52,16,Retarde,297,34.76
J001786,2026-05-22,T030,G10,G08,14:48,14:50,2,Retarde,102,20.59
J001787,2026-01-17,T013,G03,G01,20:24,20:25,1,Retarde,348,82.31
J001788,2025-10-09,T037,G04,G14,11:06,11:06,0,A l'heure,130,20.69
J001789,2026-02-17,T039,G09,G05,18:15,18:27,12,Retarde,185,22.56
J001790,2026-01-23,T004,G12,G10,22:15,22:15,0,A l'heure,390,77.99
J001791,2026-04-12,T014,G04,G02,11:48,,0,Annule,472,89.52
J001792,2026-02-28,T013,G05,G10,10:30,10:42,12,Retarde,364,107.25
J001793,2026-03-07,T037,G01,G04,14:54,14:54,0,A l'heure,174,30.85
J001794,2026-06-08,T011,G03,G02,14:12,14:12,0,A l'heure,379,74.84
J001795,2025-10-11,T009,G15,G08,12:06,12:07,1,Retarde,346,88.27
J001796,2026-01-25,T011,G03,G01,11:30,11:39,9,Retarde,240,113.72
J001797,2025-10-12,T035,G05,G06,22:15,22:15,0,A l'heure,220,26.45
J001798,2025-12-01,T002,G12,G08,20:45,20:45,0,A l'heure,275,93.21
J001799,2025-10-20,T034,G06,G09,11:15,11:15,0,A l'heure,121,20.82
J001800,2025-09-19,T037,G13,G05,21:21,21:21,0,A l'heure,171,25.05
J001801,2026-03-06,T020,G15,G14,16:36,16:41,5,Retarde,276,39.31
J001802,2026-06-11,T031,G12,G04,09:45,09:45,0,A l'heure,114,17.67
J001803,2026-05-23,T022,G05,G08,19:48,19:48,0,A l'heure,331,40.48
J001804,2026-08-03,T007,G13,G07,14:12,14:12,0,A l'heure,209,93.19
J001805,2026-03-05,T036,G11,G05,21:15,21:15,0,A l'heure,147,23.01
J001806,2026-08-01,T026,G11,G09,22:48,23:27,39,Retarde,255,68.72
J001807,2025-11-25,T009,G02,G01,19:30,19:30,0,A l'heure,241,68.7
J001808,2026-04-30,T005,G08,G09,20:42,20:42,0,A l'heure,404,96.3
J001809,2026-04-11,T017,G15,G04,22:42,22:42,0,A l'heure,128,49.48
J001810,2026-06-18,T016,G10,G01,15:12,15:12,0,A l'heure,488,35.51
J001811,2026-01-06,T001,G06,G10,06:12,06:13,1,Retarde,166,82.37
J001812,2025-09-02,T012,G02,G01,05:21,05:21,0,A l'heure,441,52.79
J001813,2026-06-22,T039,G01,G14,05:45,05:45,0,A l'heure,96,23.2
J001814,2025-09-29,T029,G08,G07,12:42,12:42,0,A l'heure,174,23.49
J001815,2026-08-11,T037,G03,G09,19:30,19:33,3,Retarde,160,16.91
J001816,2026-02-04,T027,G13,G15,22:21,22:21,0,A l'heure,196,35.16
J001817,2026-02-15,T005,G09,G06,11:12,11:17,5,Retarde,378,67.96
J001818,2025-10-05,T032,G03,G06,07:30,07:36,6,Retarde,150,31.98
J001819,2025-11-20,T011,G08,G15,22:45,22:45,0,A l'heure,328,94.08
J001820,2026-08-15,T037,G04,G06,12:06,12:10,4,Retarde,170,26.14
J001821,2026-01-20,T035,G14,G11,11:54,11:54,0,A l'heure,113,28.31
J001822,2025-11-24,T018,G15,G07,06:36,06:36,0,A l'heure,269,25.16
J001823,2026-08-30,T034,G06,G07,11:54,11:54,0,A l'heure,175,22.96
J001824,2026-01-20,T037,G07,G06,16:00,16:23,23,Retarde,133,25.21
J001825,2025-10-01,T004,G09,G15,21:30,21:30,0,A l'heure,297,75.64
J001826,2025-10-25,T038,G10,G11,08:54,08:54,0,A l'heure,142,31.05
J001827,2026-04-26,T038,G03,G14,21:48,21:48,0,A l'heure,220,19.36
J001828,2025-12-13,T034,G08,G09,07:36,07:41,5,Retarde,176,28.28
J001829,2026-01-09,T002,G08,G02,16:42,16:42,0,A l'heure,332,87.39
J001830,2026-02-10,T028,G11,G08,15:48,15:54,6,Retarde,207,36.3
J001831,2026-05-05,T006,G11,G06,10:45,10:45,0,A l'heure,287,68.25
J001832,2026-01-17,T027,G13,G15,09:42,,0,Annule,314,61.91
J001833,2026-06-17,T024,G14,G02,20:15,20:15,0,A l'heure,221,47.62
J001834,2026-08-10,T010,G15,G11,22:12,22:12,0,A l'heure,373,69.62
J001835,2025-10-17,T033,G15,G11,20:21,20:21,0,A l'heure,167,19.75
J001836,2025-11-18,T011,G01,G14,21:36,21:36,0,A l'heure,163,69.51
J001837,2025-11-23,T028,G10,G11,16:00,17:53,113,Fortement retarde,200,61.14
J001838,2025-12-06,T025,G09,G11,07:15,07:27,12,Retarde,312,57.93
J001839,2026-08-07,T031,G04,G06,16:24,16:24,0,A l'heure,83,19.1
J001840,2025-10-22,T021,G14,G02,12:00,12:00,0,A l'heure,419,41.19
J001841,2026-06-13,T019,G12,G01,19:42,19:49,7,Retarde,367,30.1
J001842,2025-12-23,T034,G10,G06,19:06,19:09,3,Retarde,131,18.41
J001843,2025-11-09,T040,G10,G07,09:24,09:25,1,Retarde,94,31.35
J001844,2026-05-04,T034,G07,G03,16:45,16:45,0,A l'heure,120,28.17
J001845,2026-05-08,T026,G15,G01,16:54,17:00,6,Retarde,316,49.23
J001846,2025-12-20,T012,G14,G08,15:12,15:48,36,Retarde,329,112.66
J001847,2025-10-11,T007,G05,G04,08:15,08:15,0,A l'heure,315,96.48
J001848,2026-08-26,T024,G05,G02,15:54,16:49,55,Retarde,254,57.15
J001849,2026-05-22,T023,G03,G01,14:24,14:24,0,A l'heure,162,32.03
J001850,2026-06-24,T032,G15,G01,14:30,14:30,0,A l'heure,83,16.51
J001851,2026-05-13,T021,G10,G05,21:42,22:32,50,Retarde,336,25.64
J001852,2026-08-26,T039,G02,G14,06:54,06:54,0,A l'heure,173,21.38
J001853,2026-07-11,T026,G04,G02,06:36,06:36,0,A l'heure,208,51.42
J001854,2026-06-15,T019,G02,G07,13:15,13:23,8,Retarde,306,43.16
J001855,2025-11-28,T031,G07,G15,21:15,21:15,0,A l'heure,141,21.93
J001856,2026-05-22,T038,G02,G09,21:48,21:48,0,A l'heure,135,26.63
J001857,2026-02-01,T022,G04,G12,18:42,18:42,0,A l'heure,425,33.19
J001858,2025-09-17,T015,G14,G07,10:18,10:25,7,Retarde,468,34.11
J001859,2026-07-25,T030,G15,G01,22:06,22:13,7,Retarde,132,20.08
J001860,2026-07-03,T034,G13,G03,17:45,17:45,0,A l'heure,195,22.43
J001861,2026-07-12,T036,G05,G03,16:06,16:06,0,A l'heure,162,31.84
J001862,2026-07-03,T014,G02,G11,11:48,11:48,0,A l'heure,444,74.68
J001863,2025-09-16,T004,G12,G10,07:48,07:48,0,A l'heure,296,85.59
J001864,2026-06-16,T027,G06,G14,08:24,08:24,0,A l'heure,196,55.53
J001865,2025-10-07,T009,G02,G14,13:36,13:36,0,A l'heure,358,56.6
J001866,2026-05-21,T019,G03,G14,22:06,22:06,0,A l'heure,301,43.35
J001867,2026-01-16,T016,G11,G07,21:45,22:21,36,Retarde,386,24.3
J001868,2025-11-14,T013,G04,G12,20:45,20:45,0,A l'heure,412,76.01
J001869,2025-10-11,T039,G03,G09,16:24,16:24,0,A l'heure,141,22.08
J001870,2026-03-13,T017,G07,G09,16:36,16:36,0,A l'heure,473,26.54
J001871,2026-04-18,T002,G03,G10,14:54,14:54,0,A l'heure,362,73.28
J001872,2026-04-12,T036,G11,G04,05:12,05:12,0,A l'heure,220,32.28
J001873,2026-06-06,T030,G08,G01,08:54,08:54,0,A l'heure,167,28.92
J001874,2026-01-06,T032,G02,G13,15:45,15:45,0,A l'heure,116,22.25
J001875,2026-06-02,T033,G09,G15,11:18,11:19,1,Retarde,176,27.07
J001876,2026-06-20,T021,G07,G06,06:15,06:16,1,Retarde,459,39.55
J001877,2026-05-05,T010,G09,G02,08:48,08:48,0,A l'heure,218,68.62
J001878,2026-05-17,T038,G11,G12,13:21,13:21,0,A l'heure,180,29.25
J001879,2026-07-11,T037,G04,G06,05:45,05:45,0,A l'heure,133,18.42
J001880,2026-07-13,T019,G02,G08,05:48,05:48,0,A l'heure,354,39.86
J001881,2026-02-13,T034,G08,G14,12:36,12:36,0,A l'heure,163,23.07
J001882,2026-05-06,T002,G06,G10,16:15,16:15,0,A l'heure,403,78.9
J001883,2026-01-05,T024,G04,G01,05:45,05:45,0,A l'heure,197,33.36
J001884,2026-06-04,T022,G07,G13,07:54,07:54,0,A l'heure,433,35.48
J001885,2025-11-27,T037,G06,G08,13:18,13:20,2,Retarde,120,20.51
J001886,2026-07-16,T027,G11,G12,06:15,06:30,15,Retarde,273,46.42
J001887,2026-02-04,T003,G01,G02,12:48,12:48,0,A l'heure,254,62.9
J001888,2025-11-30,T038,G15,G05,12:06,12:06,0,A l'heure,190,21.13
J001889,2026-06-07,T025,G07,G13,16:06,16:06,0,A l'heure,166,59.02
J001890,2025-10-26,T040,G15,G03,15:06,15:06,0,A l'heure,156,25.54
J001891,2026-03-31,T023,G04,G05,21:21,21:21,0,A l'heure,140,58.46
J001892,2025-10-07,T008,G10,G13,17:42,17:42,0,A l'heure,260,57.54
J001893,2025-09-08,T028,G12,G11,15:15,15:18,3,Retarde,266,35.61
J001894,2026-01-30,T036,G12,G06,12:48,12:48,0,A l'heure,146,23.07
J001895,2025-11-25,T017,G09,G13,06:48,06:48,0,A l'heure,382,24.71
J001896,2026-04-23,T036,G01,G06,17:15,17:15,0,A l'heure,129,14.84
J001897,2025-10-27,T032,G14,G04,09:21,09:21,0,A l'heure,115,19.92
J001898,2025-10-09,T001,G01,G12,05:36,05:36,0,A l'heure,402,73.57
J001899,2026-04-28,T008,G05,G07,19:21,19:22,1,Retarde,263,92.54
J001900,2026-03-26,T001,G01,G02,08:48,08:48,0,A l'heure,257,74.96
J001901,2026-01-05,T020,G01,G04,19:06,19:14,8,Retarde,292,38.67
J001902,2025-11-02,T035,G02,G07,18:18,18:20,2,Retarde,156,17.47
J001903,2025-09-27,T022,G15,G08,18:54,18:54,0,A l'heure,553,44.87
J001904,2026-02-05,T024,G11,G08,19:45,19:45,0,A l'heure,147,47.61
J001905,2025-12-15,T025,G14,G04,05:21,05:40,19,Retarde,171,56.58
J001906,2026-02-21,T036,G02,G11,05:48,05:51,3,Retarde,177,29.32
J001907,2026-08-28,T024,G14,G01,07:54,08:06,12,Retarde,220,54.92
J001908,2025-11-02,T035,G09,G05,21:18,21:22,4,Retarde,166,21.6
J001909,2026-07-29,T032,G13,G07,12:54,12:54,0,A l'heure,119,19.4
J001910,2026-07-26,T005,G13,G15,22:42,22:42,0,A l'heure,510,75.0
J001911,2025-12-27,T027,G07,G10,15:18,15:18,0,A l'heure,203,64.54
J001912,2026-07-15,T030,G03,G13,17:00,17:00,0,A l'heure,93,26.24
J001913,2025-09-28,T021,G15,G02,15:12,15:12,0,A l'heure,436,51.0
J001914,2026-07-06,T009,G13,G07,21:24,21:24,0,A l'heure,432,93.72
J001915,2026-08-01,T036,G06,G13,07:18,07:19,1,Retarde,157,27.25
J001916,2026-06-24,T034,G05,G13,13:00,13:00,0,A l'heure,132,16.9
J001917,2026-02-21,T023,G10,G12,16:06,16:10,4,Retarde,122,54.07
J001918,2026-06-05,T016,G15,G08,16:18,16:19,1,Retarde,328,34.23
J001919,2026-06-22,T026,G05,G07,08:36,08:36,0,A l'heure,289,48.86
J001920,2025-11-20,T002,G12,G10,08:36,08:36,0,A l'heure,320,74.24
J001921,2026-08-20,T019,G10,G02,09:48,09:50,2,Retarde,196,42.85
J001922,2026-03-13,T035,G08,G07,05:00,05:09,9,Retarde,131,22.59
J001923,2026-03-29,T032,G03,G04,13:30,13:34,4,Retarde,189,29.58
J001924,2026-06-18,T020,G11,G08,18:24,18:24,0,A l'heure,265,27.99
J001925,2026-04-16,T017,G12,G01,15:36,15:36,0,A l'heure,309,24.78
J001926,2026-08-17,T016,G14,G03,11:18,11:19,1,Retarde,295,27.2
J001927,2025-09-22,T032,G08,G09,10:54,10:54,0,A l'heure,106,19.68
J001928,2025-11-11,T019,G05,G06,09:12,09:14,2,Retarde,502,37.44
J001929,2026-07-16,T034,G06,G10,06:45,06:45,0,A l'heure,106,17.63
J001930,2026-06-20,T007,G05,G13,17:45,17:45,0,A l'heure,454,62.16
J001931,2026-08-05,T009,G14,G13,08:15,08:15,0,A l'heure,248,82.85
J001932,2026-08-09,T035,G01,G13,07:06,07:06,0,A l'heure,119,22.7
J001933,2025-12-06,T032,G12,G10,08:54,08:54,0,A l'heure,128,28.98
J001934,2025-11-27,T010,G10,G06,19:36,19:36,0,A l'heure,247,74.66
J001935,2026-04-19,T001,G05,G12,14:30,14:30,0,A l'heure,366,92.21
J001936,2025-12-24,T028,G05,G03,18:42,18:42,0,A l'heure,193,57.29
J001937,2026-07-28,T021,G15,G04,05:15,05:42,27,Retarde,431,35.93
J001938,2025-10-03,T001,G13,G15,11:54,12:00,6,Retarde,258,82.24
J001939,2026-06-22,T031,G02,G11,07:48,07:48,0,A l'heure,155,24.64
J001940,2025-11-12,T012,G03,G13,19:12,19:12,0,A l'heure,490,65.57
J001941,2026-02-08,T001,G03,G07,11:18,11:18,0,A l'heure,289,104.7
J001942,2026-05-06,T008,G01,G02,22:36,22:38,2,Retarde,429,102.78
J001943,2026-05-30,T005,G13,G15,22:15,22:15,0,A l'heure,392,69.11
J001944,2026-01-26,T019,G12,G15,22:42,22:42,0,A l'heure,345,42.57
J001945,2026-06-21,T005,G10,G03,08:30,08:33,3,Retarde,329,74.56
J001946,2026-05-04,T026,G04,G02,14:21,14:30,9,Retarde,253,56.74
J001947,2025-12-26,T030,G06,G08,12:45,12:46,1,Retarde,87,24.84
J001948,2025-12-29,T019,G08,G05,10:00,10:22,22,Retarde,315,35.33
J001949,2026-02-20,T034,G04,G14,17:21,17:21,0,A l'heure,125,23.32
J001950,2026-07-26,T003,G09,G01,14:30,14:30,0,A l'heure,332,69.7
J001951,2025-10-06,T039,G14,G08,12:06,12:06,0,A l'heure,137,22.74
J001952,2026-05-27,T007,G06,G15,06:06,,0,Annule,381,86.81
J001953,2026-06-14,T034,G11,G05,13:48,14:06,18,Retarde,178,25.95
J001954,2025-12-18,T022,G13,G10,07:48,07:48,0,A l'heure,305,38.95
J001955,2026-05-05,T039,G04,G05,05:12,05:19,7,Retarde,141,26.36
J001956,2026-03-31,T028,G10,G05,05:12,05:12,0,A l'heure,89,44.68
J001957,2026-07-05,T035,G15,G04,14:18,14:28,10,Retarde,175,20.99
J001958,2026-01-19,T008,G09,G04,06:12,06:15,3,Retarde,145,60.85
J001959,2025-09-20,T006,G06,G02,22:36,23:02,26,Retarde,377,85.48
J001960,2025-12-30,T007,G11,G12,07:00,07:02,2,Retarde,310,78.46
J001961,2026-01-29,T036,G06,G12,17:00,17:14,14,Retarde,161,25.97
J001962,2026-01-18,T005,G10,G01,13:18,13:18,0,A l'heure,464,78.51
J001963,2026-02-15,T029,G15,G14,09:21,09:21,0,A l'heure,113,31.86
J001964,2025-12-31,T014,G06,G13,14:36,14:37,1,Retarde,178,92.42
J001965,2026-07-17,T015,G07,G06,13:24,13:24,0,A l'heure,425,40.75
J001966,2026-07-19,T024,G04,G10,09:00,09:00,0,A l'heure,189,49.01
J001967,2025-11-11,T036,G10,G15,14:21,14:21,0,A l'heure,220,18.74
J001968,2025-11-18,T012,G05,G08,05:30,05:30,0,A l'heure,349,58.15
J001969,2025-11-27,T015,G10,G02,21:18,21:18,0,A l'heure,403,29.08
J001970,2026-05-21,T004,G10,G15,07:15,07:15,0,A l'heure,402,101.76
J001971,2026-07-06,T040,G15,G07,08:54,09:03,9,Retarde,163,15.63
J001972,2026-08-31,T036,G12,G15,20:18,20:18,0,A l'heure,102,22.59
J001973,2026-04-11,T031,G06,G04,06:30,06:30,0,A l'heure,154,27.71
J001974,2026-06-19,T002,G05,G09,11:24,11:24,0,A l'heure,342,56.97
J001975,2026-02-27,T032,G13,G15,06:30,06:30,0,A l'heure,93,19.7
J001976,2025-11-23,T025,G08,G15,11:30,11:53,23,Retarde,350,61.11
J001977,2026-05-04,T028,G09,G11,11:21,12:11,50,Retarde,77,37.96
J001978,2026-08-18,T028,G04,G09,16:00,16:09,9,Retarde,272,55.36
J001979,2026-05-20,T022,G08,G11,11:18,11:18,0,A l'heure,389,39.24
J001980,2025-12-22,T018,G01,G08,15:54,15:54,0,A l'heure,498,24.11
J001981,2025-11-06,T028,G04,G03,06:06,06:14,8,Retarde,206,54.65
J001982,2025-09-02,T026,G12,G01,18:30,18:30,0,A l'heure,183,31.48
J001983,2026-03-21,T028,G06,G10,16:18,16:18,0,A l'heure,268,54.43
J001984,2025-11-27,T038,G13,G04,20:24,20:24,0,A l'heure,118,20.24
J001985,2026-08-02,T002,G03,G08,15:15,15:16,1,Retarde,384,113.07
J001986,2025-12-20,T012,G04,G11,15:42,15:42,0,A l'heure,477,97.17
J001987,2026-04-01,T013,G15,G11,16:30,16:30,0,A l'heure,298,99.93
J001988,2025-11-29,T003,G08,G04,05:21,05:21,0,A l'heure,323,80.47
J001989,2025-10-21,T034,G01,G06,07:45,07:45,0,A l'heure,113,23.3
J001990,2026-07-09,T025,G08,G04,19:18,19:18,0,A l'heure,78,54.14
J001991,2025-11-27,T031,G13,G11,22:06,22:35,29,Retarde,116,24.39
J001992,2025-11-28,T013,G09,G15,21:18,21:19,1,Retarde,311,60.78
J001993,2026-02-25,T033,G02,G03,05:21,05:27,6,Retarde,143,25.95
J001994,2025-12-12,T024,G04,G11,22:54,22:54,0,A l'heure,167,33.01
J001995,2025-09-07,T018,G13,G03,19:36,21:23,107,Fortement retarde,251,49.21
J001996,2025-12-20,T033,G13,G05,09:45,09:45,0,A l'heure,196,32.72
J001997,2026-04-05,T001,G05,G09,22:00,22:00,0,A l'heure,510,77.86
J001998,2026-06-29,T005,G03,G06,05:24,05:24,0,A l'heure,266,96.69
J001999,2025-12-10,T038,G12,G14,09:42,09:42,0,A l'heure,213,20.4
J002000,2025-11-02,T001,G05,G04,14:42,14:48,6,Retarde,324,67.0
J002001,2026-07-25,T023,G01,G08,14:36,14:41,5,Retarde,216,59.24
J002002,2026-01-08,T015,G11,G05,12:00,12:09,9,Retarde,438,28.34
J002003,2025-12-08,T003,G08,G05,17:45,17:45,0,A l'heure,304,78.56
J002004,2025-12-15,T039,G09,G04,12:00,12:01,1,Retarde,172,14.44
J002005,2026-02-14,T005,G13,G11,13:15,13:15,0,A l'heure,325,83.42
J002006,2026-04-03,T010,G09,G12,05:24,05:24,0,A l'heure,308,103.97
J002007,2026-01-21,T020,G05,G15,19:00,19:55,55,Retarde,384,37.78
J002008,2026-05-20,T003,G08,G10,06:00,06:08,8,Retarde,271,103.38
J002009,2026-05-02,T033,G13,G12,19:00,19:00,0,A l'heure,166,26.89
J002010,2026-08-22,T036,G11,G01,22:06,22:18,12,Retarde,148,28.61
J002011,2026-02-14,T013,G02,G12,14:12,14:12,0,A l'heure,259,112.31
J002012,2025-10-11,T033,G09,G06,15:45,15:45,0,A l'heure,115,17.02
J002013,2025-10-24,T006,G15,G12,20:42,20:42,0,A l'heure,251,74.3
J002014,2026-08-06,T024,G04,G14,05:18,05:18,0,A l'heure,101,59.05
J002015,2025-11-05,T011,G10,G06,19:30,19:47,17,Retarde,217,88.51
J002016,2026-01-15,T001,G06,G15,09:48,09:48,0,A l'heure,307,57.02
J002017,2026-05-05,T002,G06,G08,12:06,12:06,0,A l'heure,409,86.57
J002018,2026-04-27,T030,G13,G14,11:48,12:16,28,Retarde,134,20.55
J002019,2026-03-11,T033,G05,G13,17:18,17:19,1,Retarde,215,19.4
J002020,2026-01-03,T039,G09,G13,15:36,15:54,18,Retarde,197,17.43
J002021,2026-04-12,T006,G08,G05,10:42,,0,Annule,319,69.77
J002022,2026-02-04,T018,G04,G12,20:54,21:05,11,Retarde,413,23.73
J002023,2026-07-16,T009,G13,G05,07:12,07:12,0,A l'heure,196,84.14
J002024,2026-07-12,T014,G13,G10,06:45,06:45,0,A l'heure,297,97.81
J002025,2026-07-14,T004,G15,G08,22:15,22:15,0,A l'heure,416,90.12
J002026,2026-01-26,T029,G15,G05,22:36,22:36,0,A l'heure,93,17.41
J002027,2026-02-26,T012,G10,G01,09:21,09:21,0,A l'heure,247,63.72
J002028,2026-07-22,T006,G04,G11,09:42,09:42,0,A l'heure,439,84.38
J002029,2025-12-13,T014,G09,G15,19:21,19:21,0,A l'heure,313,77.6
J002030,2026-05-14,T004,G08,G04,21:21,21:21,0,A l'heure,256,97.62
J002031,2026-03-09,T040,G05,G02,05:54,05:54,0,A l'heure,123,16.62
J002032,2026-03-31,T010,G03,G14,21:00,21:00,0,A l'heure,242,57.61
J002033,2026-08-07,T020,G06,G09,15:36,15:36,0,A l'heure,301,37.2
J002034,2025-11-22,T031,G15,G14,21:06,21:06,0,A l'heure,135,20.62
J002035,2026-05-14,T029,G14,G08,11:21,11:25,4,Retarde,165,14.44
J002036,2026-05-17,T028,G07,G13,11:54,11:54,0,A l'heure,350,57.49
J002037,2025-12-13,T040,G10,G15,19:15,19:15,0,A l'heure,141,30.32
J002038,2025-12-20,T031,G15,G14,06:15,06:18,3,Retarde,150,17.82
J002039,2026-06-05,T020,G02,G15,08:00,08:04,4,Retarde,256,42.58
J002040,2026-05-21,T012,G04,G10,10:21,10:24,3,Retarde,355,98.58
J002041,2026-07-16,T031,G07,G12,12:42,12:42,0,A l'heure,169,19.4
J002042,2025-10-31,T018,G08,G01,09:45,09:45,0,A l'heure,403,32.01
J002043,2025-10-18,T013,G07,G04,17:54,17:54,0,A l'heure,201,63.56
J002044,2026-05-14,T003,G14,G07,11:42,11:51,9,Retarde,344,52.3
J002045,2026-04-25,T012,G10,G03,09:54,09:54,0,A l'heure,315,78.1
J002046,2025-09-30,T022,G01,G14,14:21,14:37,16,Retarde,484,30.6
J002047,2026-05-18,T011,G10,G07,07:06,07:33,27,Retarde,330,93.02
J002048,2025-09-09,T013,G10,G07,19:21,19:21,0,A l'heure,263,93.71
J002049,2026-02-16,T039,G08,G05,05:45,05:45,0,A l'heure,124,18.73
J002050,2026-02-14,T029,G11,G03,13:00,13:05,5,Retarde,171,28.33
J002051,2025-12-13,T009,G02,G14,08:18,08:18,0,A l'heure,317,119.32
J002052,2025-11-19,T036,G14,G13,22:06,22:06,0,A l'heure,169,17.71
J002053,2026-04-09,T016,G08,G02,13:30,13:37,7,Retarde,343,43.9
J002054,2025-11-29,T002,G10,G07,12:36,12:36,0,A l'heure,301,96.05
J002055,2026-07-31,T011,G11,G13,21:54,21:54,0,A l'heure,374,99.59
J002056,2026-05-09,T005,G12,G14,07:36,07:36,0,A l'heure,407,104.02
J002057,2026-08-11,T002,G07,G08,05:18,05:18,0,A l'heure,221,61.12
J002058,2025-09-20,T025,G03,G02,22:54,23:21,27,Retarde,305,43.85
J002059,2026-02-17,T012,G14,G03,09:30,09:30,0,A l'heure,186,79.68
J002060,2025-12-27,T016,G08,G09,18:36,18:36,0,A l'heure,458,31.13
J002061,2026-06-14,T029,G07,G01,16:45,16:45,0,A l'heure,176,20.52
J002062,2026-03-07,T026,G10,G05,08:45,08:45,0,A l'heure,296,66.23
J002063,2026-08-11,T037,G04,G08,07:54,07:54,0,A l'heure,186,15.8
J002064,2026-02-28,T018,G12,G06,07:06,07:09,3,Retarde,339,26.14
J002065,2026-01-27,T014,G07,G04,14:54,14:54,0,A l'heure,344,88.47
J002066,2025-09-26,T013,G11,G02,05:12,05:12,0,A l'heure,170,94.8
J002067,2026-04-26,T004,G13,G06,20:48,20:48,0,A l'heure,351,99.55
J002068,2026-06-26,T040,G15,G14,06:45,06:49,4,Retarde,113,16.21
J002069,2026-04-18,T038,G03,G15,17:06,17:17,11,Retarde,126,28.59
J002070,2026-02-17,T033,G01,G11,10:24,10:24,0,A l'heure,132,18.28
J002071,2026-06-03,T018,G14,G10,12:45,12:48,3,Retarde,471,38.15
J002072,2026-01-29,T004,G14,G03,16:48,16:52,4,Retarde,350,101.74
J002073,2026-04-02,T031,G11,G12,21:42,21:42,0,A l'heure,123,20.35
J002074,2026-06-21,T029,G02,G14,09:36,09:36,0,A l'heure,157,24.79
J002075,2025-11-15,T026,G09,G02,07:06,07:06,0,A l'heure,229,62.2
J002076,2025-12-30,T039,G02,G14,20:06,20:20,14,Retarde,121,24.13
J002077,2026-01-21,T001,G05,G02,16:18,16:18,0,A l'heure,209,71.26
J002078,2026-02-27,T037,G02,G01,16:15,16:24,9,Retarde,130,19.31
J002079,2026-03-18,T037,G05,G08,08:54,08:59,5,Retarde,136,20.43
J002080,2026-01-27,T018,G05,G11,05:15,05:15,0,A l'heure,358,36.95
J002081,2026-03-15,T033,G10,G06,07:21,07:21,0,A l'heure,111,22.01
J002082,2025-10-02,T003,G05,G14,06:21,06:21,0,A l'heure,127,85.87
J002083,2025-09-15,T034,G09,G08,21:00,21:01,1,Retarde,125,22.26
J002084,2026-07-25,T025,G07,G05,22:15,22:37,22,Retarde,229,45.59
J002085,2025-10-20,T031,G01,G06,13:12,13:12,0,A l'heure,159,22.02
J002086,2026-02-22,T020,G03,G10,10:36,10:36,0,A l'heure,634,44.32
J002087,2026-06-29,T020,G13,G10,17:24,17:24,0,A l'heure,366,22.88
J002088,2025-11-22,T035,G02,G05,12:45,12:46,1,Retarde,176,31.78
J002089,2026-06-11,T016,G14,G08,10:42,10:42,0,A l'heure,267,36.81
J002090,2025-10-09,T003,G15,G13,05:06,05:06,0,A l'heure,137,62.67
J002091,2026-07-08,T004,G14,G08,17:15,17:18,3,Retarde,301,98.62
J002092,2025-09-22,T006,G13,G12,16:18,16:31,13,Retarde,397,66.34
J002093,2026-04-07,T032,G12,G06,08:12,08:12,0,A l'heure,174,21.29
J002094,2026-01-12,T014,G14,G01,17:45,18:02,17,Retarde,258,101.24
J002095,2026-03-20,T040,G06,G10,14:24,14:24,0,A l'heure,172,23.99
J002096,2025-12-03,T015,G07,G06,08:42,08:51,9,Retarde,415,25.33
J002097,2026-08-05,T018,G04,G11,19:54,19:54,0,A l'heure,160,28.64
J002098,2025-12-26,T038,G09,G04,18:42,18:42,0,A l'heure,168,22.15
J002099,2026-03-26,T027,G08,G02,20:24,20:27,3,Retarde,195,36.41
J002100,2025-09-28,T029,G13,G03,06:00,06:00,0,A l'heure,192,31.45
J002101,2026-07-05,T007,G05,G03,12:36,12:36,0,A l'heure,188,89.68
J002102,2026-07-24,T017,G15,G13,11:54,11:54,0,A l'heure,279,27.31
J002103,2025-12-24,T010,G05,G08,16:15,16:35,20,Retarde,394,79.65
J002104,2025-09-06,T025,G12,G11,08:42,08:42,0,A l'heure,242,69.12
J002105,2025-09-17,T007,G11,G08,14:45,14:45,0,A l'heure,228,88.61
J002106,2026-07-29,T004,G08,G13,12:18,12:18,0,A l'heure,163,54.08
J002107,2026-01-10,T035,G12,G05,05:06,05:07,1,Retarde,220,29.76
J002108,2026-07-20,T033,G12,G13,18:42,18:42,0,A l'heure,130,19.77
J002109,2026-01-20,T008,G09,G05,20:24,20:24,0,A l'heure,292,57.85
J002110,2025-10-10,T002,G10,G14,08:54,08:54,0,A l'heure,184,71.11
J002111,2026-04-10,T005,G06,G01,16:54,16:58,4,Retarde,197,92.52
J002112,2026-02-16,T009,G06,G01,06:36,06:37,1,Retarde,272,80.17
J002113,2026-05-20,T001,G02,G03,05:00,05:00,0,A l'heure,366,72.81
J002114,2026-06-23,T024,G03,G15,11:06,11:06,0,A l'heure,144,45.47
J002115,2026-01-18,T026,G11,G02,11:30,11:30,0,A l'heure,222,45.26
J002116,2026-06-24,T012,G10,G11,17:24,17:24,0,A l'heure,336,62.82
J002117,2025-10-11,T018,G10,G13,06:42,06:42,0,A l'heure,481,28.72
J002118,2026-04-25,T021,G14,G07,09:24,09:24,0,A l'heure,467,28.64
J002119,2025-12-04,T021,G04,G06,21:06,21:06,0,A l'heure,365,28.47
J002120,2026-01-08,T021,G12,G03,16:36,16:36,0,A l'heure,449,28.45
J002121,2026-05-16,T029,G07,G08,07:36,07:36,0,A l'heure,72,23.63
J002122,2025-11-11,T024,G09,G12,19:45,20:00,15,Retarde,172,50.3
J002123,2026-01-06,T018,G13,G06,11:54,12:03,9,Retarde,270,32.72
J002124,2025-10-11,T039,G07,G09,14:06,14:06,0,A l'heure,157,22.73
J002125,2026-06-04,T027,G04,G05,12:15,12:20,5,Retarde,257,57.04
J002126,2025-10-08,T040,G03,G10,16:24,16:24,0,A l'heure,134,27.99
J002127,2026-08-31,T039,G11,G14,20:48,20:48,0,A l'heure,123,23.23
J002128,2026-04-01,T037,G15,G12,21:06,21:15,9,Retarde,89,21.83
J002129,2026-02-19,T028,G05,G06,15:15,15:15,0,A l'heure,220,56.28
J002130,2026-06-05,T017,G07,G12,07:18,07:18,0,A l'heure,586,25.25
J002131,2026-03-28,T018,G11,G15,07:36,07:43,7,Retarde,423,36.96
J002132,2025-09-15,T031,G14,G10,11:30,11:31,1,Retarde,139,22.48
J002133,2026-05-10,T002,G06,G07,18:15,18:15,0,A l'heure,411,95.1
J002134,2026-03-28,T036,G04,G13,15:30,15:30,0,A l'heure,196,24.05
J002135,2026-07-02,T009,G11,G07,18:48,18:55,7,Retarde,277,70.8
J002136,2026-08-08,T003,G02,G09,19:45,19:45,0,A l'heure,348,112.13
J002137,2026-03-01,T037,G07,G03,16:30,16:43,13,Retarde,160,25.71
J002138,2025-09-06,T021,G05,G09,07:42,07:42,0,A l'heure,408,29.13
J002139,2026-03-05,T035,G06,G13,13:54,13:54,0,A l'heure,165,18.79
J002140,2025-12-19,T031,G02,G08,13:36,13:37,1,Retarde,102,20.26
J002141,2025-11-04,T022,G01,G12,05:00,05:12,12,Retarde,347,22.94
J002142,2026-06-21,T010,G09,G12,16:48,16:48,0,A l'heure,485,88.22
J002143,2026-02-01,T023,G06,G05,06:30,06:43,13,Retarde,296,59.03
J002144,2026-05-03,T038,G09,G10,09:00,09:00,0,A l'heure,193,17.19
J002145,2026-02-21,T012,G10,G11,14:48,14:56,8,Retarde,326,69.13
J002146,2026-01-09,T012,G14,G04,17:12,17:12,0,A l'heure,314,103.84
J002147,2025-10-20,T018,G02,G15,07:24,07:24,0,A l'heure,358,26.86
J002148,2026-07-24,T040,G04,G01,21:21,21:21,0,A l'heure,189,20.75
J002149,2026-08-07,T031,G01,G12,12:00,,0,Annule,89,16.77
J002150,2026-06-26,T012,G04,G09,12:42,12:42,0,A l'heure,345,65.98
J002151,2026-06-14,T007,G03,G14,21:45,21:45,0,A l'heure,428,95.42
J002152,2026-03-28,T011,G02,G14,19:48,19:48,0,A l'heure,294,73.13
J002153,2026-02-20,T038,G05,G15,20:36,20:36,0,A l'heure,148,26.98
J002154,2026-08-25,T033,G13,G06,14:48,14:48,0,A l'heure,140,21.22
J002155,2026-02-19,T007,G12,G04,21:42,21:42,0,A l'heure,510,90.12
J002156,2026-01-22,T027,G06,G10,15:00,15:38,38,Retarde,214,33.04
J002157,2026-08-29,T006,G01,G15,05:18,05:24,6,Retarde,423,69.01
J002158,2026-04-01,T018,G10,G11,14:24,14:24,0,A l'heure,277,38.59
J002159,2026-05-14,T013,G06,G07,16:00,16:00,0,A l'heure,283,91.27
J002160,2026-03-26,T020,G15,G10,06:30,06:30,0,A l'heure,534,33.78
J002161,2026-06-02,T032,G06,G03,13:00,13:00,0,A l'heure,119,28.41
J002162,2026-07-01,T003,G09,G01,14:00,14:07,7,Retarde,121,84.29
J002163,2026-01-23,T002,G01,G11,19:36,19:36,0,A l'heure,276,82.28
J002164,2026-05-31,T040,G02,G08,13:00,13:00,0,A l'heure,110,29.04
J002165,2026-05-05,T006,G15,G03,07:45,07:45,0,A l'heure,291,54.07
J002166,2026-08-30,T017,G11,G04,21:06,21:40,34,Retarde,467,32.94
J002167,2026-04-16,T012,G15,G11,13:15,14:09,54,Retarde,377,103.1
J002168,2026-06-23,T003,G12,G03,20:30,20:41,11,Retarde,419,52.86
J002169,2026-06-15,T040,G06,G03,09:24,09:24,0,A l'heure,136,15.39
J002170,2026-06-29,T029,G01,G15,05:12,05:12,0,A l'heure,116,27.88
J002171,2026-08-02,T016,G05,G14,13:06,13:06,0,A l'heure,539,49.46
J002172,2025-10-06,T040,G05,G02,07:48,07:48,0,A l'heure,134,26.79
J002173,2025-11-27,T012,G15,G09,16:00,16:01,1,Retarde,133,52.16
J002174,2026-04-02,T019,G15,G13,21:24,21:25,1,Retarde,342,40.86
J002175,2026-05-10,T002,G07,G09,22:30,22:30,0,A l'heure,490,118.84
J002176,2026-08-13,T007,G04,G11,19:18,19:19,1,Retarde,239,60.52
J002177,2026-07-04,T005,G13,G15,09:00,09:00,0,A l'heure,443,70.59
J002178,2025-09-19,T037,G13,G14,06:24,06:24,0,A l'heure,158,26.37
J002179,2026-05-21,T010,G06,G01,07:45,07:45,0,A l'heure,197,103.78
J002180,2026-03-20,T013,G13,G01,05:48,05:57,9,Retarde,288,74.22
J002181,2026-07-24,T029,G01,G15,17:30,17:30,0,A l'heure,112,24.35
J002182,2026-01-07,T021,G02,G08,09:15,09:15,0,A l'heure,427,39.06
J002183,2026-06-05,T002,G13,G15,18:21,18:22,1,Retarde,260,68.98
J002184,2025-10-10,T019,G05,G11,10:06,10:06,0,A l'heure,392,29.22
J002185,2026-04-04,T035,G03,G09,15:24,15:24,0,A l'heure,154,17.7
J002186,2025-10-26,T022,G04,G15,10:12,11:08,56,Retarde,496,46.16
J002187,2026-03-15,T038,G08,G15,08:21,08:21,0,A l'heure,196,23.74
J002188,2025-12-24,T014,G08,G12,12:15,12:15,0,A l'heure,288,72.94
J002189,2026-01-14,T038,G09,G01,19:21,19:37,16,Retarde,120,15.41
J002190,2026-03-09,T005,G03,G11,14:18,14:18,0,A l'heure,113,57.84
J002191,2026-06-04,T033,G02,G10,10:42,10:42,0,A l'heure,174,23.53
J002192,2026-08-29,T001,G02,G03,18:12,18:30,18,Retarde,469,80.28
J002193,2026-03-03,T025,G04,G11,10:15,10:15,0,A l'heure,238,30.51
J002194,2026-06-12,T003,G04,G02,11:42,11:42,0,A l'heure,402,85.92
J002195,2026-04-02,T025,G02,G11,22:24,22:24,0,A l'heure,241,58.72
J002196,2025-09-03,T035,G06,G02,05:48,05:48,0,A l'heure,156,19.57
J002197,2026-05-11,T026,G02,G08,08:30,08:30,0,A l'heure,258,43.45
J002198,2025-12-10,T011,G05,G14,18:00,18:00,0,A l'heure,282,75.8
J002199,2026-08-18,T037,G02,G14,10:21,10:33,12,Retarde,150,17.21
J002200,2026-03-05,T001,G14,G15,11:48,11:48,0,A l'heure,290,102.33
J002201,2026-08-05,T029,G01,G14,22:42,22:42,0,A l'heure,150,21.69
J002202,2025-10-17,T011,G13,G02,10:18,10:18,0,A l'heure,178,53.4
J002203,2025-12-17,T037,G13,G05,16:24,16:24,0,A l'heure,127,17.7
J002204,2025-09-01,T004,G09,G03,20:15,20:15,0,A l'heure,306,52.07
J002205,2026-01-19,T022,G07,G05,14:12,14:15,3,Retarde,372,43.59
J002206,2025-11-14,T017,G03,G02,22:06,22:07,1,Retarde,345,35.9
J002207,2025-11-18,T019,G05,G10,12:54,12:54,0,A l'heure,438,43.14
J002208,2026-05-27,T029,G11,G02,05:24,05:35,11,Retarde,102,16.56
J002209,2026-01-21,T030,G15,G01,17:06,17:14,8,Retarde,149,14.81
J002210,2026-07-27,T023,G09,G04,17:00,17:37,37,Retarde,269,53.61
J002211,2025-09-12,T010,G01,G08,10:00,10:00,0,A l'heure,185,89.93
J002212,2026-08-15,T003,G09,G15,15:00,15:00,0,A l'heure,399,66.55
J002213,2026-05-31,T002,G12,G03,14:06,14:06,0,A l'heure,351,112.96
J002214,2026-02-23,T004,G08,G02,08:00,08:00,0,A l'heure,272,60.79
J002215,2026-08-30,T014,G13,G03,10:54,10:54,0,A l'heure,400,112.18
J002216,2025-11-27,T030,G15,G12,16:36,16:36,0,A l'heure,102,19.39
J002217,2025-12-08,T023,G05,G06,11:42,11:42,0,A l'heure,159,38.63
J002218,2026-05-27,T033,G05,G15,14:30,14:30,0,A l'heure,137,18.0
J002219,2026-06-19,T010,G15,G14,16:48,16:48,0,A l'heure,308,63.05
J002220,2025-12-17,T020,G08,G15,07:36,07:49,13,Retarde,288,36.27
J002221,2026-03-24,T025,G14,G09,12:54,12:54,0,A l'heure,144,31.18
J002222,2025-12-02,T015,G01,G04,21:30,22:30,60,Fortement retarde,320,24.03
J002223,2025-12-09,T011,G08,G07,21:15,21:15,0,A l'heure,373,102.07
J002224,2026-03-27,T037,G01,G11,16:18,16:18,0,A l'heure,79,25.72
J002225,2026-02-06,T033,G11,G02,08:21,08:21,0,A l'heure,124,22.59
J002226,2026-01-15,T013,G08,G09,20:45,20:45,0,A l'heure,164,74.58
J002227,2026-07-04,T017,G10,G14,21:45,21:45,0,A l'heure,551,45.22
J002228,2025-11-27,T022,G03,G13,22:06,22:11,5,Retarde,337,39.52
J002229,2026-06-29,T008,G15,G13,10:36,10:36,0,A l'heure,241,92.58
J002230,2025-10-29,T006,G05,G08,12:21,12:21,0,A l'heure,283,57.83
J002231,2026-01-10,T036,G10,G01,20:42,20:42,0,A l'heure,142,31.13
J002232,2026-04-12,T003,G01,G08,13:18,13:18,0,A l'heure,380,100.0
J002233,2026-03-02,T008,G08,G14,15:42,15:42,0,A l'heure,365,52.56
J002234,2026-01-28,T010,G12,G07,06:12,06:13,1,Retarde,244,103.88
J002235,2026-03-21,T003,G12,G13,15:06,15:06,0,A l'heure,178,93.11
J002236,2026-01-03,T008,G03,G12,20:00,20:02,2,Retarde,334,73.98
J002237,2026-07-23,T005,G03,G05,06:24,06:31,7,Retarde,223,53.83
J002238,2025-12-01,T015,G08,G01,11:30,11:30,0,A l'heure,403,27.88
J002239,2025-10-23,T009,G15,G11,06:42,07:01,19,Retarde,426,73.46
J002240,2026-08-16,T003,G03,G13,09:45,09:45,0,A l'heure,296,113.64
J002241,2026-04-22,T027,G15,G03,08:24,08:44,20,Retarde,221,45.7
J002242,2025-10-30,T029,G03,G01,16:12,16:12,0,A l'heure,101,25.89
J002243,2026-03-23,T029,G01,G15,06:15,06:15,0,A l'heure,171,19.95
J002244,2025-09-21,T009,G01,G12,18:18,18:18,0,A l'heure,261,72.51
J002245,2026-08-19,T014,G04,G11,13:15,13:15,0,A l'heure,378,72.48
J002246,2026-05-18,T033,G15,G08,14:18,14:24,6,Retarde,132,27.77
J002247,2025-11-10,T018,G05,G07,21:36,21:36,0,A l'heure,409,22.53
J002248,2026-08-24,T006,G06,G09,20:30,20:30,0,A l'heure,404,93.34
J002249,2025-09-09,T020,G12,G11,18:48,18:48,0,A l'heure,268,31.44
J002250,2025-11-21,T006,G14,G08,10:45,10:45,0,A l'heure,236,102.78
J002251,2026-01-14,T025,G08,G12,17:45,17:54,9,Retarde,272,31.59
J002252,2025-12-20,T026,G07,G15,06:15,06:44,29,Retarde,347,50.98
J002253,2025-09-12,T004,G15,G07,19:21,19:27,6,Retarde,280,61.34
J002254,2025-10-31,T026,G03,G02,15:48,15:48,0,A l'heure,224,52.83
J002255,2025-12-18,T017,G09,G08,13:54,13:55,1,Retarde,330,30.56
J002256,2025-11-28,T040,G05,G08,05:00,05:00,0,A l'heure,145,20.49
J002257,2025-11-06,T014,G03,G09,12:36,12:36,0,A l'heure,326,74.03
J002258,2025-11-23,T033,G09,G15,20:45,20:45,0,A l'heure,136,17.68
J002259,2025-12-14,T009,G07,G05,21:45,21:57,12,Retarde,351,70.77
J002260,2025-10-14,T008,G04,G08,19:48,19:48,0,A l'heure,284,87.63
J002261,2025-12-07,T038,G08,G10,11:54,12:02,8,Retarde,176,28.78
J002262,2026-08-31,T020,G06,G01,07:12,07:26,14,Retarde,235,42.04
J002263,2026-04-10,T018,G09,G08,20:54,20:54,0,A l'heure,412,30.68
J002264,2025-11-11,T036,G09,G10,15:21,15:32,11,Retarde,76,20.73
J002265,2026-04-09,T017,G08,G01,17:00,17:00,0,A l'heure,373,41.0
J002266,2026-02-14,T024,G09,G03,13:24,13:26,2,Retarde,236,53.56
J002267,2025-10-26,T015,G14,G12,21:30,21:30,0,A l'heure,255,42.21
J002268,2025-11-22,T029,G10,G02,17:42,17:42,0,A l'heure,169,17.94
J002269,2026-05-17,T036,G11,G13,19:12,19:12,0,A l'heure,218,21.37
J002270,2026-05-09,T003,G15,G01,14:45,15:05,20,Retarde,317,65.87
J002271,2026-04-16,T003,G02,G10,21:24,21:24,0,A l'heure,272,79.96
J002272,2026-01-17,T028,G05,G03,09:24,09:26,2,Retarde,253,39.89
J002273,2025-10-09,T039,G07,G15,08:45,09:08,23,Retarde,116,20.59
J002274,2026-03-02,T038,G13,G03,11:54,11:54,0,A l'heure,125,23.45
J002275,2026-03-31,T031,G10,G11,21:18,21:18,0,A l'heure,71,21.15
J002276,2026-03-03,T033,G01,G11,09:21,09:21,0,A l'heure,181,27.76
J002277,2025-11-03,T020,G11,G14,22:48,22:48,0,A l'heure,366,31.65
J002278,2025-10-01,T004,G15,G06,05:54,05:54,0,A l'heure,211,85.64
J002279,2026-08-06,T031,G09,G06,14:12,14:12,0,A l'heure,110,26.33
J002280,2026-03-15,T003,G03,G02,07:15,07:27,12,Retarde,285,85.94
J002281,2025-12-18,T010,G15,G09,17:54,18:01,7,Retarde,330,72.53
J002282,2026-02-05,T038,G14,G07,22:42,22:43,1,Retarde,146,26.05
J002283,2026-02-15,T011,G03,G10,20:45,21:02,17,Retarde,475,118.47
J002284,2026-08-02,T038,G13,G07,12:42,12:42,0,A l'heure,148,21.14
J002285,2026-07-14,T035,G10,G11,05:45,05:52,7,Retarde,186,23.59
J002286,2026-07-11,T012,G03,G13,11:18,11:18,0,A l'heure,510,81.35
J002287,2026-03-03,T031,G11,G13,21:15,21:15,0,A l'heure,136,26.83
J002288,2025-09-22,T003,G01,G06,19:00,19:00,0,A l'heure,264,85.83
J002289,2026-04-07,T036,G09,G12,19:21,19:21,0,A l'heure,137,22.89
J002290,2026-03-23,T029,G01,G03,07:36,07:36,0,A l'heure,209,27.52
J002291,2025-12-23,T001,G07,G15,14:36,14:39,3,Retarde,237,81.4
J002292,2026-07-26,T022,G06,G09,13:06,13:06,0,A l'heure,553,32.53
J002293,2026-03-13,T001,G04,G15,07:00,07:00,0,A l'heure,333,94.68
J002294,2025-09-03,T040,G03,G15,20:48,20:48,0,A l'heure,163,16.96
J002295,2026-02-15,T038,G13,G08,09:48,09:55,7,Retarde,95,29.96
J002296,2026-02-25,T035,G08,G11,21:12,21:20,8,Retarde,148,24.29
J002297,2025-12-15,T007,G02,G15,09:18,09:18,0,A l'heure,300,84.78
J002298,2026-01-24,T037,G08,G13,07:21,07:21,0,A l'heure,149,29.51
J002299,2026-08-07,T016,G07,G01,16:24,16:24,0,A l'heure,394,24.92
J002300,2026-04-06,T027,G09,G03,16:45,16:59,14,Retarde,315,37.44
J002301,2025-10-06,T012,G04,G01,07:15,07:15,0,A l'heure,157,78.44
J002302,2026-03-03,T031,G01,G06,17:24,17:24,0,A l'heure,139,22.13
J002303,2025-11-14,T001,G09,G07,08:00,08:01,1,Retarde,353,77.02
J002304,2026-04-20,T017,G07,G05,21:24,21:27,3,Retarde,409,40.47
J002305,2025-12-23,T034,G13,G14,20:54,20:54,0,A l'heure,149,21.53
J002306,2026-05-29,T003,G12,G11,08:42,09:16,34,Retarde,381,103.41
J002307,2026-06-14,T012,G12,G09,05:30,05:30,0,A l'heure,319,103.8
J002308,2026-08-06,T025,G14,G06,19:48,19:48,0,A l'heure,235,43.98
J002309,2025-11-22,T034,G13,G11,12:54,12:54,0,A l'heure,163,18.88
J002310,2026-03-22,T004,G08,G05,05:24,05:46,22,Retarde,283,83.25
J002311,2025-10-27,T017,G05,G07,05:21,05:23,2,Retarde,429,29.33
J002312,2025-09-05,T029,G15,G01,21:18,21:26,8,Retarde,135,16.69
J002313,2026-04-08,T009,G08,G12,09:21,09:44,23,Retarde,300,64.28
J002314,2026-06-12,T034,G13,G15,18:06,18:31,25,Retarde,135,19.59
J002315,2026-06-12,T029,G01,G14,06:12,06:12,0,A l'heure,136,24.39
J002316,2026-04-23,T026,G05,G07,20:18,20:18,0,A l'heure,167,44.65
J002317,2026-08-11,T008,G12,G07,19:00,19:00,0,A l'heure,331,65.63
J002318,2026-03-18,T007,G11,G10,17:12,17:16,4,Retarde,254,68.0
J002319,2026-04-24,T028,G04,G12,18:42,18:42,0,A l'heure,262,41.86
J002320,2025-10-30,T015,G11,G09,09:36,09:36,0,A l'heure,398,30.98
J002321,2025-12-01,T012,G04,G13,10:15,10:15,0,A l'heure,176,69.24
J002322,2026-01-17,T022,G11,G06,19:45,19:45,0,A l'heure,346,26.45
J002323,2025-10-08,T020,G13,G12,11:15,11:15,0,A l'heure,328,28.4
J002324,2026-06-24,T001,G09,G13,06:12,06:12,0,A l'heure,231,78.03
J002325,2025-10-09,T030,G06,G12,15:12,15:12,0,A l'heure,135,19.05
J002326,2025-11-15,T006,G04,G03,17:00,17:00,0,A l'heure,290,80.75
J002327,2026-05-05,T036,G01,G13,15:18,15:18,0,A l'heure,120,20.25
J002328,2025-12-11,T024,G12,G04,06:18,06:18,0,A l'heure,284,60.04
J002329,2025-11-08,T020,G07,G04,10:06,10:15,9,Retarde,342,30.69
J002330,2026-05-26,T017,G10,G11,17:15,17:15,0,A l'heure,408,39.78
J002331,2026-07-29,T018,G03,G09,10:21,10:21,0,A l'heure,153,25.08
J002332,2026-04-09,T017,G01,G06,19:00,19:00,0,A l'heure,363,44.57
J002333,2026-01-24,T002,G08,G06,11:06,11:06,0,A l'heure,435,61.06
J002334,2026-05-05,T020,G10,G06,17:21,17:35,14,Retarde,408,29.4
J002335,2026-03-03,T025,G10,G01,09:30,09:30,0,A l'heure,122,33.39
J002336,2025-11-18,T001,G07,G14,09:48,09:48,0,A l'heure,422,75.78
J002337,2026-07-15,T018,G06,G14,18:18,18:18,0,A l'heure,556,38.58
J002338,2026-02-13,T038,G15,G06,20:06,20:06,0,A l'heure,135,14.63
J002339,2026-01-05,T011,G08,G03,17:18,17:18,0,A l'heure,242,87.8
J002340,2026-05-02,T004,G06,G12,08:06,08:38,32,Retarde,360,97.76
J002341,2026-03-23,T022,G09,G01,15:48,15:48,0,A l'heure,316,27.24
J002342,2026-08-30,T003,G11,G13,06:12,06:12,0,A l'heure,438,63.43
J002343,2026-02-01,T003,G03,G08,12:12,12:12,0,A l'heure,379,110.21
J002344,2026-08-06,T033,G05,G13,22:42,22:42,0,A l'heure,120,18.31
J002345,2025-09-28,T013,G06,G09,13:21,13:21,0,A l'heure,497,110.97
J002346,2026-02-09,T030,G08,G11,12:42,12:55,13,Retarde,171,27.86
J002347,2025-11-20,T029,G01,G09,07:24,07:24,0,A l'heure,176,25.87
J002348,2026-07-16,T001,G01,G09,16:12,16:12,0,A l'heure,319,98.56
J002349,2026-04-07,T037,G01,G05,10:06,10:06,0,A l'heure,114,22.39
J002350,2026-06-17,T007,G05,G10,17:42,17:42,0,A l'heure,313,91.1
J002351,2026-05-27,T017,G04,G05,22:21,22:21,0,A l'heure,210,31.31
J002352,2026-05-19,T016,G09,G13,05:54,05:54,0,A l'heure,413,24.41
J002353,2025-11-18,T006,G03,G14,14:00,14:00,0,A l'heure,292,53.63
J002354,2026-07-29,T005,G06,G01,07:06,07:07,1,Retarde,334,94.06
J002355,2026-08-03,T010,G15,G10,17:15,17:32,17,Retarde,277,58.52
J002356,2025-12-28,T027,G10,G12,08:42,08:59,17,Retarde,198,64.64
J002357,2026-01-18,T026,G11,G13,09:15,09:26,11,Retarde,338,35.18
J002358,2026-04-08,T033,G05,G03,22:36,22:36,0,A l'heure,99,25.38
J002359,2026-06-21,T017,G10,G05,17:00,17:00,0,A l'heure,623,49.21
J002360,2025-11-22,T010,G07,G09,12:45,12:45,0,A l'heure,377,77.54
J002361,2026-04-15,T002,G03,G01,06:12,06:12,0,A l'heure,272,64.11
J002362,2025-09-26,T011,G08,G01,05:12,05:12,0,A l'heure,228,99.96
J002363,2026-06-20,T007,G04,G07,16:15,16:15,0,A l'heure,426,118.24
J002364,2026-04-02,T035,G07,G10,10:36,10:36,0,A l'heure,157,19.09
J002365,2026-08-21,T024,G01,G05,14:15,14:15,0,A l'heure,192,48.25
J002366,2025-12-31,T005,G11,G12,13:21,13:21,0,A l'heure,172,63.84
J002367,2025-10-20,T029,G12,G07,05:06,05:06,0,A l'heure,96,22.79
J002368,2025-11-05,T015,G13,G12,17:00,17:07,7,Retarde,391,29.87
J002369,2025-09-13,T006,G14,G12,08:00,08:11,11,Retarde,364,96.25
J002370,2025-09-26,T010,G10,G11,08:18,08:18,0,A l'heure,449,80.01
J002371,2025-09-04,T015,G01,G10,14:48,15:12,24,Retarde,448,37.29
J002372,2026-04-23,T034,G01,G05,12:54,12:54,0,A l'heure,112,26.16
J002373,2026-07-02,T038,G13,G10,17:54,17:54,0,A l'heure,71,15.59
J002374,2026-03-03,T039,G01,G02,07:00,07:00,0,A l'heure,114,21.19
J002375,2026-05-18,T033,G08,G15,10:15,10:15,0,A l'heure,102,24.42
J002376,2025-12-08,T018,G10,G14,13:06,13:06,0,A l'heure,466,42.35
J002377,2026-03-01,T020,G12,G10,13:06,13:06,0,A l'heure,476,38.67
J002378,2025-11-05,T007,G08,G01,09:12,09:26,14,Retarde,239,56.97
J002379,2026-08-29,T029,G05,G11,09:21,09:21,0,A l'heure,139,31.33
J002380,2026-08-04,T034,G07,G13,13:00,13:00,0,A l'heure,99,15.28
J002381,2026-06-15,T002,G10,G12,13:15,13:15,0,A l'heure,269,70.03
J002382,2026-01-09,T011,G05,G14,20:18,21:01,43,Retarde,172,85.45
J002383,2026-02-23,T012,G08,G05,09:12,09:12,0,A l'heure,219,67.62
J002384,2026-03-12,T001,G15,G04,12:12,12:20,8,Retarde,212,74.49
J002385,2026-03-31,T022,G04,G15,15:12,15:12,0,A l'heure,348,29.55
J002386,2026-08-15,T026,G06,G07,15:12,15:12,0,A l'heure,281,59.28
J002387,2026-03-13,T040,G01,G09,20:00,20:02,2,Retarde,131,28.76
J002388,2026-01-07,T033,G13,G07,08:54,08:54,0,A l'heure,100,16.54
J002389,2025-09-05,T017,G06,G14,14:48,14:48,0,A l'heure,286,39.35
J002390,2026-07-27,T012,G12,G11,05:06,05:06,0,A l'heure,128,57.02
J002391,2025-10-08,T032,G02,G10,09:18,09:23,5,Retarde,151,22.87
J002392,2026-05-07,T007,G13,G09,22:21,22:27,6,Retarde,327,62.21
J002393,2025-09-03,T003,G11,G09,14:18,14:18,0,A l'heure,339,73.68
J002394,2025-12-20,T003,G02,G01,11:21,11:25,4,Retarde,499,77.51
J002395,2026-03-05,T026,G07,G14,17:42,17:42,0,A l'heure,138,37.7
J002396,2026-05-18,T011,G12,G08,09:06,09:15,9,Retarde,293,59.26
J002397,2026-02-22,T005,G11,G09,07:45,07:45,0,A l'heure,435,64.47
J002398,2025-09-20,T005,G06,G05,08:00,08:00,0,A l'heure,440,96.98
J002399,2026-06-07,T024,G04,G06,11:54,11:54,0,A l'heure,203,62.37
J002400,2026-04-11,T027,G08,G11,11:45,11:45,0,A l'heure,236,60.75
J002401,2025-12-30,T040,G09,G14,15:18,15:18,0,A l'heure,171,20.13
J002402,2025-09-19,T029,G10,G06,20:12,20:12,0,A l'heure,162,19.35
J002403,2025-10-11,T032,G15,G10,18:15,18:15,0,A l'heure,163,23.75
J002404,2025-10-01,T032,G02,G15,12:48,12:48,0,A l'heure,151,27.81
J002405,2025-10-21,T031,G10,G01,11:12,11:12,0,A l'heure,126,25.54
J002406,2025-10-14,T039,G13,G05,11:48,11:48,0,A l'heure,132,16.13
J002407,2025-11-20,T023,G15,G05,12:48,12:52,4,Retarde,171,57.49
J002408,2026-08-04,T015,G03,G12,17:00,18:07,67,Fortement retarde,384,37.79
J002409,2025-09-19,T007,G07,G06,07:00,07:00,0,A l'heure,250,91.46
J002410,2026-03-12,T033,G11,G13,07:12,07:12,0,A l'heure,181,15.97
J002411,2026-05-11,T008,G10,G03,07:30,07:30,0,A l'heure,315,82.11
J002412,2025-09-01,T004,G07,G13,09:45,09:45,0,A l'heure,218,78.33
J002413,2026-02-07,T022,G13,G03,14:18,14:31,13,Retarde,595,37.54
J002414,2026-04-14,T017,G09,G02,05:00,05:27,27,Retarde,317,39.66
J002415,2026-03-21,T024,G08,G14,05:45,05:45,0,A l'heure,337,57.36
J002416,2026-02-28,T031,G15,G10,15:36,15:36,0,A l'heure,214,30.77
J002417,2026-04-06,T027,G07,G04,14:24,14:26,2,Retarde,267,55.68
J002418,2026-06-05,T016,G12,G06,22:42,23:39,57,Retarde,474,35.61
J002419,2026-01-03,T023,G06,G12,10:30,10:30,0,A l'heure,206,55.12
J002420,2025-12-29,T009,G01,G11,20:30,20:30,0,A l'heure,368,87.83
J002421,2026-04-10,T022,G07,G01,15:06,15:06,0,A l'heure,273,40.59
J002422,2026-08-29,T037,G03,G05,09:18,09:18,0,A l'heure,163,31.27
J002423,2026-05-17,T020,G13,G08,21:00,,0,Annule,528,44.65
J002424,2026-01-15,T037,G13,G14,18:30,18:30,0,A l'heure,173,26.51
J002425,2026-02-23,T024,G15,G06,14:15,14:15,0,A l'heure,250,32.09
J002426,2025-11-06,T005,G05,G08,06:24,06:24,0,A l'heure,339,66.16
J002427,2026-03-01,T017,G01,G02,16:06,16:06,0,A l'heure,382,39.44
J002428,2025-11-14,T009,G10,G07,13:06,13:06,0,A l'heure,82,57.13
J002429,2026-08-27,T028,G02,G06,10:15,10:15,0,A l'heure,246,60.3
J002430,2025-10-17,T031,G06,G10,06:45,06:45,0,A l'heure,120,24.44
J002431,2026-07-04,T034,G11,G07,18:21,18:21,0,A l'heure,220,30.41
J002432,2026-05-13,T033,G10,G08,09:42,09:43,1,Retarde,155,27.05
J002433,2026-08-21,T035,G04,G11,11:06,11:06,0,A l'heure,124,23.59
J002434,2026-07-24,T040,G03,G15,19:36,19:37,1,Retarde,140,25.67
J002435,2026-06-18,T005,G13,G05,17:42,17:52,10,Retarde,308,92.7
J002436,2025-12-07,T039,G07,G04,17:18,17:23,5,Retarde,164,29.07
J002437,2026-06-24,T024,G07,G04,15:00,15:00,0,A l'heure,196,60.58
J002438,2026-04-23,T031,G03,G14,15:30,15:41,11,Retarde,171,27.94
J002439,2026-08-30,T006,G03,G08,15:12,15:12,0,A l'heure,402,77.82
J002440,2026-01-20,T031,G11,G05,07:45,07:45,0,A l'heure,141,28.22
J002441,2025-10-08,T010,G12,G11,22:18,22:18,0,A l'heure,316,88.24
J002442,2025-12-30,T013,G07,G11,17:15,17:15,0,A l'heure,202,67.88
J002443,2026-02-16,T002,G09,G07,11:30,11:30,0,A l'heure,286,81.58
J002444,2026-08-15,T039,G11,G13,08:00,08:04,4,Retarde,216,28.36
J002445,2026-04-02,T029,G13,G09,18:12,18:12,0,A l'heure,111,24.7
J002446,2026-02-04,T018,G01,G09,05:15,05:34,19,Retarde,370,29.6
J002447,2026-03-24,T038,G07,G08,09:24,09:24,0,A l'heure,143,15.83
J002448,2026-08-14,T001,G08,G09,20:21,20:21,0,A l'heure,391,55.99
J002449,2026-03-07,T010,G05,G12,08:30,08:30,0,A l'heure,432,94.43
J002450,2026-02-15,T015,G10,G01,22:42,22:42,0,A l'heure,633,43.52
J002451,2025-12-26,T012,G06,G08,07:12,07:17,5,Retarde,275,66.54
J002452,2026-03-20,T006,G12,G01,08:21,08:38,17,Retarde,350,99.91
J002453,2025-10-28,T013,G10,G15,08:30,08:30,0,A l'heure,415,94.7
J002454,2026-04-18,T021,G03,G15,05:21,05:21,0,A l'heure,402,41.34
J002455,2026-06-06,T010,G10,G05,12:24,12:24,0,A l'heure,361,114.39
J002456,2025-11-19,T009,G03,G09,06:54,06:54,0,A l'heure,230,73.23
J002457,2026-01-27,T007,G04,G12,19:54,20:19,25,Retarde,330,72.55
J002458,2026-04-25,T026,G14,G07,10:21,10:24,3,Retarde,303,42.95
J002459,2026-03-03,T029,G10,G01,08:15,08:15,0,A l'heure,135,25.67
J002460,2026-07-07,T027,G14,G04,18:54,19:15,21,Retarde,350,37.85
J002461,2026-06-30,T036,G07,G14,16:15,16:24,9,Retarde,108,21.37
J002462,2026-08-12,T039,G01,G09,16:36,16:37,1,Retarde,142,25.02
J002463,2026-05-28,T036,G03,G01,16:36,16:36,0,A l'heure,138,16.29
J002464,2026-02-13,T008,G15,G07,17:21,17:28,7,Retarde,385,74.11
J002465,2025-12-06,T038,G15,G10,18:45,18:45,0,A l'heure,105,19.52
J002466,2026-07-13,T025,G08,G01,16:45,16:45,0,A l'heure,207,38.24
J002467,2026-08-09,T020,G11,G09,10:45,10:54,9,Retarde,494,50.29
J002468,2025-10-06,T016,G01,G05,20:45,20:45,0,A l'heure,491,29.99
J002469,2025-12-07,T024,G02,G14,05:45,06:14,29,Retarde,332,42.46
J002470,2025-10-27,T037,G14,G13,20:18,20:18,0,A l'heure,103,18.19
J002471,2025-10-25,T038,G04,G02,22:06,22:06,0,A l'heure,128,25.99
J002472,2026-01-17,T017,G12,G07,14:54,14:55,1,Retarde,274,37.56
J002473,2026-05-27,T005,G02,G04,22:21,22:26,5,Retarde,282,92.41
J002474,2025-09-28,T017,G11,G04,16:12,16:24,12,Retarde,634,37.99
J002475,2026-04-01,T004,G09,G12,22:12,22:12,0,A l'heure,333,86.65
J002476,2026-07-28,T019,G09,G13,19:21,19:32,11,Retarde,286,33.53
J002477,2026-04-30,T034,G01,G05,09:30,09:31,1,Retarde,199,27.81
J002478,2026-05-07,T034,G13,G01,09:30,09:30,0,A l'heure,87,19.27
J002479,2026-06-14,T035,G07,G14,09:45,09:45,0,A l'heure,143,23.74
J002480,2026-08-19,T022,G13,G04,11:00,11:00,0,A l'heure,324,26.64
J002481,2025-10-17,T025,G09,G11,17:21,17:29,8,Retarde,248,56.41
J002482,2025-12-15,T006,G04,G06,07:00,07:00,0,A l'heure,379,90.31
J002483,2026-07-18,T007,G09,G08,20:21,20:21,0,A l'heure,456,104.08
J002484,2026-03-31,T009,G03,G09,15:12,15:12,0,A l'heure,284,98.38
J002485,2025-12-13,T002,G05,G13,06:42,06:42,0,A l'heure,209,95.18
J002486,2025-11-02,T019,G11,G02,05:54,06:18,24,Retarde,395,28.63
J002487,2025-10-22,T026,G12,G03,06:45,06:45,0,A l'heure,240,38.75
J002488,2026-04-07,T014,G08,G05,15:06,15:06,0,A l'heure,239,53.98
J002489,2026-03-14,T013,G07,G15,10:48,10:56,8,Retarde,407,88.68
J002490,2026-08-26,T029,G13,G08,11:54,11:54,0,A l'heure,87,28.12
J002491,2026-04-27,T009,G07,G14,08:48,08:53,5,Retarde,406,66.32
J002492,2026-01-28,T008,G03,G10,09:15,09:22,7,Retarde,357,57.26
J002493,2025-09-29,T003,G01,G07,17:30,17:30,0,A l'heure,354,102.86
J002494,2025-10-31,T010,G03,G14,12:42,12:45,3,Retarde,83,87.9
J002495,2025-09-22,T018,G04,G05,09:12,09:12,0,A l'heure,367,29.44
J002496,2025-09-02,T039,G15,G03,05:21,05:21,0,A l'heure,129,24.13
J002497,2025-12-21,T007,G12,G11,11:18,11:18,0,A l'heure,510,87.08
J002498,2025-12-23,T026,G08,G02,13:54,13:54,0,A l'heure,231,34.3
J002499,2026-08-28,T037,G05,G14,08:48,08:48,0,A l'heure,167,23.36
J002500,2025-10-30,T020,G03,G11,21:48,21:48,0,A l'heure,309,23.9
J002501,2026-07-04,T017,G02,G08,07:48,08:06,18,Retarde,454,45.6
J002502,2026-05-03,T020,G06,G07,20:00,20:00,0,A l'heure,347,43.5
J002503,2026-06-24,T003,G10,G15,12:06,12:06,0,A l'heure,191,95.51
J002504,2025-09-03,T019,G03,G09,08:30,08:30,0,A l'heure,381,40.95
J002505,2025-12-27,T039,G14,G07,10:54,10:56,2,Retarde,94,26.04
J002506,2025-12-26,T015,G07,G12,22:00,22:03,3,Retarde,400,43.84
J002507,2026-08-17,T024,G10,G09,16:45,16:45,0,A l'heure,201,54.75
J002508,2025-11-15,T029,G10,G14,14:12,14:12,0,A l'heure,194,21.13
J002509,2026-08-26,T002,G12,G13,18:00,18:03,3,Retarde,95,65.2
J002510,2026-03-20,T015,G03,G01,14:45,14:45,0,A l'heure,503,31.91
J002511,2026-05-26,T015,G14,G06,10:21,10:21,0,A l'heure,459,33.87
J002512,2025-09-04,T006,G11,G05,13:12,13:12,0,A l'heure,240,60.99
J002513,2025-09-25,T029,G13,G06,10:42,10:42,0,A l'heure,137,27.42
J002514,2026-02-22,T024,G04,G13,06:06,06:52,46,Retarde,168,41.26
J002515,2026-01-24,T008,G11,G03,15:54,15:54,0,A l'heure,445,100.63
J002516,2026-05-15,T037,G12,G04,16:12,16:12,0,A l'heure,160,19.97
J002517,2026-05-24,T026,G10,G15,06:06,06:06,0,A l'heure,254,62.1
J002518,2026-08-04,T005,G10,G13,14:12,14:12,0,A l'heure,265,82.31
J002519,2025-11-26,T008,G15,G03,11:42,11:42,0,A l'heure,302,67.79
J002520,2026-06-05,T017,G13,G07,20:54,20:54,0,A l'heure,483,28.42
J002521,2025-09-12,T040,G15,G11,14:06,14:06,0,A l'heure,124,24.73
J002522,2026-04-21,T026,G14,G09,06:48,06:48,0,A l'heure,244,36.48
J002523,2026-05-15,T031,G09,G11,21:48,21:48,0,A l'heure,127,28.39
J002524,2026-02-26,T033,G04,G09,20:48,20:48,0,A l'heure,176,20.01
J002525,2026-01-21,T032,G09,G06,09:00,09:04,4,Retarde,124,23.66
J002526,2025-12-20,T030,G12,G02,10:00,10:00,0,A l'heure,118,21.68
J002527,2025-11-02,T012,G11,G10,07:12,07:26,14,Retarde,510,109.63
J002528,2026-03-12,T038,G08,G03,16:00,16:00,0,A l'heure,124,28.09
J002529,2026-02-13,T022,G05,G04,22:24,22:24,0,A l'heure,531,23.47
J002530,2025-11-27,T027,G15,G09,10:45,10:45,0,A l'heure,191,58.65
J002531,2026-05-13,T038,G10,G01,06:00,06:01,1,Retarde,183,23.3
J002532,2026-04-19,T039,G13,G07,22:54,23:12,18,Retarde,156,28.49
J002533,2026-02-05,T018,G15,G14,06:00,06:00,0,A l'heure,288,25.04
J002534,2025-09-18,T005,G08,G05,16:36,16:36,0,A l'heure,375,98.95
J002535,2025-10-13,T023,G13,G14,13:06,13:24,18,Retarde,137,31.35
J002536,2026-05-12,T027,G14,G11,05:12,06:09,57,Retarde,219,50.71
J002537,2026-07-03,T028,G07,G01,08:06,08:09,3,Retarde,246,51.95
J002538,2026-05-18,T039,G12,G13,05:18,05:18,0,A l'heure,101,21.85
J002539,2026-02-07,T018,G08,G10,19:42,19:47,5,Retarde,521,42.93
J002540,2026-07-11,T023,G02,G10,13:45,13:45,0,A l'heure,236,39.9
J002541,2026-08-29,T040,G12,G13,05:00,05:00,0,A l'heure,162,26.27
J002542,2025-09-26,T008,G04,G15,12:21,12:27,6,Retarde,286,63.66
J002543,2025-12-03,T016,G07,G12,17:00,17:40,40,Retarde,330,41.54
J002544,2026-01-05,T013,G12,G09,07:12,07:16,4,Retarde,293,91.02
J002545,2026-04-09,T029,G06,G05,13:18,13:18,0,A l'heure,173,27.06
J002546,2026-08-16,T025,G15,G06,22:06,22:06,0,A l'heure,169,39.98
J002547,2025-11-10,T026,G11,G03,10:48,10:49,1,Retarde,249,57.72
J002548,2026-05-02,T005,G10,G09,16:54,,0,Annule,333,86.82
J002549,2026-03-03,T020,G15,G10,17:42,17:42,0,A l'heure,280,25.82
J002550,2025-11-24,T012,G07,G15,14:36,14:36,0,A l'heure,416,85.03
J002551,2025-10-16,T010,G11,G03,22:18,22:20,2,Retarde,393,91.26
J002552,2026-02-25,T016,G08,G15,05:00,05:00,0,A l'heure,271,28.89
J002553,2025-12-06,T015,G02,G14,06:48,06:48,0,A l'heure,523,40.34
J002554,2026-05-09,T026,G15,G14,16:36,16:36,0,A l'heure,169,47.31
J002555,2025-09-19,T028,G07,G12,11:12,11:12,0,A l'heure,226,56.41
J002556,2026-08-17,T019,G08,G06,08:36,08:52,16,Retarde,286,23.31
J002557,2026-07-24,T015,G02,G08,17:36,17:36,0,A l'heure,618,22.54
J002558,2026-04-02,T034,G10,G12,18:24,,0,Annule,135,26.17
J002559,2026-01-08,T030,G14,G02,16:45,16:45,0,A l'heure,62,20.15
J002560,2026-07-06,T028,G07,G05,19:42,19:48,6,Retarde,251,56.77
J002561,2025-09-14,T003,G15,G06,12:00,12:00,0,A l'heure,391,70.39
J002562,2026-01-19,T019,G11,G09,15:36,15:52,16,Retarde,457,42.85
J002563,2025-11-25,T033,G14,G11,10:18,10:18,0,A l'heure,122,27.36
J002564,2026-06-30,T014,G04,G11,21:06,21:06,0,A l'heure,425,69.68
J002565,2025-09-06,T027,G11,G15,15:24,15:29,5,Retarde,224,60.25
J002566,2025-10-22,T007,G15,G08,06:48,06:56,8,Retarde,362,81.6
J002567,2026-08-24,T026,G09,G04,21:21,21:21,0,A l'heure,200,42.62
J002568,2026-05-22,T030,G10,G13,09:45,09:46,1,Retarde,122,26.91
J002569,2026-01-26,T034,G12,G14,19:24,19:24,0,A l'heure,182,26.36
J002570,2026-04-12,T006,G12,G11,09:15,09:15,0,A l'heure,510,111.41
J002571,2026-05-19,T033,G01,G08,07:30,07:30,0,A l'heure,99,17.29
J002572,2025-09-23,T036,G02,G15,16:21,16:21,0,A l'heure,167,16.83
J002573,2026-04-13,T005,G01,G10,18:24,18:24,0,A l'heure,219,57.95
J002574,2026-07-08,T013,G05,G07,21:42,21:43,1,Retarde,209,69.51
J002575,2025-10-17,T029,G07,G12,05:15,05:15,0,A l'heure,97,17.05
J002576,2026-07-03,T007,G09,G03,05:00,05:00,0,A l'heure,340,84.94
J002577,2026-06-07,T034,G10,G06,19:54,19:54,0,A l'heure,160,22.83
J002578,2025-09-25,T029,G07,G12,06:15,06:15,0,A l'heure,106,24.57
J002579,2026-02-11,T039,G10,G08,17:36,17:36,0,A l'heure,116,17.5
J002580,2025-12-07,T029,G13,G09,16:24,16:24,0,A l'heure,179,31.28
J002581,2025-11-17,T021,G15,G09,07:48,08:02,14,Retarde,424,40.75
J002582,2026-04-10,T022,G03,G04,15:45,15:47,2,Retarde,418,28.04
J002583,2026-08-11,T026,G02,G05,14:54,14:55,1,Retarde,154,57.46
J002584,2026-07-11,T012,G11,G03,15:48,15:48,0,A l'heure,510,63.92
J002585,2025-12-24,T020,G06,G13,11:48,11:48,0,A l'heure,417,44.14
J002586,2026-06-26,T030,G02,G01,21:00,21:00,0,A l'heure,115,18.49
J002587,2025-09-24,T005,G13,G09,05:18,05:18,0,A l'heure,293,63.45
J002588,2026-05-05,T026,G02,G14,21:15,22:02,47,Retarde,258,49.23
J002589,2026-01-30,T006,G09,G11,20:18,20:21,3,Retarde,309,80.06
J002590,2025-10-22,T014,G07,G01,15:36,15:45,9,Retarde,436,83.53
J002591,2026-03-25,T010,G01,G07,10:00,10:00,0,A l'heure,240,72.4
J002592,2025-10-10,T009,G14,G13,16:21,16:27,6,Retarde,339,99.15
J002593,2026-03-24,T038,G05,G06,15:48,15:48,0,A l'heure,106,23.76
J002594,2026-07-10,T008,G08,G14,06:36,06:36,0,A l'heure,296,98.28
J002595,2026-07-26,T021,G06,G10,20:06,20:06,0,A l'heure,449,46.02
J002596,2026-03-19,T001,G09,G11,18:12,18:12,0,A l'heure,342,96.01
J002597,2026-05-01,T033,G06,G04,13:45,13:45,0,A l'heure,170,27.52
J002598,2026-06-12,T005,G01,G04,15:48,15:53,5,Retarde,266,55.68
J002599,2025-12-08,T029,G11,G15,09:54,09:54,0,A l'heure,83,18.85
J002600,2026-06-29,T035,G14,G08,22:42,22:52,10,Retarde,146,20.33
J002601,2026-07-19,T004,G10,G05,11:24,11:37,13,Retarde,305,94.23
J002602,2026-04-01,T014,G07,G12,11:18,11:19,1,Retarde,276,90.27
J002603,2026-06-03,T011,G11,G04,22:00,22:00,0,A l'heure,286,90.81
J002604,2026-02-26,T007,G11,G02,11:45,11:45,0,A l'heure,274,84.37
J002605,2026-02-14,T035,G13,G05,10:12,10:35,23,Retarde,129,19.24
J002606,2025-11-14,T036,G09,G03,19:24,19:24,0,A l'heure,125,20.01
J002607,2025-12-05,T024,G15,G02,10:12,10:12,0,A l'heure,246,45.81
J002608,2026-03-08,T037,G11,G06,10:00,10:00,0,A l'heure,159,29.66
J002609,2026-02-04,T020,G08,G02,15:12,15:22,10,Retarde,377,35.0
J002610,2026-04-22,T018,G15,G07,12:00,12:03,3,Retarde,229,40.96
J002611,2026-03-12,T040,G09,G08,19:45,19:45,0,A l'heure,133,27.95
J002612,2025-09-29,T034,G04,G02,12:24,12:24,0,A l'heure,147,18.77
J002613,2026-06-08,T004,G07,G11,11:21,11:21,0,A l'heure,419,88.29
J002614,2025-10-27,T012,G14,G02,20:30,20:30,0,A l'heure,348,70.98
J002615,2026-06-16,T040,G09,G01,12:42,12:55,13,Retarde,108,23.58
J002616,2025-09-01,T037,G09,G07,22:48,22:48,0,A l'heure,148,18.16
J002617,2026-05-15,T038,G12,G01,16:21,16:21,0,A l'heure,82,17.73
J002618,2026-08-08,T009,G06,G13,21:48,21:48,0,A l'heure,502,96.41
J002619,2026-04-02,T022,G07,G11,05:54,06:22,28,Retarde,456,34.38
J002620,2026-07-29,T005,G06,G02,16:15,16:23,8,Retarde,248,79.53
J002621,2025-09-06,T040,G13,G02,16:18,16:18,0,A l'heure,203,29.12
J002622,2025-09-09,T003,G08,G15,17:12,17:12,0,A l'heure,286,78.52
J002623,2026-01-06,T032,G03,G08,10:48,10:48,0,A l'heure,85,20.95
J002624,2026-08-03,T007,G15,G02,21:48,21:58,10,Retarde,299,88.31
J002625,2026-07-12,T040,G04,G01,05:30,05:30,0,A l'heure,165,26.45
J002626,2026-04-04,T035,G14,G08,06:42,06:42,0,A l'heure,132,22.11
J002627,2025-10-22,T013,G15,G01,16:48,16:49,1,Retarde,371,86.64
J002628,2026-01-23,T032,G08,G03,07:21,07:23,2,Retarde,140,22.28
J002629,2025-11-07,T027,G14,G10,20:18,20:18,0,A l'heure,180,56.85
J002630,2026-02-21,T001,G08,G10,15:36,15:37,1,Retarde,383,119.14
J002631,2026-07-15,T011,G02,G01,13:00,13:00,0,A l'heure,342,73.64
J002632,2026-08-26,T023,G12,G04,07:24,07:29,5,Retarde,150,38.54
J002633,2026-03-07,T028,G10,G06,12:18,12:18,0,A l'heure,345,41.21
J002634,2025-10-22,T037,G15,G11,11:54,11:54,0,A l'heure,162,25.34
J002635,2026-03-03,T040,G14,G08,05:15,05:15,0,A l'heure,140,22.36
J002636,2025-10-03,T017,G07,G09,14:06,14:11,5,Retarde,574,44.44
J002637,2025-11-14,T005,G13,G08,06:48,06:48,0,A l'heure,369,99.19
J002638,2026-07-22,T004,G12,G14,21:30,21:37,7,Retarde,226,81.89
J002639,2026-03-03,T019,G02,G15,16:06,16:06,0,A l'heure,199,31.18
J002640,2026-03-26,T005,G08,G06,09:48,09:49,1,Retarde,197,60.39
J002641,2025-11-27,T013,G08,G05,06:30,06:46,16,Retarde,469,84.8
J002642,2025-09-16,T013,G14,G02,18:12,18:12,0,A l'heure,257,68.49
J002643,2026-02-25,T040,G02,G09,19:24,19:24,0,A l'heure,131,16.19
J002644,2026-04-08,T003,G13,G04,13:24,13:24,0,A l'heure,167,70.94
J002645,2026-03-01,T015,G14,G11,06:18,06:18,0,A l'heure,526,46.24
J002646,2026-07-24,T020,G03,G02,17:54,17:54,0,A l'heure,178,37.13
J002647,2026-04-14,T028,G07,G06,17:45,17:45,0,A l'heure,199,55.46
J002648,2026-04-24,T023,G09,G08,22:36,22:36,0,A l'heure,150,34.67
J002649,2026-01-27,T013,G09,G01,19:18,19:18,0,A l'heure,275,62.51
J002650,2025-12-10,T005,G11,G02,20:54,20:54,0,A l'heure,199,63.93
J002651,2026-05-18,T017,G09,G01,21:24,21:25,1,Retarde,457,40.28
J002652,2026-04-30,T004,G11,G13,13:18,13:18,0,A l'heure,140,87.07
J002653,2026-06-08,T010,G01,G09,05:54,05:54,0,A l'heure,363,84.18
J002654,2025-09-06,T019,G12,G14,06:24,06:24,0,A l'heure,384,31.84
J002655,2026-04-14,T033,G01,G06,20:36,,0,Annule,100,21.09
J002656,2026-01-22,T033,G04,G14,07:18,07:19,1,Retarde,116,22.99
J002657,2026-03-05,T024,G09,G01,11:06,11:17,11,Retarde,115,34.0
J002658,2026-07-21,T017,G09,G07,12:45,12:49,4,Retarde,322,44.28
J002659,2026-04-20,T011,G11,G09,19:45,20:02,17,Retarde,342,78.9
J002660,2025-10-09,T016,G09,G04,11:00,11:18,18,Retarde,269,28.43
J002661,2026-06-16,T004,G14,G09,13:00,13:16,16,Retarde,343,57.85
J002662,2026-04-14,T012,G05,G02,06:30,06:30,0,A l'heure,269,101.25
J002663,2026-06-05,T020,G02,G07,11:30,11:31,1,Retarde,472,40.17
J002664,2026-05-30,T004,G14,G15,18:48,18:48,0,A l'heure,397,104.62
J002665,2026-07-06,T021,G04,G12,07:21,07:23,2,Retarde,138,37.26
J002666,2026-06-13,T018,G04,G14,22:45,22:45,0,A l'heure,614,45.78
J002667,2025-12-19,T030,G07,G12,09:12,09:19,7,Retarde,170,27.71
J002668,2025-12-05,T035,G05,G02,14:48,14:48,0,A l'heure,43,19.07
J002669,2025-10-26,T027,G05,G03,22:42,22:52,10,Retarde,267,60.97
J002670,2026-06-23,T036,G02,G11,11:00,11:00,0,A l'heure,160,23.12
J002671,2026-05-13,T008,G12,G03,12:24,12:24,0,A l'heure,347,92.12
J002672,2026-02-11,T027,G08,G04,07:30,07:30,0,A l'heure,233,37.23
J002673,2026-01-24,T025,G13,G05,06:24,06:31,7,Retarde,192,67.49
J002674,2026-02-27,T029,G14,G06,21:30,21:30,0,A l'heure,124,16.74
J002675,2026-01-22,T026,G14,G03,21:21,21:41,20,Retarde,217,41.04
J002676,2026-06-04,T011,G08,G01,14:24,14:24,0,A l'heure,244,97.32
J002677,2026-08-08,T014,G10,G05,14:45,14:50,5,Retarde,335,91.84
J002678,2026-03-28,T007,G04,G12,07:06,07:09,3,Retarde,426,66.09
J002679,2026-07-18,T008,G07,G14,08:48,08:48,0,A l'heure,439,89.09
J002680,2025-10-02,T030,G15,G11,17:30,17:30,0,A l'heure,154,17.52
J002681,2026-08-06,T013,G07,G12,09:42,09:42,0,A l'heure,273,76.76
J002682,2026-07-05,T002,G11,G15,11:42,11:42,0,A l'heure,335,108.94
J002683,2026-02-26,T013,G05,G07,15:48,15:48,0,A l'heure,365,57.87
J002684,2026-02-09,T001,G11,G07,20:54,20:58,4,Retarde,247,56.3
J002685,2025-09-15,T025,G11,G06,05:36,05:51,15,Retarde,184,35.61
J002686,2026-08-03,T018,G04,G08,13:54,13:54,0,A l'heure,382,32.39
J002687,2025-09-13,T006,G10,G02,12:36,12:54,18,Retarde,285,109.49
J002688,2026-07-21,T029,G15,G04,14:00,14:01,1,Retarde,118,26.14
J002689,2026-01-25,T001,G09,G03,18:36,18:36,0,A l'heure,375,110.82
J002690,2026-06-04,T023,G15,G02,14:48,15:02,14,Retarde,106,44.34
J002691,2026-01-09,T033,G14,G04,15:54,,0,Annule,123,22.21
J002692,2026-03-16,T024,G09,G07,06:12,06:45,33,Retarde,172,36.86
J002693,2025-11-23,T002,G04,G14,16:21,16:21,0,A l'heure,388,84.3
J002694,2025-12-12,T013,G07,G11,13:12,13:14,2,Retarde,291,65.88
J002695,2026-01-18,T013,G10,G01,07:48,07:48,0,A l'heure,203,90.91
J002696,2026-03-01,T006,G12,G04,15:21,15:22,1,Retarde,426,82.25
J002697,2026-01-30,T031,G12,G09,22:45,22:45,0,A l'heure,168,21.71
J002698,2026-01-26,T007,G07,G09,10:30,10:30,0,A l'heure,116,61.3
J002699,2026-02-26,T021,G06,G13,11:21,11:21,0,A l'heure,331,40.28
J002700,2026-08-10,T013,G11,G02,21:15,21:15,0,A l'heure,216,68.48
J002701,2026-02-23,T034,G06,G13,06:48,06:48,0,A l'heure,161,21.45
J002702,2025-10-13,T032,G05,G15,14:45,14:45,0,A l'heure,145,18.21
J002703,2025-11-08,T036,G09,G06,13:15,13:15,0,A l'heure,189,23.21
J002704,2026-05-20,T021,G14,G01,11:15,11:15,0,A l'heure,312,44.03
J002705,2026-02-19,T009,G09,G15,19:12,19:16,4,Retarde,289,96.93
J002706,2026-07-08,T014,G02,G05,13:42,13:42,0,A l'heure,284,101.06
J002707,2025-12-18,T018,G12,G14,16:18,16:18,0,A l'heure,436,39.94
J002708,2026-01-17,T004,G03,G13,20:42,20:42,0,A l'heure,415,112.45
J002709,2026-03-14,T021,G02,G14,13:30,13:30,0,A l'heure,533,48.41
J002710,2026-07-05,T017,G12,G05,17:24,17:24,0,A l'heure,526,31.43
J002711,2026-08-07,T024,G04,G02,15:06,15:06,0,A l'heure,197,51.54
J002712,2025-09-28,T008,G06,G09,07:12,07:22,10,Retarde,359,111.16
J002713,2025-12-12,T013,G06,G12,12:30,12:30,0,A l'heure,247,61.26
J002714,2026-04-23,T020,G15,G14,09:54,09:54,0,A l'heure,323,38.65
J002715,2026-06-25,T011,G10,G15,08:24,08:24,0,A l'heure,382,95.43
J002716,2025-12-23,T039,G15,G06,18:42,18:42,0,A l'heure,123,17.08
J002717,2026-02-26,T013,G12,G02,20:36,20:36,0,A l'heure,276,78.29
J002718,2025-09-18,T016,G14,G01,20:24,20:31,7,Retarde,423,39.85
J002719,2025-10-26,T021,G12,G10,21:48,21:48,0,A l'heure,389,50.32
J002720,2026-04-03,T037,G09,G05,08:12,08:12,0,A l'heure,181,15.65
J002721,2026-07-19,T039,G13,G03,06:21,06:22,1,Retarde,167,30.42
J002722,2025-10-20,T007,G03,G11,08:15,08:15,0,A l'heure,290,53.32
J002723,2025-11-03,T030,G01,G12,20:36,20:36,0,A l'heure,134,16.28
J002724,2026-04-10,T034,G06,G03,18:24,18:32,8,Retarde,153,24.4
J002725,2026-03-05,T004,G09,G02,19:06,19:07,1,Retarde,333,96.07
J002726,2025-10-07,T001,G06,G14,18:18,18:18,0,A l'heure,143,83.22
J002727,2026-07-03,T030,G05,G03,07:21,07:21,0,A l'heure,120,18.12
J002728,2026-04-06,T010,G12,G14,05:36,05:46,10,Retarde,315,60.66
J002729,2026-03-11,T037,G09,G12,21:06,21:06,0,A l'heure,181,24.92
J002730,2025-12-07,T003,G03,G11,15:21,15:31,10,Retarde,233,80.93
J002731,2026-03-26,T031,G10,G11,20:54,20:54,0,A l'heure,121,22.46
J002732,2026-06-08,T040,G14,G09,12:45,12:45,0,A l'heure,122,28.05
J002733,2026-07-23,T040,G11,G07,19:42,19:42,0,A l'heure,122,22.83
J002734,2025-12-01,T034,G10,G01,07:36,07:36,0,A l'heure,106,19.22
J002735,2026-01-11,T003,G06,G03,05:12,05:12,0,A l'heure,228,71.51
J002736,2026-08-12,T004,G13,G11,15:30,15:30,0,A l'heure,139,88.5
J002737,2026-07-23,T006,G15,G04,07:00,07:00,0,A l'heure,361,84.17
J002738,2026-06-28,T039,G15,G09,14:06,14:06,0,A l'heure,136,26.5
J002739,2025-11-30,T026,G11,G13,20:45,20:45,0,A l'heure,257,61.52
J002740,2026-02-23,T007,G15,G08,09:42,09:43,1,Retarde,213,103.83
J002741,2026-01-28,T004,G08,G06,11:21,11:21,0,A l'heure,322,73.64
J002742,2025-09-11,T038,G12,G07,15:24,15:24,0,A l'heure,144,20.32
J002743,2026-07-23,T036,G09,G08,11:42,11:57,15,Retarde,114,22.92
J002744,2026-02-19,T020,G06,G10,21:24,21:24,0,A l'heure,298,26.59
J002745,2026-05-22,T012,G15,G07,05:15,05:15,0,A l'heure,314,59.59
J002746,2026-08-08,T035,G01,G07,14:48,14:48,0,A l'heure,134,25.35
J002747,2026-03-17,T005,G08,G02,07:24,07:24,0,A l'heure,267,58.42
J002748,2026-07-21,T009,G11,G14,11:24,11:25,1,Retarde,245,56.56
J002749,2026-03-27,T034,G08,G15,05:45,06:09,24,Retarde,117,26.62
J002750,2025-12-11,T002,G02,G07,22:06,22:06,0,A l'heure,203,75.99
J002751,2026-07-19,T024,G15,G01,15:36,15:36,0,A l'heure,310,42.12
J002752,2026-01-09,T007,G06,G03,05:21,05:21,0,A l'heure,367,97.18
J002753,2026-03-22,T005,G14,G13,06:15,06:15,0,A l'heure,277,110.79
J002754,2026-08-21,T006,G09,G07,21:42,21:59,17,Retarde,312,77.84
J002755,2025-12-09,T035,G13,G03,13:21,13:21,0,A l'heure,106,20.47
J002756,2026-06-05,T004,G07,G11,16:24,16:24,0,A l'heure,462,88.02
J002757,2026-03-29,T008,G13,G10,19:54,20:00,6,Retarde,401,88.5
J002758,2026-01-25,T009,G15,G12,07:21,07:21,0,A l'heure,404,76.83
J002759,2025-11-09,T010,G15,G10,05:15,05:27,12,Retarde,311,109.55
J002760,2025-10-08,T017,G12,G15,15:48,15:48,0,A l'heure,541,23.42
J002761,2025-09-15,T018,G15,G09,17:54,18:10,16,Retarde,387,40.07
J002762,2026-03-09,T012,G01,G05,19:54,19:54,0,A l'heure,334,86.19
J002763,2026-06-29,T036,G14,G12,13:18,13:21,3,Retarde,127,15.47
J002764,2026-01-26,T013,G07,G08,16:18,16:18,0,A l'heure,253,103.58
J002765,2026-07-22,T017,G07,G06,08:00,,0,Annule,473,39.11
J002766,2026-03-09,T023,G03,G07,05:21,05:21,0,A l'heure,233,55.88
J002767,2026-08-26,T019,G12,G04,19:12,19:12,0,A l'heure,345,44.61
J002768,2025-10-31,T024,G04,G14,13:45,13:48,3,Retarde,244,52.64
J002769,2026-02-20,T007,G12,G02,08:36,08:36,0,A l'heure,280,69.65
J002770,2025-09-21,T034,G11,G05,14:45,14:45,0,A l'heure,192,19.91
J002771,2025-09-09,T008,G05,G13,22:06,22:06,0,A l'heure,270,59.69
J002772,2025-09-23,T027,G09,G01,08:00,08:02,2,Retarde,183,50.63
J002773,2025-10-08,T018,G05,G04,13:24,13:51,27,Retarde,532,44.54
J002774,2026-05-06,T018,G08,G01,19:42,19:43,1,Retarde,188,28.48
J002775,2026-01-11,T029,G13,G14,07:30,07:30,0,A l'heure,145,19.28
J002776,2026-08-14,T004,G01,G06,21:36,21:41,5,Retarde,333,59.15
J002777,2026-06-10,T031,G13,G05,10:18,10:18,0,A l'heure,59,25.78
J002778,2026-07-27,T018,G15,G07,17:36,17:36,0,A l'heure,462,39.03
J002779,2026-07-09,T030,G06,G14,19:54,19:54,0,A l'heure,89,21.03
J002780,2025-10-20,T010,G05,G14,19:45,19:45,0,A l'heure,209,92.46
J002781,2026-07-21,T037,G02,G04,21:54,21:54,0,A l'heure,127,27.56
J002782,2026-02-16,T015,G05,G12,13:12,13:12,0,A l'heure,396,36.8
J002783,2026-04-10,T019,G10,G01,21:06,21:06,0,A l'heure,399,28.37
J002784,2025-12-02,T034,G02,G01,05:15,05:54,39,Retarde,120,19.52
J002785,2025-09-30,T021,G03,G04,17:30,17:30,0,A l'heure,497,26.79
J002786,2025-09-14,T024,G06,G03,21:06,21:06,0,A l'heure,170,53.52
J002787,2026-08-20,T022,G09,G07,08:42,08:53,11,Retarde,399,26.72
J002788,2026-08-10,T030,G13,G12,19:12,19:12,0,A l'heure,159,23.0
J002789,2026-07-29,T029,G03,G09,09:30,09:30,0,A l'heure,86,17.32
J002790,2025-11-23,T019,G14,G15,07:21,07:21,0,A l'heure,440,34.47
J002791,2025-11-28,T033,G06,G03,18:21,18:21,0,A l'heure,69,21.31
J002792,2026-08-21,T021,G12,G03,13:45,13:45,0,A l'heure,332,25.5
J002793,2026-06-11,T004,G08,G03,06:30,06:30,0,A l'heure,370,71.8
J002794,2026-02-21,T025,G13,G02,18:24,18:24,0,A l'heure,135,46.22
J002795,2026-08-21,T027,G01,G05,16:42,16:52,10,Retarde,168,44.92
J002796,2025-11-18,T021,G10,G08,22:12,22:12,0,A l'heure,500,40.17
J002797,2026-01-17,T002,G06,G07,06:06,06:38,32,Retarde,510,78.07
J002798,2026-03-16,T026,G13,G03,12:45,12:45,0,A l'heure,248,43.09
J002799,2025-12-12,T024,G12,G08,21:24,21:58,34,Retarde,177,31.04
J002800,2025-09-29,T018,G07,G08,12:18,12:18,0,A l'heure,343,40.69
J002801,2025-10-04,T019,G05,G02,09:48,09:48,0,A l'heure,382,44.09
J002802,2026-01-02,T026,G13,G10,16:15,16:15,0,A l'heure,303,44.84
J002803,2026-02-18,T036,G07,G14,07:42,07:42,0,A l'heure,163,25.02
J002804,2026-02-19,T038,G04,G15,11:45,11:45,0,A l'heure,96,24.8
J002805,2026-06-26,T034,G02,G05,10:12,10:12,0,A l'heure,69,17.27
J002806,2026-04-27,T004,G06,G04,05:54,06:02,8,Retarde,372,66.89
J002807,2026-05-14,T038,G15,G07,07:15,07:15,0,A l'heure,220,16.8
J002808,2026-03-08,T038,G12,G01,09:00,09:00,0,A l'heure,208,28.67
J002809,2025-09-13,T013,G02,G01,17:21,17:21,0,A l'heure,243,93.17
J002810,2026-07-21,T027,G04,G02,05:48,05:48,0,A l'heure,149,32.93
J002811,2026-08-29,T025,G05,G04,19:24,19:24,0,A l'heure,225,41.77
J002812,2026-08-23,T025,G09,G13,13:06,13:19,13,Retarde,328,67.69
J002813,2026-04-15,T037,G04,G01,09:12,09:12,0,A l'heure,159,26.48
J002814,2025-12-19,T015,G12,G15,10:48,10:48,0,A l'heure,365,27.68
J002815,2025-10-06,T027,G02,G11,07:18,07:18,0,A l'heure,229,39.78
J002816,2026-08-09,T003,G09,G04,09:54,09:54,0,A l'heure,277,114.01
J002817,2026-01-14,T002,G07,G01,06:21,06:21,0,A l'heure,486,101.79
J002818,2026-05-26,T037,G12,G03,05:12,05:13,1,Retarde,62,17.66
J002819,2026-01-06,T028,G10,G14,08:15,,0,Annule,222,49.3
J002820,2025-10-04,T012,G05,G01,10:45,11:14,29,Retarde,374,67.06
J002821,2025-11-21,T017,G02,G12,17:45,17:57,12,Retarde,401,40.1
J002822,2026-05-01,T007,G12,G01,21:45,21:45,0,A l'heure,318,67.42
J002823,2026-01-02,T002,G10,G08,05:12,05:12,0,A l'heure,363,53.24
J002824,2026-06-04,T033,G05,G06,09:21,09:24,3,Retarde,117,23.95
J002825,2026-04-12,T021,G03,G08,07:30,07:30,0,A l'heure,393,46.71
J002826,2025-10-05,T014,G15,G07,22:18,22:31,13,Retarde,489,99.28
J002827,2026-08-12,T027,G13,G15,20:15,20:15,0,A l'heure,305,45.98
J002828,2026-06-05,T037,G09,G15,13:45,13:45,0,A l'heure,87,18.12
J002829,2026-07-03,T017,G11,G08,07:21,07:21,0,A l'heure,325,42.93
J002830,2026-06-30,T027,G15,G04,06:00,06:11,11,Retarde,189,49.69
J002831,2025-11-30,T018,G12,G06,18:36,18:36,0,A l'heure,378,44.33
J002832,2026-01-12,T027,G09,G01,09:15,09:45,30,Retarde,182,40.66
J002833,2026-03-07,T004,G10,G13,07:18,07:25,7,Retarde,387,100.58
J002834,2026-04-24,T015,G07,G08,16:45,16:45,0,A l'heure,521,37.73
J002835,2025-09-07,T025,G13,G05,19:42,19:46,4,Retarde,324,65.25
J002836,2026-05-07,T002,G04,G01,11:21,11:21,0,A l'heure,224,80.06
J002837,2026-01-14,T017,G09,G01,11:15,11:15,0,A l'heure,210,42.6
J002838,2026-07-03,T037,G13,G05,07:15,07:31,16,Retarde,156,24.5
J002839,2026-04-02,T022,G10,G03,11:36,11:53,17,Retarde,511,37.59
J002840,2026-03-06,T030,G13,G10,05:48,05:48,0,A l'heure,101,18.45
J002841,2026-05-10,T003,G07,G04,15:18,15:18,0,A l'heure,311,76.62
J002842,2026-04-22,T039,G15,G13,08:21,08:27,6,Retarde,137,18.09
J002843,2026-03-13,T029,G08,G12,22:15,22:15,0,A l'heure,105,26.34
J002844,2026-07-17,T031,G08,G01,09:30,09:30,0,A l'heure,144,24.77
J002845,2026-05-26,T024,G13,G14,09:12,09:12,0,A l'heure,208,42.57
J002846,2026-06-09,T040,G07,G03,09:42,09:42,0,A l'heure,146,26.16
J002847,2026-04-17,T035,G13,G06,09:42,09:43,1,Retarde,118,23.13
J002848,2025-11-11,T005,G01,G11,06:24,07:14,50,Retarde,358,83.42
J002849,2026-01-17,T017,G13,G05,20:15,20:21,6,Retarde,629,29.17
J002850,2026-01-30,T035,G04,G13,05:00,05:10,10,Retarde,110,17.62
J002851,2026-03-25,T035,G14,G05,07:42,07:42,0,A l'heure,126,21.3
J002852,2026-07-11,T010,G15,G10,05:06,05:06,0,A l'heure,205,98.16
J002853,2025-11-15,T021,G10,G15,20:48,21:11,23,Retarde,448,39.85
J002854,2025-12-13,T005,G11,G03,17:21,17:21,0,A l'heure,290,98.06
J002855,2026-04-22,T017,G08,G15,13:54,13:54,0,A l'heure,338,36.31
J002856,2025-10-15,T032,G12,G13,19:30,19:30,0,A l'heure,165,14.45
J002857,2025-09-22,T025,G10,G12,22:54,22:54,0,A l'heure,120,40.66
J002858,2025-11-14,T033,G11,G13,09:06,09:06,0,A l'heure,126,21.43
J002859,2026-06-25,T030,G03,G13,18:45,18:47,2,Retarde,143,17.79
J002860,2026-02-19,T013,G07,G03,13:15,13:15,0,A l'heure,178,85.45
J002861,2026-07-06,T031,G09,G03,15:42,15:42,0,A l'heure,161,25.47
J002862,2026-06-03,T011,G11,G02,18:00,18:09,9,Retarde,271,92.02
J002863,2025-11-09,T011,G07,G15,19:21,19:21,0,A l'heure,464,76.8
J002864,2026-07-16,T035,G01,G09,17:30,17:32,2,Retarde,139,14.86
J002865,2026-02-27,T026,G05,G12,21:45,22:02,17,Retarde,228,34.34
J002866,2025-09-20,T034,G06,G10,09:21,09:21,0,A l'heure,122,24.66
J002867,2026-03-28,T006,G13,G06,11:48,11:48,0,A l'heure,448,60.05
J002868,2025-09-22,T012,G11,G03,12:48,12:58,10,Retarde,272,95.1
J002869,2025-11-12,T015,G09,G14,13:15,13:15,0,A l'heure,339,31.15
J002870,2025-09-07,T029,G10,G02,07:48,07:48,0,A l'heure,168,26.94
J002871,2026-03-29,T026,G07,G11,09:54,09:54,0,A l'heure,258,43.14
J002872,2025-10-03,T008,G08,G01,18:21,18:45,24,Retarde,361,75.24
J002873,2026-01-30,T025,G01,G08,15:18,,0,Annule,205,30.52
J002874,2026-02-21,T007,G07,G01,08:21,08:21,0,A l'heure,464,77.21
J002875,2026-08-19,T022,G05,G14,09:36,09:36,0,A l'heure,267,41.42
J002876,2026-02-11,T011,G01,G05,18:54,18:54,0,A l'heure,305,65.74
J002877,2026-07-09,T007,G04,G15,19:24,19:24,0,A l'heure,217,91.04
J002878,2026-01-02,T019,G15,G05,11:24,12:04,40,Retarde,265,32.14
J002879,2026-05-09,T035,G01,G11,14:12,14:12,0,A l'heure,121,23.34
J002880,2026-05-29,T020,G10,G12,20:15,20:15,0,A l'heure,311,35.31
J002881,2026-07-08,T028,G09,G11,12:24,12:24,0,A l'heure,201,44.4
J002882,2025-10-27,T011,G07,G09,06:42,06:42,0,A l'heure,242,53.16
J002883,2026-06-11,T020,G03,G12,14:54,14:54,0,A l'heure,311,31.22
J002884,2026-04-19,T006,G04,G01,17:42,17:47,5,Retarde,510,75.71
J002885,2025-11-24,T039,G10,G03,06:21,06:21,0,A l'heure,139,21.07
J002886,2026-02-24,T035,G11,G06,10:18,10:20,2,Retarde,64,22.06
J002887,2026-04-13,T038,G04,G08,09:06,09:06,0,A l'heure,153,20.08
J002888,2026-03-31,T039,G11,G08,06:15,,0,Annule,114,21.99
J002889,2025-12-22,T037,G08,G14,18:45,18:45,0,A l'heure,87,19.76
J002890,2026-07-03,T019,G14,G13,10:36,10:36,0,A l'heure,229,35.01
J002891,2026-05-06,T036,G04,G06,14:42,14:42,0,A l'heure,157,21.53
J002892,2026-04-30,T021,G07,G06,21:45,22:05,20,Retarde,431,24.36
J002893,2026-07-25,T001,G04,G14,14:54,14:54,0,A l'heure,388,100.09
J002894,2025-09-03,T035,G03,G06,09:54,09:54,0,A l'heure,135,19.73
J002895,2026-05-05,T029,G06,G08,15:42,15:43,1,Retarde,158,14.93
J002896,2026-05-26,T019,G08,G09,05:12,05:12,0,A l'heure,424,30.25
J002897,2026-08-18,T009,G15,G14,11:24,11:30,6,Retarde,306,86.87
J002898,2026-04-30,T026,G14,G11,17:48,17:48,0,A l'heure,139,52.56
J002899,2025-11-08,T013,G08,G01,16:06,16:12,6,Retarde,339,64.44
J002900,2025-09-11,T034,G10,G07,08:45,08:45,0,A l'heure,141,27.42
J002901,2026-01-15,T001,G03,G06,14:24,14:59,35,Retarde,348,87.31
J002902,2026-05-03,T040,G04,G13,13:45,13:45,0,A l'heure,108,23.85
J002903,2025-12-14,T017,G14,G05,11:54,11:56,2,Retarde,548,50.22
J002904,2025-09-11,T012,G02,G10,16:18,16:18,0,A l'heure,305,87.28
J002905,2026-06-23,T038,G12,G05,14:12,14:26,14,Retarde,74,16.69
J002906,2026-02-04,T018,G13,G07,05:21,05:30,9,Retarde,267,34.11
J002907,2026-05-22,T003,G11,G03,19:15,19:15,0,A l'heure,298,84.86
J002908,2026-01-02,T021,G10,G05,09:18,09:18,0,A l'heure,204,25.51
J002909,2026-02-23,T007,G08,G04,19:06,19:06,0,A l'heure,331,67.52
J002910,2026-03-15,T003,G11,G07,09:18,09:18,0,A l'heure,259,63.76
J002911,2026-08-06,T007,G14,G12,06:48,06:49,1,Retarde,318,78.95
J002912,2025-10-04,T021,G04,G03,12:42,12:42,0,A l'heure,573,45.75
J002913,2026-04-16,T022,G12,G11,13:42,13:42,0,A l'heure,472,23.41
J002914,2025-09-12,T020,G13,G05,17:12,17:12,0,A l'heure,424,31.55
J002915,2025-09-12,T024,G05,G09,20:45,21:34,49,Retarde,128,48.49
J002916,2025-11-12,T002,G12,G13,16:18,16:25,7,Retarde,334,60.36
J002917,2026-03-26,T022,G11,G06,14:15,14:15,0,A l'heure,327,31.47
J002918,2025-10-16,T017,G07,G13,09:48,09:48,0,A l'heure,385,24.57
J002919,2026-04-21,T037,G01,G14,17:18,17:18,0,A l'heure,130,15.24
J002920,2026-01-23,T030,G01,G11,06:18,06:18,0,A l'heure,100,14.51
J002921,2026-04-24,T016,G12,G09,05:42,05:42,0,A l'heure,364,23.17
J002922,2025-10-14,T001,G05,G12,15:06,15:10,4,Retarde,230,99.81
J002923,2026-07-06,T001,G04,G10,19:24,19:24,0,A l'heure,269,83.34
J002924,2025-12-10,T006,G11,G01,16:45,16:45,0,A l'heure,309,75.44
J002925,2026-08-03,T009,G09,G05,18:54,18:54,0,A l'heure,357,58.59
J002926,2026-03-18,T007,G14,G09,06:06,06:10,4,Retarde,227,63.54
J002927,2026-05-10,T010,G07,G08,19:30,19:31,1,Retarde,283,82.16
J002928,2026-08-26,T039,G13,G11,13:45,13:48,3,Retarde,104,20.88
J002929,2025-12-27,T034,G08,G02,12:06,12:14,8,Retarde,150,17.24
J002930,2026-06-12,T040,G09,G04,10:54,10:54,0,A l'heure,144,28.58
J002931,2026-01-30,T039,G13,G04,13:21,13:21,0,A l'heure,78,15.59
J002932,2026-01-17,T034,G14,G03,05:54,05:58,4,Retarde,143,23.29
J002933,2026-03-01,T016,G10,G01,07:48,07:54,6,Retarde,360,29.73
J002934,2026-06-05,T020,G12,G05,11:45,11:45,0,A l'heure,351,24.42
J002935,2026-04-11,T003,G12,G02,11:06,11:06,0,A l'heure,369,116.42
J002936,2025-10-16,T032,G06,G09,05:18,05:18,0,A l'heure,153,15.81
J002937,2026-03-17,T029,G11,G03,09:30,09:30,0,A l'heure,108,25.94
J002938,2026-05-11,T027,G05,G14,12:36,12:36,0,A l'heure,233,33.94
J002939,2026-02-14,T006,G05,G03,18:30,18:30,0,A l'heure,428,67.08
J002940,2026-06-05,T006,G07,G09,16:36,16:36,0,A l'heure,257,73.21
J002941,2025-12-19,T032,G01,G14,20:45,20:45,0,A l'heure,110,18.29
J002942,2026-01-28,T028,G07,G01,07:36,07:36,0,A l'heure,122,51.27
J002943,2025-11-03,T030,G10,G01,11:42,11:42,0,A l'heure,119,27.65
J002944,2026-01-06,T016,G03,G09,11:54,12:16,22,Retarde,480,41.62
J002945,2025-12-18,T012,G15,G11,07:36,07:36,0,A l'heure,273,70.15
J002946,2026-02-23,T034,G02,G11,20:18,20:18,0,A l'heure,157,26.14
J002947,2026-05-20,T019,G14,G04,17:00,17:00,0,A l'heure,283,33.21
J002948,2026-08-12,T007,G03,G01,21:45,21:45,0,A l'heure,271,67.77
J002949,2025-11-20,T034,G07,G03,10:15,10:16,1,Retarde,157,16.86
J002950,2025-09-15,T026,G13,G07,05:15,05:15,0,A l'heure,222,35.73
J002951,2026-08-26,T028,G02,G03,22:18,22:19,1,Retarde,218,57.66
J002952,2026-08-10,T008,G06,G08,20:21,20:34,13,Retarde,348,92.52
J002953,2026-05-20,T015,G13,G01,20:21,20:22,1,Retarde,293,38.5
J002954,2026-07-15,T014,G04,G05,13:48,13:48,0,A l'heure,269,74.18
J002955,2026-07-08,T009,G09,G06,06:21,06:21,0,A l'heure,248,52.71
J002956,2026-06-20,T038,G08,G11,06:42,06:42,0,A l'heure,192,28.89
J002957,2025-10-08,T010,G13,G03,14:45,14:45,0,A l'heure,280,61.05
J002958,2025-10-28,T003,G01,G06,16:15,16:15,0,A l'heure,255,93.24
J002959,2026-01-02,T004,G15,G06,18:15,18:15,0,A l'heure,190,71.38
J002960,2025-12-02,T008,G06,G09,14:06,14:06,0,A l'heure,254,82.26
J002961,2026-08-19,T021,G15,G08,07:15,07:15,0,A l'heure,274,33.09
J002962,2026-03-30,T016,G15,G11,09:06,09:06,0,A l'heure,369,23.28
J002963,2026-06-03,T017,G09,G03,12:36,12:36,0,A l'heure,368,25.32
J002964,2026-05-04,T017,G14,G13,15:24,15:24,0,A l'heure,156,23.69
J002965,2026-05-19,T034,G07,G12,17:30,17:30,0,A l'heure,131,27.25
J002966,2026-08-17,T017,G07,G01,10:00,10:00,0,A l'heure,385,26.54
J002967,2026-01-23,T034,G01,G03,05:48,05:48,0,A l'heure,127,18.71
J002968,2026-06-14,T020,G09,G13,09:48,10:20,32,Retarde,509,49.12
J002969,2025-11-30,T005,G15,G01,13:15,13:15,0,A l'heure,352,111.86
J002970,2025-12-25,T015,G11,G07,22:42,22:44,2,Retarde,464,43.55
J002971,2026-03-12,T028,G11,G01,10:36,10:49,13,Retarde,200,31.01
J002972,2026-03-16,T037,G07,G06,16:21,16:21,0,A l'heure,121,19.42
J002973,2026-05-07,T001,G14,G11,21:42,21:42,0,A l'heure,284,84.07
J002974,2026-07-06,T003,G06,G15,19:24,19:27,3,Retarde,350,54.37
J002975,2026-01-04,T009,G14,G09,18:12,18:12,0,A l'heure,366,116.73
J002976,2025-10-15,T028,G01,G02,09:00,09:00,0,A l'heure,223,32.59
J002977,2026-03-25,T022,G14,G08,17:48,17:48,0,A l'heure,343,35.29
J002978,2025-12-09,T027,G15,G02,09:54,09:54,0,A l'heure,179,39.64
J002979,2026-08-15,T025,G13,G07,15:54,15:54,0,A l'heure,282,42.55
J002980,2026-02-14,T034,G03,G10,22:42,22:42,0,A l'heure,119,32.83
J002981,2026-02-16,T030,G13,G05,11:45,11:45,0,A l'heure,125,22.84
J002982,2025-12-04,T027,G04,G12,17:54,17:57,3,Retarde,253,36.52
J002983,2025-11-03,T034,G05,G08,06:06,06:08,2,Retarde,145,17.36
J002984,2026-03-31,T039,G13,G01,07:06,07:13,7,Retarde,85,15.88
J002985,2026-08-24,T010,G01,G03,10:00,10:00,0,A l'heure,228,52.3
J002986,2026-08-11,T028,G12,G07,09:45,09:46,1,Retarde,241,57.16
J002987,2026-03-16,T019,G03,G11,06:48,06:48,0,A l'heure,382,32.14
J002988,2026-04-06,T011,G02,G11,09:30,09:30,0,A l'heure,422,75.12
J002989,2026-01-13,T016,G14,G07,16:42,17:05,23,Retarde,359,42.17
J002990,2025-09-09,T004,G07,G11,16:00,16:10,10,Retarde,336,92.97
J002991,2025-12-07,T035,G13,G04,17:12,17:15,3,Retarde,188,31.22
J002992,2026-02-02,T030,G10,G02,05:36,05:37,1,Retarde,91,18.97
J002993,2026-07-03,T033,G05,G14,11:06,,0,Annule,206,15.4
J002994,2026-08-26,T019,G08,G02,18:45,19:31,46,Retarde,173,32.95
J002995,2025-10-10,T013,G02,G06,14:00,14:00,0,A l'heure,388,52.1
J002996,2025-11-12,T031,G01,G07,06:30,06:30,0,A l'heure,167,23.85
J002997,2025-12-21,T022,G05,G01,19:45,19:45,0,A l'heure,317,37.06
J002998,2026-04-27,T013,G03,G02,11:30,11:30,0,A l'heure,290,73.64
J002999,2026-08-11,T027,G03,G05,18:21,18:21,0,A l'heure,165,56.62
J003000,2025-12-07,T025,G14,G12,18:48,19:28,40,Retarde,260,44.64
J003001,2026-02-13,T017,G06,G08,20:15,20:15,0,A l'heure,395,31.51
J003002,2026-08-29,T026,G01,G07,17:12,17:12,0,A l'heure,270,59.56
J003003,2026-08-07,T035,G09,G14,05:21,05:22,1,Retarde,136,18.06
J003004,2025-11-03,T034,G14,G10,07:15,07:15,0,A l'heure,114,23.36
J003005,2025-09-10,T003,G10,G07,17:36,17:36,0,A l'heure,366,90.91
J003006,2026-02-05,T031,G06,G11,19:00,19:00,0,A l'heure,109,23.15
J003007,2026-06-04,T009,G09,G05,06:06,06:33,27,Retarde,371,60.39
J003008,2025-11-15,T009,G05,G10,16:54,16:54,0,A l'heure,365,99.23
J003009,2025-09-24,T039,G10,G04,10:24,10:24,0,A l'heure,185,22.36
J003010,2026-05-16,T039,G15,G13,15:30,15:30,0,A l'heure,169,22.62
J003011,2025-11-13,T011,G12,G05,15:54,15:54,0,A l'heure,189,60.57
J003012,2026-05-15,T033,G05,G09,10:42,10:42,0,A l'heure,108,18.47
J003013,2026-08-06,T007,G02,G04,21:45,21:45,0,A l'heure,267,67.68
J003014,2026-08-16,T027,G04,G15,11:12,11:14,2,Retarde,218,46.5
J003015,2025-09-26,T032,G15,G04,13:54,13:54,0,A l'heure,97,15.36
J003016,2026-07-10,T038,G02,G06,15:45,15:45,0,A l'heure,136,24.03
J003017,2026-02-09,T004,G05,G09,10:00,10:03,3,Retarde,222,86.49
J003018,2026-03-23,T040,G10,G15,11:00,11:00,0,A l'heure,140,19.14
J003019,2026-06-15,T011,G12,G09,09:36,09:36,0,A l'heure,270,99.87
J003020,2025-11-07,T012,G13,G12,21:18,21:18,0,A l'heure,284,59.6
J003021,2025-12-07,T008,G10,G15,11:54,11:54,0,A l'heure,463,95.5
J003022,2026-03-08,T022,G10,G08,09:54,09:54,0,A l'heure,374,25.87
J003023,2025-11-14,T001,G08,G09,11:42,11:42,0,A l'heure,336,67.33
J003024,2025-09-09,T003,G10,G04,11:30,11:30,0,A l'heure,337,93.55
J003025,2026-06-19,T004,G06,G10,22:00,22:01,1,Retarde,283,53.55
J003026,2025-12-05,T027,G02,G15,21:30,21:46,16,Retarde,151,31.77
J003027,2025-10-30,T024,G14,G07,16:12,16:12,0,A l'heure,172,43.34
J003028,2025-09-17,T015,G14,G07,17:30,17:30,0,A l'heure,342,35.83
J003029,2025-12-11,T031,G12,G01,13:36,13:37,1,Retarde,106,14.93
J003030,2025-12-13,T028,G09,G08,21:00,21:15,15,Retarde,247,49.01
J003031,2026-02-02,T019,G11,G08,17:36,17:36,0,A l'heure,253,36.42
J003032,2026-05-19,T028,G14,G10,18:42,18:42,0,A l'heure,239,46.28
J003033,2026-06-06,T040,G12,G10,08:30,08:32,2,Retarde,218,33.01
J003034,2025-10-13,T011,G10,G06,10:06,10:06,0,A l'heure,369,83.79
J003035,2026-04-15,T029,G06,G14,07:00,07:00,0,A l'heure,142,23.11
J003036,2026-08-23,T006,G08,G06,10:48,10:48,0,A l'heure,421,71.64
J003037,2026-08-08,T036,G04,G02,21:42,21:43,1,Retarde,123,32.93
J003038,2026-05-29,T010,G04,G05,14:18,14:18,0,A l'heure,315,74.8
J003039,2026-07-21,T020,G13,G04,06:36,06:36,0,A l'heure,203,35.39
J003040,2026-07-27,T002,G12,G08,17:45,17:45,0,A l'heure,279,85.19
J003041,2025-09-12,T016,G11,G14,13:12,13:12,0,A l'heure,507,35.51
J003042,2025-09-09,T032,G10,G12,22:15,22:15,0,A l'heure,173,25.19
J003043,2026-06-21,T025,G01,G10,05:18,05:18,0,A l'heure,232,45.88
J003044,2026-03-27,T016,G15,G02,15:36,15:36,0,A l'heure,193,36.84
J003045,2026-05-31,T024,G02,G13,17:21,17:21,0,A l'heure,350,67.62
J003046,2026-04-09,T019,G09,G07,07:30,07:32,2,Retarde,364,25.64
J003047,2025-12-28,T011,G06,G13,16:30,16:54,24,Retarde,326,73.3
J003048,2026-06-02,T031,G07,G03,11:42,11:42,0,A l'heure,122,19.52
J003049,2026-03-26,T013,G09,G12,12:12,12:12,0,A l'heure,326,67.66
J003050,2025-10-20,T025,G14,G11,13:45,13:45,0,A l'heure,278,40.49
J003051,2025-11-19,T008,G14,G15,16:00,16:01,1,Retarde,286,101.04
J003052,2026-03-06,T025,G10,G14,14:18,14:18,0,A l'heure,244,48.64
J003053,2025-09-02,T018,G07,G09,14:21,14:30,9,Retarde,329,23.09
J003054,2026-07-10,T003,G05,G01,21:15,21:15,0,A l'heure,279,61.74
J003055,2026-03-30,T003,G06,G15,22:12,22:12,0,A l'heure,291,103.72
J003056,2025-10-14,T025,G02,G01,05:54,05:54,0,A l'heure,167,44.48
J003057,2025-10-07,T001,G14,G04,18:24,18:24,0,A l'heure,203,81.07
J003058,2025-09-03,T024,G12,G04,21:42,21:42,0,A l'heure,126,53.56
J003059,2026-04-14,T026,G02,G12,17:36,17:36,0,A l'heure,82,57.8
J003060,2025-09-25,T003,G04,G09,18:18,18:18,0,A l'heure,310,61.88
J003061,2025-12-08,T010,G09,G03,20:42,20:42,0,A l'heure,248,98.22
J003062,2026-06-02,T029,G13,G10,07:48,07:48,0,A l'heure,111,20.28
J003063,2025-12-02,T022,G12,G04,08:15,08:16,1,Retarde,342,40.79
J003064,2025-09-29,T007,G15,G05,20:45,20:45,0,A l'heure,292,94.73
J003065,2026-03-21,T004,G03,G01,09:54,10:00,6,Retarde,384,73.03
J003066,2026-07-22,T036,G04,G14,19:00,19:01,1,Retarde,137,15.51
J003067,2026-08-23,T011,G04,G12,20:54,21:02,8,Retarde,333,101.46
J003068,2026-03-19,T010,G10,G11,10:15,10:15,0,A l'heure,241,102.32
J003069,2026-03-26,T013,G05,G13,07:18,07:18,0,A l'heure,286,66.17
J003070,2025-09-23,T031,G02,G11,10:18,10:18,0,A l'heure,141,24.8
J003071,2026-02-12,T022,G07,G04,12:12,12:12,0,A l'heure,344,25.75
J003072,2026-04-28,T005,G15,G06,11:54,11:54,0,A l'heure,255,66.73
J003073,2026-05-08,T003,G14,G13,06:00,06:22,22,Retarde,344,64.21
J003074,2026-07-26,T007,G08,G14,13:21,13:21,0,A l'heure,182,60.33
J003075,2025-11-11,T037,G03,G11,15:45,15:45,0,A l'heure,203,21.22
J003076,2025-11-20,T021,G07,G02,18:15,18:15,0,A l'heure,332,29.77
J003077,2026-05-05,T002,G09,G07,11:18,11:18,0,A l'heure,350,89.44
J003078,2026-07-04,T034,G08,G09,10:36,10:36,0,A l'heure,136,18.0
J003079,2025-09-16,T001,G11,G14,12:30,12:30,0,A l'heure,240,82.54
J003080,2026-05-04,T009,G08,G02,05:15,05:16,1,Retarde,402,75.25
J003081,2026-05-01,T022,G10,G04,19:42,19:42,0,A l'heure,622,33.67
J003082,2026-03-13,T011,G03,G08,15:30,15:30,0,A l'heure,156,53.71
J003083,2026-01-09,T034,G12,G05,16:21,16:22,1,Retarde,157,20.6
J003084,2026-08-19,T034,G07,G06,06:15,06:15,0,A l'heure,130,24.67
J003085,2026-06-15,T028,G15,G12,22:36,22:36,0,A l'heure,223,36.07
J003086,2026-01-29,T018,G02,G04,12:18,12:58,40,Retarde,285,24.38
J003087,2026-08-31,T013,G07,G04,15:54,15:54,0,A l'heure,320,90.66
J003088,2025-09-30,T006,G08,G04,17:18,17:18,0,A l'heure,321,64.64
J003089,2026-01-29,T036,G14,G07,15:36,15:47,11,Retarde,113,27.66
J003090,2025-09-24,T026,G11,G15,22:42,22:42,0,A l'heure,181,51.57
J003091,2025-11-24,T013,G05,G03,17:42,17:47,5,Retarde,252,101.63
J003092,2025-11-09,T017,G03,G15,15:36,15:37,1,Retarde,288,38.81
J003093,2026-03-04,T002,G08,G14,21:00,21:00,0,A l'heure,475,98.45
J003094,2025-12-31,T035,G07,G14,18:45,18:45,0,A l'heure,143,28.41
J003095,2026-07-24,T038,G03,G02,15:54,15:54,0,A l'heure,138,25.73
J003096,2026-02-13,T019,G04,G13,20:06,20:06,0,A l'heure,419,36.6
J003097,2025-11-23,T010,G02,G01,11:30,11:31,1,Retarde,432,67.38
J003098,2026-03-08,T029,G07,G02,15:06,15:06,0,A l'heure,188,20.19
J003099,2026-01-15,T027,G08,G06,05:18,05:18,0,A l'heure,187,60.42
J003100,2026-03-14,T013,G05,G02,14:15,14:15,0,A l'heure,453,117.96
J003101,2026-04-01,T006,G01,G12,17:36,17:36,0,A l'heure,374,95.56
J003102,2026-04-21,T004,G05,G04,06:21,06:30,9,Retarde,287,101.83
J003103,2026-06-13,T025,G05,G08,19:48,19:58,10,Retarde,280,57.66
J003104,2026-02-01,T021,G10,G13,16:48,16:59,11,Retarde,444,29.33
J003105,2026-04-19,T037,G02,G11,13:18,13:18,0,A l'heure,167,20.37
J003106,2026-03-14,T008,G05,G02,09:42,09:42,0,A l'heure,324,108.07
J003107,2025-09-08,T038,G15,G11,19:18,19:18,0,A l'heure,108,26.25
J003108,2026-06-30,T025,G05,G13,20:42,20:44,2,Retarde,169,33.21
J003109,2026-06-21,T002,G03,G09,21:06,21:06,0,A l'heure,453,88.39
J003110,2026-04-25,T020,G07,G08,09:30,09:30,0,A l'heure,514,33.65
J003111,2026-02-24,T015,G08,G14,09:00,09:00,0,A l'heure,262,34.97
J003112,2025-10-01,T023,G05,G09,21:30,21:30,0,A l'heure,208,51.1
J003113,2026-03-01,T010,G12,G01,08:00,08:00,0,A l'heure,395,109.25
J003114,2026-01-17,T020,G06,G01,16:48,16:51,3,Retarde,363,44.03
J003115,2025-11-08,T036,G05,G11,18:42,18:42,0,A l'heure,139,29.37
J003116,2025-10-16,T007,G12,G07,22:18,22:27,9,Retarde,458,65.06
J003117,2026-01-27,T016,G08,G11,20:21,20:21,0,A l'heure,416,36.14
J003118,2026-03-02,T018,G15,G08,05:24,05:24,0,A l'heure,335,33.43
J003119,2026-03-10,T019,G02,G07,15:12,15:12,0,A l'heure,397,42.73
J003120,2025-09-27,T029,G09,G10,11:54,11:54,0,A l'heure,94,18.56
J003121,2026-07-30,T040,G02,G09,09:30,09:30,0,A l'heure,62,23.86
J003122,2026-04-06,T034,G10,G08,17:36,17:36,0,A l'heure,159,14.54
J003123,2026-08-16,T018,G15,G10,09:24,09:24,0,A l'heure,386,46.19
J003124,2025-10-19,T024,G02,G11,14:42,14:50,8,Retarde,233,37.0
J003125,2025-11-09,T013,G08,G01,13:18,13:18,0,A l'heure,280,100.01
J003126,2026-05-25,T021,G02,G12,22:24,22:24,0,A l'heure,287,34.99
J003127,2026-03-26,T005,G05,G08,09:30,09:30,0,A l'heure,269,60.83
J003128,2025-09-25,T017,G12,G01,17:15,17:37,22,Retarde,354,26.79
J003129,2026-04-06,T017,G06,G09,09:00,09:01,1,Retarde,361,32.47
J003130,2025-09-10,T023,G04,G01,06:42,06:50,8,Retarde,227,32.8
J003131,2026-04-03,T018,G03,G06,20:24,20:24,0,A l'heure,366,36.79
J003132,2026-08-14,T032,G12,G05,07:12,07:12,0,A l'heure,98,28.71
J003133,2026-02-23,T005,G12,G04,13:24,14:01,37,Retarde,333,62.14
J003134,2026-05-13,T016,G09,G12,19:24,19:24,0,A l'heure,444,31.57
J003135,2025-10-30,T021,G07,G05,07:54,08:27,33,Retarde,383,26.0
J003136,2026-05-22,T007,G08,G11,11:12,11:24,12,Retarde,384,90.21
J003137,2025-10-07,T022,G03,G07,18:24,19:18,54,Retarde,511,24.42
J003138,2026-04-25,T018,G07,G04,20:06,20:18,12,Retarde,634,32.48
J003139,2025-10-03,T010,G06,G15,19:45,19:45,0,A l'heure,426,79.13
J003140,2026-06-30,T024,G04,G13,17:54,17:54,0,A l'heure,230,48.39
J003141,2026-07-19,T019,G13,G11,14:18,14:22,4,Retarde,634,35.69
J003142,2025-11-10,T033,G15,G04,16:48,16:48,0,A l'heure,145,26.28
J003143,2026-04-08,T023,G14,G02,10:18,10:19,1,Retarde,212,46.63
J003144,2026-06-26,T026,G09,G08,08:30,08:30,0,A l'heure,182,48.42
J003145,2025-10-25,T002,G10,G08,09:45,09:45,0,A l'heure,427,66.33
J003146,2025-11-13,T008,G02,G08,22:15,22:15,0,A l'heure,375,53.2
J003147,2026-02-26,T015,G08,G13,07:06,07:11,5,Retarde,252,25.62
J003148,2025-09-17,T036,G03,G06,10:45,10:45,0,A l'heure,107,23.21
J003149,2026-07-26,T024,G05,G03,09:36,09:36,0,A l'heure,256,47.14
J003150,2026-01-08,T003,G03,G07,08:42,09:09,27,Retarde,249,102.37
J003151,2025-12-30,T010,G10,G05,15:06,15:06,0,A l'heure,379,88.86
J003152,2025-09-02,T007,G13,G03,18:48,18:48,0,A l'heure,292,58.46
J003153,2025-11-08,T010,G13,G14,21:30,21:31,1,Retarde,487,79.81
J003154,2026-05-22,T005,G04,G14,15:15,15:20,5,Retarde,254,61.91
J003155,2025-09-13,T007,G05,G02,21:48,21:48,0,A l'heure,301,65.43
J003156,2025-09-03,T030,G05,G06,11:45,11:45,0,A l'heure,91,18.18
J003157,2026-06-22,T023,G03,G08,18:15,18:16,1,Retarde,160,55.83
J003158,2025-10-09,T038,G10,G07,16:18,16:20,2,Retarde,130,22.88
J003159,2026-04-19,T026,G13,G04,09:00,09:04,4,Retarde,342,40.4
J003160,2025-12-09,T033,G09,G12,13:12,13:12,0,A l'heure,155,28.62
J003161,2025-12-06,T004,G11,G14,13:18,13:18,0,A l'heure,296,106.21
J003162,2026-07-19,T012,G13,G05,20:12,20:35,23,Retarde,392,70.47
J003163,2025-09-28,T028,G12,G01,21:54,21:55,1,Retarde,277,61.12
J003164,2025-09-30,T013,G08,G05,19:00,19:01,1,Retarde,271,80.15
J003165,2026-07-16,T003,G08,G04,14:18,14:18,0,A l'heure,225,81.32
J003166,2025-10-03,T032,G06,G14,14:18,,0,Annule,113,22.93
J003167,2026-01-22,T035,G02,G14,18:12,,0,Annule,166,28.63
J003168,2025-09-10,T016,G15,G01,16:48,17:02,14,Retarde,412,38.86
J003169,2025-10-22,T034,G11,G08,14:45,14:45,0,A l'heure,63,15.31
J003170,2026-08-11,T018,G12,G04,18:06,18:06,0,A l'heure,316,39.4
J003171,2025-11-29,T025,G02,G09,07:15,07:16,1,Retarde,258,58.54
J003172,2026-05-21,T029,G05,G07,15:42,15:42,0,A l'heure,163,18.3
J003173,2026-05-07,T013,G08,G05,21:54,21:54,0,A l'heure,449,59.17
J003174,2026-06-17,T008,G06,G04,09:18,09:18,0,A l'heure,289,103.95
J003175,2026-02-24,T026,G01,G08,19:24,19:24,0,A l'heure,136,42.36
J003176,2025-10-31,T028,G14,G02,19:00,19:00,0,A l'heure,175,49.85
J003177,2026-01-30,T040,G02,G15,19:18,19:18,0,A l'heure,111,26.7
J003178,2026-04-21,T020,G07,G01,10:12,10:12,0,A l'heure,434,24.05
J003179,2025-10-27,T029,G10,G01,07:42,07:42,0,A l'heure,151,25.8
J003180,2026-05-15,T036,G10,G03,20:30,20:37,7,Retarde,134,26.03
J003181,2025-12-08,T028,G01,G14,13:06,13:23,17,Retarde,245,30.47
J003182,2025-12-08,T026,G05,G02,11:36,11:36,0,A l'heure,264,33.69
J003183,2026-01-30,T036,G06,G07,16:36,,0,Annule,130,27.95
J003184,2026-06-24,T015,G03,G05,12:00,12:00,0,A l'heure,279,23.56
J003185,2026-01-15,T029,G04,G03,14:18,14:18,0,A l'heure,98,18.22
J003186,2025-10-21,T016,G10,G06,15:24,15:24,0,A l'heure,244,25.01
J003187,2026-05-07,T021,G14,G05,10:45,10:45,0,A l'heure,406,40.04
J003188,2026-08-21,T024,G04,G01,19:12,19:12,0,A l'heure,205,43.85
J003189,2026-02-28,T030,G01,G03,18:42,18:42,0,A l'heure,176,24.96
J003190,2025-10-12,T002,G03,G09,14:12,14:12,0,A l'heure,389,119.17
J003191,2026-07-17,T019,G14,G07,18:18,18:18,0,A l'heure,335,28.66
J003192,2026-03-30,T034,G14,G05,06:15,06:15,0,A l'heure,146,27.16
J003193,2026-04-20,T033,G13,G14,07:00,07:00,0,A l'heure,174,17.61
J003194,2025-12-23,T039,G02,G04,14:30,14:45,15,Retarde,92,25.78
J003195,2026-01-01,T016,G12,G13,11:30,12:03,33,Retarde,365,32.64
J003196,2025-12-16,T035,G12,G03,21:15,21:15,0,A l'heure,149,24.29
J003197,2026-05-28,T010,G15,G03,06:15,06:19,4,Retarde,225,56.5
J003198,2026-02-18,T012,G01,G02,18:42,18:42,0,A l'heure,309,58.14
J003199,2026-08-25,T020,G08,G07,22:15,22:15,0,A l'heure,412,29.79
J003200,2026-02-28,T003,G06,G01,11:15,11:15,0,A l'heure,265,108.11
J003201,2026-05-10,T026,G03,G15,21:00,21:00,0,A l'heure,267,63.42
J003202,2026-03-17,T036,G03,G05,14:18,14:20,2,Retarde,144,26.66
J003203,2025-10-07,T025,G12,G11,18:36,18:36,0,A l'heure,228,46.0
J003204,2026-08-24,T012,G01,G03,09:21,09:21,0,A l'heure,281,83.39
J003205,2025-09-14,T010,G02,G10,07:06,07:06,0,A l'heure,509,111.19
J003206,2026-01-08,T026,G08,G04,16:42,16:44,2,Retarde,299,47.33
J003207,2026-04-19,T010,G09,G13,19:36,19:36,0,A l'heure,275,111.9
J003208,2025-11-12,T016,G11,G06,20:18,20:18,0,A l'heure,410,42.79
J003209,2026-04-01,T039,G02,G01,22:21,22:30,9,Retarde,133,14.85
J003210,2026-05-11,T007,G08,G10,05:18,05:18,0,A l'heure,347,100.81
J003211,2026-02-01,T032,G07,G15,22:24,22:32,8,Retarde,163,29.53
J003212,2025-10-27,T038,G08,G10,05:42,06:09,27,Retarde,185,22.0
J003213,2026-03-27,T009,G15,G05,06:06,06:06,0,A l'heure,260,53.39
J003214,2026-04-08,T031,G07,G08,08:54,08:54,0,A l'heure,131,21.84
J003215,2025-11-14,T002,G03,G12,07:45,07:45,0,A l'heure,232,54.03
J003216,2026-06-05,T025,G02,G07,19:45,20:44,59,Retarde,146,49.99
J003217,2025-11-09,T001,G03,G05,16:45,16:45,0,A l'heure,386,63.76
J003218,2026-07-27,T027,G07,G13,18:36,18:36,0,A l'heure,228,38.82
J003219,2025-09-26,T006,G02,G10,17:21,17:21,0,A l'heure,379,96.59
J003220,2025-10-03,T005,G13,G12,19:48,19:49,1,Retarde,142,53.58
J003221,2025-11-25,T020,G11,G04,06:36,06:51,15,Retarde,206,24.38
J003222,2026-01-06,T023,G03,G08,12:21,12:34,13,Retarde,205,33.11
J003223,2025-12-31,T019,G04,G11,08:54,08:54,0,A l'heure,300,39.54
J003224,2026-08-20,T010,G14,G07,19:45,19:45,0,A l'heure,440,56.34
J003225,2025-11-02,T014,G08,G02,22:18,22:18,0,A l'heure,373,64.17
J003226,2026-05-05,T007,G06,G07,15:24,15:24,0,A l'heure,341,96.81
J003227,2026-08-08,T027,G07,G12,07:48,07:48,0,A l'heure,238,56.65
J003228,2026-03-23,T001,G13,G07,22:21,22:22,1,Retarde,142,72.05
J003229,2026-06-30,T038,G13,G04,18:21,18:21,0,A l'heure,128,25.38
J003230,2026-05-25,T034,G14,G05,22:24,22:24,0,A l'heure,146,19.08
J003231,2026-04-01,T021,G12,G13,11:42,11:42,0,A l'heure,529,23.14
J003232,2026-01-12,T031,G13,G03,10:15,10:15,0,A l'heure,184,28.21
J003233,2026-02-02,T013,G02,G04,06:36,06:36,0,A l'heure,205,70.65
J003234,2026-04-22,T022,G09,G08,18:45,18:45,0,A l'heure,434,23.96
J003235,2026-01-05,T019,G01,G14,08:24,08:59,35,Retarde,264,44.44
J003236,2026-05-25,T036,G13,G01,13:12,13:13,1,Retarde,125,24.06
J003237,2025-11-20,T032,G15,G04,21:30,21:30,0,A l'heure,169,16.72
J003238,2025-10-24,T034,G02,G07,18:06,18:06,0,A l'heure,132,16.49
J003239,2025-11-18,T001,G11,G01,08:18,08:18,0,A l'heure,378,90.67
J003240,2026-08-27,T005,G11,G04,22:15,22:15,0,A l'heure,334,102.71
J003241,2026-05-14,T032,G03,G09,22:36,22:36,0,A l'heure,141,16.04
J003242,2026-08-01,T004,G12,G06,11:45,11:45,0,A l'heure,266,100.74
J003243,2026-03-12,T008,G05,G14,10:45,10:48,3,Retarde,405,91.2
J003244,2026-03-22,T013,G13,G08,11:00,11:00,0,A l'heure,293,72.91
J003245,2026-03-03,T010,G04,G11,06:15,06:15,0,A l'heure,283,79.94
J003246,2026-02-22,T027,G04,G01,13:48,13:48,0,A l'heure,263,41.5
J003247,2026-02-11,T028,G07,G02,12:15,12:15,0,A l'heure,196,37.51
J003248,2025-09-21,T011,G11,G15,18:18,18:18,0,A l'heure,335,68.66
J003249,2026-05-03,T016,G09,G02,09:21,09:21,0,A l'heure,486,26.0
J003250,2025-12-06,T036,G07,G05,12:15,12:19,4,Retarde,192,22.9
J003251,2026-03-23,T031,G03,G15,16:15,16:49,34,Retarde,186,16.11
J003252,2026-08-01,T024,G14,G12,15:00,15:02,2,Retarde,203,53.73
J003253,2026-08-26,T020,G11,G07,07:48,08:13,25,Retarde,293,41.32
J003254,2026-06-09,T037,G09,G02,21:45,21:45,0,A l'heure,98,28.61
J003255,2026-06-13,T019,G15,G08,19:45,19:59,14,Retarde,634,34.27
J003256,2026-05-11,T024,G07,G06,16:15,16:15,0,A l'heure,105,37.43
J003257,2025-10-08,T002,G09,G07,12:12,12:12,0,A l'heure,263,96.87
J003258,2026-06-24,T020,G10,G12,07:42,07:59,17,Retarde,404,34.36
J003259,2026-02-01,T025,G09,G08,07:00,07:00,0,A l'heure,224,47.6
J003260,2026-01-23,T025,G08,G02,15:42,15:54,12,Retarde,150,53.93
J003261,2026-06-03,T018,G14,G01,10:18,10:18,0,A l'heure,299,41.28
J003262,2026-02-21,T015,G11,G03,10:42,10:51,9,Retarde,569,50.99
J003263,2025-10-01,T039,G02,G01,09:30,09:37,7,Retarde,98,18.61
J003264,2026-04-03,T014,G05,G07,16:21,16:21,0,A l'heure,365,96.12
J003265,2026-06-15,T040,G06,G07,13:30,13:30,0,A l'heure,134,17.6
J003266,2026-05-27,T014,G05,G08,18:42,18:45,3,Retarde,297,64.94
J003267,2026-02-24,T040,G09,G02,05:15,05:15,0,A l'heure,161,16.11
J003268,2026-05-27,T036,G14,G01,21:36,21:36,0,A l'heure,164,14.91
J003269,2026-02-05,T012,G12,G09,19:48,20:08,20,Retarde,290,79.13
J003270,2026-07-07,T006,G10,G14,18:18,18:20,2,Retarde,386,98.96
J003271,2025-12-16,T020,G04,G09,18:36,18:36,0,A l'heure,335,40.0
J003272,2026-08-04,T003,G01,G13,14:12,14:12,0,A l'heure,496,83.98
J003273,2026-01-20,T028,G06,G07,20:36,20:37,1,Retarde,212,31.72
J003274,2025-12-04,T012,G13,G01,14:45,14:45,0,A l'heure,356,103.44
J003275,2026-08-10,T028,G07,G05,19:54,19:54,0,A l'heure,229,55.25
J003276,2026-07-16,T018,G08,G04,19:48,19:49,1,Retarde,428,36.44
J003277,2026-06-10,T002,G10,G14,18:12,18:20,8,Retarde,232,99.29
J003278,2026-01-09,T021,G10,G09,13:54,13:54,0,A l'heure,133,37.37
J003279,2026-06-08,T036,G14,G02,14:12,14:19,7,Retarde,142,14.54
J003280,2026-04-13,T025,G08,G04,10:45,10:45,0,A l'heure,212,53.76
J003281,2026-01-16,T023,G02,G13,17:18,17:19,1,Retarde,140,52.48
J003282,2026-05-10,T015,G06,G15,05:54,06:03,9,Retarde,415,43.17
J003283,2026-05-16,T022,G08,G15,12:00,12:00,0,A l'heure,523,33.69
J003284,2025-12-20,T007,G05,G08,08:15,08:47,32,Retarde,494,77.05
J003285,2026-05-23,T033,G13,G12,14:00,14:00,0,A l'heure,142,27.44
J003286,2026-05-19,T040,G08,G01,11:36,11:36,0,A l'heure,100,22.37
J003287,2026-03-27,T017,G14,G15,15:45,15:45,0,A l'heure,305,31.85
J003288,2026-08-31,T008,G06,G14,16:06,16:06,0,A l'heure,310,74.98
J003289,2025-11-13,T034,G03,G01,19:00,19:00,0,A l'heure,89,26.22
J003290,2025-12-22,T006,G04,G09,07:54,08:05,11,Retarde,378,99.61
J003291,2026-06-10,T020,G08,G02,14:48,14:52,4,Retarde,394,25.42
J003292,2025-11-05,T004,G14,G02,06:54,07:03,9,Retarde,316,65.64
J003293,2025-09-23,T023,G15,G02,09:36,09:36,0,A l'heure,167,52.98
J003294,2026-01-29,T005,G13,G14,05:00,05:04,4,Retarde,315,57.35
J003295,2026-03-03,T018,G02,G06,13:48,13:48,0,A l'heure,286,40.93
J003296,2026-04-19,T009,G04,G13,17:36,17:36,0,A l'heure,403,75.83
J003297,2025-10-14,T023,G05,G15,07:00,07:00,0,A l'heure,213,40.05
J003298,2026-08-27,T013,G10,G04,21:36,21:36,0,A l'heure,331,67.31
J003299,2026-02-01,T037,G13,G05,08:06,08:20,14,Retarde,161,32.4
J003300,2025-12-02,T011,G05,G10,14:12,14:12,0,A l'heure,177,101.07
J003301,2026-04-15,T039,G08,G13,21:48,21:48,0,A l'heure,155,17.38
J003302,2026-03-03,T001,G12,G07,15:48,15:48,0,A l'heure,316,84.99
J003303,2026-07-08,T036,G07,G14,14:00,14:00,0,A l'heure,63,17.17
J003304,2026-08-24,T026,G04,G01,21:06,21:38,32,Retarde,245,36.52
J003305,2026-05-03,T032,G07,G08,18:42,19:14,32,Retarde,149,22.6
J003306,2026-02-19,T005,G06,G05,13:12,,0,Annule,341,55.97
J003307,2026-04-20,T021,G09,G08,07:54,07:54,0,A l'heure,433,38.37
J003308,2026-01-15,T030,G04,G05,08:00,08:00,0,A l'heure,158,28.13
J003309,2025-11-20,T011,G11,G03,19:54,19:54,0,A l'heure,244,94.02
J003310,2026-02-22,T019,G13,G15,16:15,16:15,0,A l'heure,538,38.82
J003311,2026-06-20,T031,G01,G05,08:21,08:21,0,A l'heure,114,25.11
J003312,2026-01-10,T012,G12,G13,09:12,09:12,0,A l'heure,510,108.91
J003313,2026-03-14,T027,G04,G13,05:45,05:49,4,Retarde,333,49.75
J003314,2025-11-26,T011,G11,G08,06:36,06:36,0,A l'heure,401,67.37
J003315,2026-07-23,T008,G02,G11,10:30,10:30,0,A l'heure,293,68.55
J003316,2026-04-07,T010,G08,G06,21:45,21:45,0,A l'heure,224,52.49
J003317,2026-05-31,T012,G14,G15,13:36,13:37,1,Retarde,464,72.09
J003318,2026-05-04,T014,G13,G04,18:54,18:59,5,Retarde,342,66.31
J003319,2026-05-31,T019,G12,G05,20:45,20:48,3,Retarde,412,39.43
J003320,2025-09-05,T028,G02,G06,22:21,22:21,0,A l'heure,232,52.88
J003321,2025-09-24,T011,G07,G06,10:42,10:42,0,A l'heure,234,52.24
J003322,2026-02-16,T001,G05,G03,14:00,14:00,0,A l'heure,414,89.06
J003323,2026-04-30,T008,G15,G09,09:18,09:30,12,Retarde,303,100.74
J003324,2025-10-28,T039,G03,G05,14:18,14:18,0,A l'heure,130,24.16
J003325,2026-06-11,T038,G13,G14,14:06,14:06,0,A l'heure,143,28.12
J003326,2026-05-17,T002,G12,G05,07:12,07:23,11,Retarde,272,90.61
J003327,2026-07-17,T028,G03,G02,09:54,09:54,0,A l'heure,277,40.89
J003328,2026-02-13,T017,G04,G06,17:48,17:48,0,A l'heure,387,30.32
J003329,2026-03-04,T011,G14,G15,19:24,19:33,9,Retarde,403,93.89
J003330,2026-02-04,T009,G11,G07,08:36,08:36,0,A l'heure,229,58.78
J003331,2025-10-28,T017,G14,G12,15:36,15:36,0,A l'heure,422,43.43
J003332,2025-09-29,T012,G04,G10,09:21,09:21,0,A l'heure,344,102.83
J003333,2025-09-05,T003,G03,G14,20:54,20:54,0,A l'heure,400,65.91
J003334,2025-11-26,T029,G12,G03,16:30,16:30,0,A l'heure,100,27.78
J003335,2025-11-25,T028,G15,G11,13:15,13:15,0,A l'heure,270,34.43
J003336,2025-10-18,T031,G09,G05,09:12,09:12,0,A l'heure,127,29.67
J003337,2025-12-27,T040,G12,G01,14:18,14:18,0,A l'heure,181,22.7
J003338,2026-07-12,T033,G07,G11,19:24,19:26,2,Retarde,100,21.94
J003339,2025-10-26,T034,G14,G07,21:18,21:18,0,A l'heure,203,30.69
J003340,2026-06-26,T006,G15,G09,12:42,12:42,0,A l'heure,376,67.59
J003341,2026-05-12,T008,G03,G14,12:00,12:00,0,A l'heure,394,89.21
J003342,2026-01-26,T007,G04,G02,19:15,19:15,0,A l'heure,275,52.22
J003343,2026-03-18,T007,G10,G04,15:48,15:48,0,A l'heure,274,71.03
J003344,2025-12-23,T024,G06,G09,05:00,05:00,0,A l'heure,251,37.46
J003345,2026-08-01,T008,G08,G02,22:24,22:24,0,A l'heure,339,86.62
J003346,2026-02-20,T038,G14,G05,12:42,12:42,0,A l'heure,170,21.81
J003347,2026-04-30,T033,G15,G11,11:21,11:21,0,A l'heure,139,25.97
J003348,2025-12-26,T003,G11,G13,20:36,20:47,11,Retarde,344,62.56
J003349,2025-09-19,T005,G15,G01,10:54,10:59,5,Retarde,304,67.67
J003350,2026-06-28,T013,G02,G10,19:18,19:18,0,A l'heure,427,94.53
J003351,2025-10-31,T019,G14,G06,13:24,13:24,0,A l'heure,370,38.17
J003352,2026-06-03,T008,G01,G07,13:18,13:18,0,A l'heure,233,102.83
J003353,2026-05-04,T010,G02,G08,11:42,11:42,0,A l'heure,395,102.2
J003354,2026-08-13,T015,G13,G03,18:48,19:04,16,Retarde,111,34.84
J003355,2026-04-13,T031,G12,G08,18:48,18:48,0,A l'heure,122,20.95
J003356,2026-06-12,T005,G06,G04,20:24,20:24,0,A l'heure,364,68.17
J003357,2026-01-05,T036,G05,G15,21:42,21:52,10,Retarde,63,15.06
J003358,2026-08-10,T024,G15,G06,09:24,09:24,0,A l'heure,144,49.82
J003359,2026-08-19,T016,G01,G06,14:54,15:02,8,Retarde,444,29.99
J003360,2026-04-09,T023,G02,G09,06:48,06:48,0,A l'heure,187,55.01
J003361,2026-01-16,T015,G02,G14,09:15,09:24,9,Retarde,299,42.81
J003362,2025-09-10,T009,G04,G14,17:21,17:21,0,A l'heure,258,67.01
J003363,2025-12-09,T022,G11,G12,14:48,15:05,17,Retarde,385,33.67
J003364,2026-05-02,T040,G07,G03,15:06,15:08,2,Retarde,137,24.88
J003365,2026-01-13,T032,G10,G14,18:54,18:54,0,A l'heure,165,18.47
J003366,2025-09-04,T008,G06,G13,18:42,18:42,0,A l'heure,291,54.21
J003367,2026-02-20,T008,G06,G08,19:18,19:34,16,Retarde,76,81.5
J003368,2026-03-25,T016,G14,G12,08:21,08:21,0,A l'heure,346,37.93
J003369,2026-07-22,T025,G07,G14,19:45,19:45,0,A l'heure,185,58.0
J003370,2026-07-12,T028,G07,G11,12:12,12:30,18,Retarde,320,61.97
J003371,2026-01-07,T002,G14,G12,09:48,09:57,9,Retarde,332,68.2
J003372,2026-01-24,T025,G10,G04,15:42,15:42,0,A l'heure,221,55.47
J003373,2026-08-30,T032,G04,G07,20:12,20:12,0,A l'heure,169,21.63
J003374,2026-01-03,T002,G08,G10,05:45,05:45,0,A l'heure,498,86.47
J003375,2025-11-13,T022,G03,G11,13:48,14:57,69,Fortement retarde,343,27.76
J003376,2026-05-03,T012,G10,G11,19:15,19:15,0,A l'heure,316,73.1
J003377,2026-05-21,T007,G06,G02,05:24,05:24,0,A l'heure,335,90.31
J003378,2026-06-15,T032,G05,G09,16:48,16:48,0,A l'heure,115,17.09
J003379,2026-07-29,T023,G10,G13,07:15,07:36,21,Retarde,196,52.31
J003380,2026-02-17,T008,G14,G02,06:36,06:36,0,A l'heure,265,85.33
J003381,2026-02-04,T040,G11,G07,05:54,05:56,2,Retarde,128,18.99
J003382,2026-06-11,T034,G15,G01,05:12,05:12,0,A l'heure,103,23.64
J003383,2025-09-22,T030,G12,G15,15:42,15:56,14,Retarde,179,16.18
J003384,2025-12-04,T014,G13,G06,14:06,14:07,1,Retarde,305,101.82
J003385,2025-09-24,T012,G04,G10,19:30,19:30,0,A l'heure,236,92.57
J003386,2026-02-06,T039,G01,G14,19:48,19:53,5,Retarde,116,18.21
J003387,2026-03-09,T013,G06,G04,22:21,22:44,23,Retarde,412,101.98
J003388,2026-01-29,T004,G03,G08,20:15,20:15,0,A l'heure,207,74.61
J003389,2025-10-09,T031,G02,G06,07:12,07:12,0,A l'heure,135,23.89
J003390,2025-12-20,T031,G05,G02,07:06,07:07,1,Retarde,216,21.25
J003391,2026-03-19,T018,G12,G01,10:42,10:42,0,A l'heure,471,38.21
J003392,2025-12-01,T038,G08,G07,06:36,06:48,12,Retarde,88,22.19
J003393,2025-11-24,T033,G10,G05,06:42,06:42,0,A l'heure,151,28.78
J003394,2026-03-14,T027,G12,G03,11:54,12:03,9,Retarde,263,62.49
J003395,2025-10-30,T010,G09,G04,19:06,19:13,7,Retarde,266,74.76
J003396,2026-01-15,T013,G05,G01,15:18,15:18,0,A l'heure,377,66.44
J003397,2025-10-04,T029,G07,G11,09:36,09:36,0,A l'heure,121,30.1
J003398,2025-09-21,T026,G11,G09,08:24,08:25,1,Retarde,266,41.66
J003399,2025-09-25,T032,G07,G05,06:06,06:25,19,Retarde,111,15.92
J003400,2025-11-28,T003,G02,G13,10:48,10:49,1,Retarde,321,97.72
J003401,2026-03-16,T007,G02,G10,17:21,17:21,0,A l'heure,329,78.13
J003402,2025-12-03,T033,G14,G10,09:15,09:15,0,A l'heure,142,17.17
J003403,2026-06-21,T005,G05,G12,11:42,11:42,0,A l'heure,510,101.24
J003404,2026-02-07,T011,G11,G06,14:06,14:06,0,A l'heure,315,92.7
J003405,2026-04-27,T011,G06,G14,22:30,22:30,0,A l'heure,127,99.12
J003406,2025-09-02,T035,G09,G03,17:42,17:42,0,A l'heure,149,20.51
J003407,2026-08-09,T027,G10,G06,18:06,18:06,0,A l'heure,263,41.48
J003408,2025-10-08,T040,G07,G08,20:12,20:12,0,A l'heure,140,19.69
J003409,2026-07-16,T025,G02,G12,09:48,09:49,1,Retarde,204,50.76
J003410,2025-09-11,T035,G08,G12,09:15,09:15,0,A l'heure,195,19.5
J003411,2025-10-12,T011,G06,G15,12:06,12:11,5,Retarde,293,118.14
J003412,2026-01-04,T027,G06,G12,18:21,18:21,0,A l'heure,219,37.56
J003413,2026-04-23,T009,G04,G07,09:24,09:24,0,A l'heure,396,84.49
J003414,2026-03-05,T006,G14,G13,08:36,08:36,0,A l'heure,207,87.12
J003415,2026-03-09,T023,G05,G03,14:06,14:06,0,A l'heure,208,40.42
J003416,2025-09-07,T019,G13,G08,07:06,07:06,0,A l'heure,558,32.15
J003417,2026-03-13,T016,G14,G09,19:06,19:10,4,Retarde,371,38.01
J003418,2026-04-18,T006,G07,G12,10:42,10:42,0,A l'heure,268,84.48
J003419,2026-04-05,T003,G05,G08,08:06,08:06,0,A l'heure,301,114.91
J003420,2026-03-30,T033,G01,G11,13:54,13:57,3,Retarde,147,16.63
J003421,2026-01-17,T028,G04,G15,22:21,22:25,4,Retarde,294,55.32
J003422,2025-09-01,T033,G07,G15,11:54,12:00,6,Retarde,172,16.08
J003423,2026-03-04,T028,G02,G07,15:06,15:06,0,A l'heure,233,36.95
J003424,2026-01-31,T002,G08,G10,14:42,14:45,3,Retarde,406,88.25
J003425,2025-10-11,T011,G07,G15,19:24,19:24,0,A l'heure,341,95.21
J003426,2026-06-27,T008,G01,G07,11:36,11:36,0,A l'heure,438,99.06
J003427,2026-01-18,T016,G06,G01,08:54,08:54,0,A l'heure,474,51.36
J003428,2025-11-25,T006,G01,G02,19:36,19:53,17,Retarde,398,53.34
J003429,2026-08-28,T007,G01,G04,12:15,12:15,0,A l'heure,278,97.13
J003430,2026-01-16,T030,G13,G01,22:21,22:21,0,A l'heure,97,27.39
J003431,2026-07-28,T030,G06,G10,06:12,06:12,0,A l'heure,135,18.62
J003432,2025-09-13,T030,G15,G13,18:15,18:15,0,A l'heure,195,26.42
J003433,2026-04-11,T018,G03,G02,17:12,17:12,0,A l'heure,411,47.7
J003434,2026-01-30,T024,G11,G06,16:54,17:06,12,Retarde,180,53.09
J003435,2026-02-25,T022,G04,G09,16:45,16:45,0,A l'heure,523,32.53
J003436,2026-05-18,T003,G08,G11,10:18,10:18,0,A l'heure,231,68.27
J003437,2025-09-14,T019,G07,G06,17:42,17:42,0,A l'heure,560,33.91
J003438,2026-06-17,T024,G06,G02,10:12,10:19,7,Retarde,184,31.41
J003439,2025-12-31,T027,G12,G06,19:21,19:21,0,A l'heure,201,40.99
J003440,2026-06-27,T034,G11,G02,10:24,10:24,0,A l'heure,186,28.42
J003441,2026-08-02,T037,G14,G12,08:15,08:15,0,A l'heure,186,22.01
J003442,2026-01-06,T026,G11,G14,18:00,18:00,0,A l'heure,183,31.67
J003443,2025-12-26,T024,G01,G10,17:45,17:48,3,Retarde,213,49.17
J003444,2026-08-07,T014,G09,G11,14:18,14:18,0,A l'heure,354,96.56
J003445,2025-10-05,T019,G04,G09,15:21,15:33,12,Retarde,446,33.36
J003446,2026-05-29,T028,G02,G05,12:18,12:18,0,A l'heure,149,52.88
J003447,2026-07-17,T029,G15,G05,17:24,17:24,0,A l'heure,205,17.19
J003448,2025-12-03,T012,G05,G01,20:45,20:45,0,A l'heure,381,86.4
J003449,2025-10-26,T003,G15,G08,07:24,07:24,0,A l'heure,404,106.41
J003450,2026-08-10,T003,G14,G02,10:18,10:24,6,Retarde,291,70.01
J003451,2026-05-03,T020,G10,G13,10:36,11:02,26,Retarde,634,36.87
J003452,2025-10-24,T007,G10,G07,15:00,15:00,0,A l'heure,381,71.01
J003453,2025-12-09,T026,G14,G05,13:12,13:12,0,A l'heure,233,31.05
J003454,2025-09-22,T026,G09,G11,08:12,,0,Annule,215,51.9
J003455,2026-04-20,T007,G14,G07,20:00,20:00,0,A l'heure,237,62.31
J003456,2026-05-15,T032,G10,G13,09:12,09:12,0,A l'heure,71,22.34
J003457,2025-10-21,T009,G15,G07,16:24,16:24,0,A l'heure,321,57.17
J003458,2026-01-28,T005,G15,G11,21:45,21:45,0,A l'heure,344,75.16
J003459,2026-07-15,T035,G12,G11,10:15,10:15,0,A l'heure,155,14.61
J003460,2026-04-12,T017,G10,G08,10:30,10:30,0,A l'heure,416,31.33
J003461,2025-12-30,T010,G03,G05,06:24,06:39,15,Retarde,368,76.41
J003462,2026-03-19,T023,G06,G04,14:15,14:15,0,A l'heure,117,36.29
J003463,2025-11-04,T028,G05,G09,09:15,09:15,0,A l'heure,223,55.14
J003464,2026-08-29,T023,G06,G11,18:15,18:40,25,Retarde,313,68.37
J003465,2026-08-01,T014,G10,G12,14:48,14:48,0,A l'heure,264,61.06
J003466,2025-09-29,T040,G04,G02,07:18,07:18,0,A l'heure,142,25.0
J003467,2026-01-27,T008,G04,G09,08:54,08:58,4,Retarde,248,62.24
J003468,2026-03-12,T027,G15,G05,14:18,14:18,0,A l'heure,239,42.37
J003469,2025-11-11,T011,G07,G14,12:15,12:15,0,A l'heure,329,75.92
J003470,2026-02-14,T010,G08,G15,16:36,16:36,0,A l'heure,426,97.67
J003471,2026-08-16,T001,G11,G09,08:48,08:48,0,A l'heure,318,116.46
J003472,2025-11-22,T037,G01,G11,21:24,21:32,8,Retarde,203,26.06
J003473,2026-03-24,T039,G01,G11,22:45,22:45,0,A l'heure,116,22.64
J003474,2026-04-01,T023,G06,G08,10:24,11:36,72,Fortement retarde,226,47.61
J003475,2026-01-10,T003,G12,G08,17:18,17:18,0,A l'heure,465,108.41
J003476,2026-02-25,T022,G11,G14,15:48,16:05,17,Retarde,398,32.98
J003477,2026-07-24,T021,G12,G11,19:48,19:48,0,A l'heure,515,29.58
J003478,2026-07-15,T005,G11,G15,06:21,06:21,0,A l'heure,390,80.96
J003479,2025-12-28,T021,G15,G11,05:48,06:10,22,Retarde,529,40.87
J003480,2026-05-20,T002,G08,G07,15:15,15:29,14,Retarde,372,58.72
J003481,2025-12-03,T019,G15,G12,22:18,22:19,1,Retarde,602,29.2
J003482,2026-07-12,T011,G14,G03,18:21,18:21,0,A l'heure,510,63.81
J003483,2026-01-26,T029,G11,G07,08:06,08:06,0,A l'heure,91,27.5
J003484,2025-11-21,T036,G14,G08,11:54,11:54,0,A l'heure,125,21.17
J003485,2026-08-22,T006,G06,G05,08:36,08:36,0,A l'heure,430,77.54
J003486,2025-10-15,T003,G11,G04,11:15,11:49,34,Retarde,376,75.83
J003487,2025-10-29,T016,G14,G07,17:00,17:00,0,A l'heure,592,35.56
J003488,2025-10-28,T014,G04,G05,20:54,20:54,0,A l'heure,389,63.58
J003489,2026-08-17,T028,G06,G02,18:36,18:36,0,A l'heure,177,56.89
J003490,2026-07-05,T011,G02,G10,11:36,11:36,0,A l'heure,510,67.3
J003491,2025-10-02,T039,G11,G04,14:42,14:42,0,A l'heure,104,16.63
J003492,2026-05-25,T013,G03,G01,11:06,11:06,0,A l'heure,367,75.02
J003493,2026-06-01,T014,G01,G02,21:06,21:06,0,A l'heure,262,98.57
J003494,2026-04-14,T003,G10,G04,17:06,17:18,12,Retarde,305,74.28
J003495,2026-07-06,T015,G15,G09,08:21,08:43,22,Retarde,411,32.62
J003496,2026-04-04,T007,G10,G01,20:48,20:48,0,A l'heure,342,70.17
J003497,2025-11-14,T027,G14,G15,21:00,21:00,0,A l'heure,214,48.57
J003498,2026-06-30,T025,G09,G01,21:24,21:24,0,A l'heure,165,60.23
J003499,2026-03-03,T021,G12,G13,20:00,20:24,24,Retarde,263,24.26
J003500,2025-12-19,T009,G01,G08,18:12,18:19,7,Retarde,346,65.84
J003501,2025-12-24,T025,G05,G10,06:00,06:00,0,A l'heure,156,48.73
J003502,2025-12-19,T025,G03,G14,17:24,17:30,6,Retarde,286,39.31
J003503,2026-08-13,T014,G14,G11,10:18,10:18,0,A l'heure,350,84.88
J003504,2025-09-05,T019,G05,G15,19:18,19:18,0,A l'heure,386,29.51
J003505,2025-09-17,T022,G14,G09,19:21,19:21,0,A l'heure,220,44.63
J003506,2026-02-27,T036,G06,G10,05:06,05:09,3,Retarde,154,22.47
J003507,2026-04-17,T030,G13,G04,16:42,17:13,31,Retarde,145,27.28
J003508,2026-08-15,T027,G05,G04,15:12,15:25,13,Retarde,309,35.81
J003509,2026-08-24,T011,G09,G04,07:48,07:48,0,A l'heure,288,60.18
J003510,2025-10-05,T019,G01,G15,22:42,22:42,0,A l'heure,560,35.6
J003511,2026-05-03,T029,G07,G09,10:24,10:25,1,Retarde,220,21.35
J003512,2026-01-14,T005,G07,G03,08:30,08:46,16,Retarde,359,57.87
J003513,2026-06-26,T040,G06,G08,13:06,13:06,0,A l'heure,89,24.28
J003514,2026-03-09,T011,G12,G03,14:54,14:54,0,A l'heure,303,86.32
J003515,2025-12-25,T028,G05,G09,11:18,11:18,0,A l'heure,273,55.46
J003516,2026-08-30,T005,G13,G06,17:18,17:18,0,A l'heure,346,115.62
J003517,2026-04-09,T010,G06,G10,12:18,12:18,0,A l'heure,327,72.79
J003518,2026-08-10,T029,G13,G11,06:18,06:18,0,A l'heure,128,26.43
J003519,2026-02-25,T012,G11,G07,18:24,18:24,0,A l'heure,178,65.58
J003520,2025-10-26,T010,G12,G15,22:54,22:54,0,A l'heure,398,83.07
J003521,2026-03-19,T034,G13,G14,20:48,20:48,0,A l'heure,138,21.89
J003522,2026-03-09,T027,G04,G15,16:12,16:41,29,Retarde,283,56.66
J003523,2026-01-08,T029,G04,G03,21:45,21:45,0,A l'heure,116,23.3
J003524,2025-10-14,T015,G09,G11,22:45,22:45,0,A l'heure,436,40.81
J003525,2026-07-09,T034,G02,G01,20:06,20:06,0,A l'heure,140,23.01
J003526,2026-07-30,T039,G02,G06,09:42,09:42,0,A l'heure,144,26.07
J003527,2025-12-06,T015,G09,G13,10:30,10:30,0,A l'heure,461,36.92
J003528,2025-10-21,T015,G10,G04,08:42,08:42,0,A l'heure,250,35.42
J003529,2025-10-06,T005,G08,G13,10:15,10:23,8,Retarde,317,82.44
J003530,2025-11-13,T021,G14,G13,20:24,20:24,0,A l'heure,343,30.14
J003531,2026-06-16,T038,G11,G13,07:42,07:50,8,Retarde,155,23.74
J003532,2026-06-01,T002,G14,G04,17:24,17:24,0,A l'heure,283,103.79
J003533,2026-01-25,T007,G05,G08,14:15,14:47,32,Retarde,439,101.45
J003534,2026-04-17,T032,G01,G04,12:24,12:24,0,A l'heure,110,24.62
J003535,2025-12-23,T029,G09,G07,13:36,13:36,0,A l'heure,57,18.75
J003536,2026-03-06,T001,G15,G10,20:00,20:00,0,A l'heure,307,103.35
J003537,2026-06-10,T040,G13,G01,22:00,22:00,0,A l'heure,151,26.59
J003538,2026-04-09,T009,G02,G01,09:48,09:48,0,A l'heure,328,101.84
J003539,2025-09-02,T015,G07,G11,07:48,07:56,8,Retarde,348,43.5
J003540,2026-05-27,T026,G12,G14,10:48,10:55,7,Retarde,226,31.76
J003541,2026-03-02,T020,G08,G11,14:54,14:54,0,A l'heure,373,27.65
J003542,2026-03-17,T010,G06,G10,17:12,17:12,0,A l'heure,302,100.95
J003543,2026-03-21,T002,G06,G01,15:30,15:30,0,A l'heure,386,78.01
J003544,2026-02-01,T009,G06,G07,09:18,09:32,14,Retarde,342,102.51
J003545,2026-04-12,T022,G09,G15,06:00,06:00,0,A l'heure,460,38.71
J003546,2026-04-21,T040,G03,G12,22:30,22:30,0,A l'heure,92,16.68
J003547,2026-03-23,T019,G12,G11,15:21,15:21,0,A l'heure,398,30.58
J003548,2025-12-18,T029,G04,G13,06:21,06:21,0,A l'heure,159,21.79
J003549,2026-05-16,T034,G09,G12,06:18,06:18,0,A l'heure,156,29.66
J003550,2026-03-01,T037,G09,G14,09:06,09:06,0,A l'heure,220,25.28
J003551,2025-10-12,T007,G14,G10,08:48,08:56,8,Retarde,306,74.6
J003552,2026-06-28,T030,G06,G03,13:18,13:18,0,A l'heure,133,31.48
J003553,2026-04-10,T019,G11,G03,15:45,15:45,0,A l'heure,454,39.05
J003554,2026-06-06,T014,G14,G04,10:06,10:06,0,A l'heure,299,73.33
J003555,2026-04-24,T014,G04,G14,11:12,11:12,0,A l'heure,284,69.92
J003556,2025-11-05,T005,G08,G02,15:36,15:37,1,Retarde,338,82.42
J003557,2025-10-17,T021,G11,G09,21:54,21:54,0,A l'heure,334,33.32
J003558,2026-04-28,T026,G03,G10,20:42,20:47,5,Retarde,192,31.49
J003559,2025-11-16,T033,G02,G14,16:45,16:45,0,A l'heure,154,27.69
J003560,2026-05-07,T024,G01,G10,11:21,11:41,20,Retarde,187,51.19
J003561,2026-07-07,T007,G07,G15,16:18,16:18,0,A l'heure,398,82.31
J003562,2025-09-07,T012,G02,G10,18:36,18:52,16,Retarde,381,72.43
J003563,2026-04-23,T020,G03,G10,06:45,06:53,8,Retarde,229,43.22
J003564,2025-10-28,T016,G06,G08,18:30,18:30,0,A l'heure,446,25.69
J003565,2026-07-10,T026,G14,G15,13:12,13:38,26,Retarde,202,58.84
J003566,2025-09-14,T027,G15,G04,16:06,16:18,12,Retarde,201,54.67
J003567,2026-05-06,T007,G11,G04,13:36,13:36,0,A l'heure,320,97.76
J003568,2026-07-14,T017,G15,G08,11:36,12:07,31,Retarde,362,25.59
J003569,2025-10-05,T016,G08,G07,16:18,16:38,20,Retarde,449,46.42
J003570,2026-08-08,T023,G02,G01,13:24,13:24,0,A l'heure,105,43.83
J003571,2025-12-24,T025,G01,G12,11:24,11:24,0,A l'heure,192,40.46
J003572,2026-08-05,T008,G06,G01,14:24,14:33,9,Retarde,280,55.78
J003573,2026-04-09,T014,G07,G02,15:48,15:48,0,A l'heure,318,79.94
J003574,2025-10-12,T004,G05,G07,20:00,20:00,0,A l'heure,414,108.57
J003575,2026-08-12,T006,G05,G08,16:21,16:47,26,Retarde,305,88.9
J003576,2025-10-23,T022,G02,G06,14:42,14:42,0,A l'heure,294,28.58
J003577,2025-12-29,T016,G09,G04,19:18,19:18,0,A l'heure,437,23.65
J003578,2026-03-10,T008,G02,G05,07:30,07:30,0,A l'heure,200,73.52
J003579,2025-12-10,T002,G02,G15,12:06,12:06,0,A l'heure,256,60.14
J003580,2025-12-29,T008,G02,G13,21:48,21:56,8,Retarde,170,73.72
J003581,2026-03-26,T004,G04,G07,11:15,11:15,0,A l'heure,307,53.04
J003582,2026-04-30,T019,G06,G15,22:12,22:15,3,Retarde,310,44.21
J003583,2026-05-03,T010,G01,G07,14:15,14:20,5,Retarde,263,101.3
J003584,2026-07-18,T020,G15,G03,15:06,15:06,0,A l'heure,344,38.84
J003585,2026-03-22,T005,G08,G10,16:15,16:15,0,A l'heure,389,117.71
J003586,2026-06-19,T037,G01,G04,08:15,08:15,0,A l'heure,93,23.83
J003587,2026-01-06,T036,G09,G06,11:06,11:09,3,Retarde,150,22.51
J003588,2026-02-18,T008,G14,G06,15:48,15:48,0,A l'heure,326,79.92
J003589,2025-11-06,T013,G15,G08,19:48,19:48,0,A l'heure,161,101.61
J003590,2025-10-26,T022,G12,G04,22:06,22:06,0,A l'heure,450,43.77
J003591,2026-02-09,T008,G09,G12,21:45,21:45,0,A l'heure,256,63.45
J003592,2026-07-31,T026,G01,G11,14:45,14:45,0,A l'heure,252,36.15
J003593,2026-01-04,T007,G15,G01,18:36,18:36,0,A l'heure,435,73.57
J003594,2026-04-22,T009,G01,G07,10:36,10:36,0,A l'heure,242,76.01
J003595,2025-10-12,T035,G13,G11,22:06,22:06,0,A l'heure,57,19.82
J003596,2026-01-10,T035,G13,G14,18:36,18:36,0,A l'heure,121,17.37
J003597,2025-10-30,T027,G03,G01,14:24,14:28,4,Retarde,212,43.95
J003598,2025-09-26,T006,G07,G15,19:18,19:18,0,A l'heure,456,101.44
J003599,2025-12-26,T001,G09,G10,19:06,19:10,4,Retarde,340,56.12
J003600,2026-03-17,T019,G05,G12,16:15,16:15,0,A l'heure,309,23.09
J003601,2026-02-26,T026,G15,G12,09:06,09:28,22,Retarde,263,35.68
J003602,2026-07-23,T039,G14,G12,07:42,07:42,0,A l'heure,149,14.54
J003603,2026-03-10,T028,G14,G08,18:15,18:16,1,Retarde,187,40.73
J003604,2026-01-15,T031,G09,G07,19:24,19:24,0,A l'heure,128,16.45
J003605,2025-11-30,T001,G06,G14,05:24,05:37,13,Retarde,423,68.34
J003606,2026-03-28,T015,G09,G11,22:42,22:53,11,Retarde,394,45.02
J003607,2026-06-21,T025,G07,G05,13:18,13:41,23,Retarde,257,56.45
J003608,2026-04-13,T009,G05,G03,15:42,15:42,0,A l'heure,426,76.09
J003609,2025-12-18,T008,G07,G11,21:30,21:35,5,Retarde,261,58.37
J003610,2026-04-29,T007,G06,G04,16:24,16:24,0,A l'heure,318,73.38
J003611,2025-12-21,T011,G05,G13,19:30,19:38,8,Retarde,341,66.12
J003612,2026-03-25,T017,G13,G04,12:00,12:02,2,Retarde,320,42.0
J003613,2025-12-12,T007,G04,G08,14:42,14:42,0,A l'heure,319,90.49
J003614,2025-11-27,T008,G11,G07,07:30,07:30,0,A l'heure,369,80.41
J003615,2026-06-07,T005,G08,G15,22:15,22:15,0,A l'heure,409,114.13
J003616,2026-05-31,T005,G01,G07,11:00,11:00,0,A l'heure,269,81.64
J003617,2025-11-17,T007,G05,G12,09:36,09:36,0,A l'heure,256,99.2
J003618,2026-02-27,T028,G05,G02,17:12,17:12,0,A l'heure,145,40.89
J003619,2026-01-08,T032,G07,G10,12:45,12:45,0,A l'heure,73,16.46
J003620,2026-02-25,T029,G10,G02,22:54,22:54,0,A l'heure,173,18.81
J003621,2026-05-27,T023,G09,G12,08:30,08:30,0,A l'heure,268,50.47
J003622,2026-03-06,T004,G05,G12,12:18,12:18,0,A l'heure,205,67.68
J003623,2025-12-23,T031,G11,G04,06:00,06:00,0,A l'heure,89,22.46
J003624,2026-02-28,T036,G13,G09,12:54,12:54,0,A l'heure,171,25.01
J003625,2026-05-12,T019,G02,G08,16:24,16:37,13,Retarde,248,29.24
J003626,2026-02-07,T039,G07,G14,11:15,11:16,1,Retarde,176,19.98
J003627,2026-08-27,T021,G14,G15,10:30,10:35,5,Retarde,481,30.44
J003628,2025-10-08,T030,G06,G11,08:06,08:11,5,Retarde,170,26.39
J003629,2026-04-24,T027,G05,G09,22:24,22:24,0,A l'heure,131,36.05
J003630,2026-05-09,T039,G01,G03,12:24,12:53,29,Retarde,141,27.22
J003631,2025-12-02,T018,G02,G12,12:48,12:49,1,Retarde,248,22.76
J003632,2026-07-22,T031,G09,G13,06:18,06:18,0,A l'heure,86,21.32
J003633,2025-12-06,T037,G13,G08,12:12,12:12,0,A l'heure,121,28.68
J003634,2026-04-01,T038,G04,G03,20:48,20:48,0,A l'heure,108,25.05
J003635,2026-07-13,T026,G02,G06,12:45,12:45,0,A l'heure,191,52.96
J003636,2025-10-21,T021,G06,G02,15:15,15:15,0,A l'heure,329,33.36
J003637,2025-12-04,T004,G10,G13,16:00,16:00,0,A l'heure,419,61.55
J003638,2026-07-14,T032,G15,G06,05:12,05:14,2,Retarde,132,22.14
J003639,2025-12-26,T018,G03,G14,21:45,21:47,2,Retarde,352,37.67
J003640,2026-07-19,T021,G04,G07,15:48,15:48,0,A l'heure,538,44.32
J003641,2026-06-23,T033,G03,G02,22:00,22:00,0,A l'heure,108,20.53
J003642,2026-07-22,T032,G07,G03,21:36,,0,Annule,133,14.63
J003643,2025-12-01,T022,G14,G08,21:30,21:45,15,Retarde,314,38.7
J003644,2026-02-13,T027,G11,G07,16:30,16:30,0,A l'heure,87,42.86
J003645,2026-04-12,T035,G03,G08,14:45,14:46,1,Retarde,122,30.66
J003646,2025-09-29,T009,G03,G13,17:12,17:12,0,A l'heure,297,97.32
J003647,2026-04-03,T028,G01,G03,17:18,17:18,0,A l'heure,83,50.98
J003648,2026-07-02,T029,G10,G05,15:06,15:06,0,A l'heure,120,20.29
J003649,2026-02-23,T010,G06,G10,18:30,18:30,0,A l'heure,291,65.32
J003650,2026-04-13,T004,G02,G12,07:24,07:27,3,Retarde,315,88.46
J003651,2026-03-27,T018,G07,G14,07:54,07:55,1,Retarde,382,29.69
J003652,2026-03-27,T034,G07,G13,17:06,17:06,0,A l'heure,167,25.47
J003653,2026-06-12,T019,G07,G04,14:42,14:42,0,A l'heure,356,24.49
J003654,2026-05-21,T016,G07,G12,14:00,14:13,13,Retarde,260,29.97
J003655,2026-05-25,T016,G11,G10,14:30,15:36,66,Fortement retarde,342,35.87
J003656,2026-04-03,T015,G12,G02,11:42,11:53,11,Retarde,346,25.95
J003657,2025-12-04,T017,G04,G10,11:48,11:57,9,Retarde,383,32.7
J003658,2025-09-03,T006,G02,G13,11:42,11:42,0,A l'heure,340,75.28
J003659,2026-03-15,T010,G10,G05,06:21,06:21,0,A l'heure,343,108.14
J003660,2026-07-04,T036,G06,G08,13:24,13:24,0,A l'heure,134,24.05
J003661,2026-03-10,T015,G15,G13,08:18,08:19,1,Retarde,442,39.26
J003662,2025-12-01,T012,G15,G02,21:12,21:12,0,A l'heure,332,82.6
J003663,2026-06-21,T012,G09,G10,17:36,17:39,3,Retarde,451,116.14
J003664,2026-04-11,T038,G11,G04,06:36,06:51,15,Retarde,189,30.5
J003665,2026-01-30,T005,G02,G01,20:18,20:19,1,Retarde,391,102.92
J003666,2025-09-16,T007,G05,G13,06:15,06:15,0,A l'heure,330,101.28
J003667,2026-05-14,T019,G05,G13,05:45,05:45,0,A l'heure,528,29.15
J003668,2026-01-09,T037,G03,G14,19:36,19:36,0,A l'heure,116,20.23
J003669,2026-08-05,T036,G06,G14,16:06,16:06,0,A l'heure,149,26.4
J003670,2026-07-11,T027,G07,G14,06:21,06:21,0,A l'heure,295,50.74
J003671,2026-04-17,T026,G13,G14,11:18,11:18,0,A l'heure,184,50.66
J003672,2025-10-07,T004,G04,G11,12:36,12:36,0,A l'heure,320,54.16
J003673,2025-12-01,T029,G05,G04,13:12,13:12,0,A l'heure,112,27.17
J003674,2026-03-17,T033,G07,G01,15:24,15:24,0,A l'heure,69,24.68
J003675,2025-10-03,T002,G04,G06,06:45,06:45,0,A l'heure,234,59.67
J003676,2026-01-04,T032,G15,G01,12:45,12:45,0,A l'heure,148,22.74
J003677,2026-01-25,T020,G14,G06,17:36,17:36,0,A l'heure,464,43.66
J003678,2026-07-31,T008,G07,G05,06:30,06:30,0,A l'heure,247,86.64
J003679,2025-10-26,T002,G07,G10,05:30,05:30,0,A l'heure,270,82.3
J003680,2026-06-14,T008,G06,G02,11:36,11:36,0,A l'heure,510,68.0
J003681,2026-01-10,T035,G01,G06,13:48,13:48,0,A l'heure,162,27.7
J003682,2026-05-14,T012,G01,G06,15:48,15:48,0,A l'heure,375,68.04
J003683,2026-02-03,T038,G12,G14,16:00,16:00,0,A l'heure,55,14.74
J003684,2025-11-25,T026,G06,G03,22:21,22:33,12,Retarde,299,46.08
J003685,2026-04-27,T005,G14,G11,05:12,05:12,0,A l'heure,338,85.8
J003686,2026-03-11,T017,G14,G12,06:06,06:13,7,Retarde,510,40.66
J003687,2026-03-15,T006,G06,G01,21:12,21:20,8,Retarde,325,66.39
J003688,2026-06-24,T001,G13,G09,19:30,19:30,0,A l'heure,258,60.21
J003689,2025-11-07,T027,G05,G10,19:18,19:18,0,A l'heure,168,57.46
J003690,2026-01-18,T017,G02,G10,18:18,18:18,0,A l'heure,488,37.48
J003691,2026-08-25,T018,G02,G10,20:42,20:42,0,A l'heure,290,38.08
J003692,2026-01-21,T036,G03,G10,07:15,07:21,6,Retarde,107,23.87
J003693,2026-05-26,T012,G04,G06,05:54,05:57,3,Retarde,262,54.19
J003694,2026-07-20,T030,G12,G14,22:12,22:12,0,A l'heure,117,21.55
J003695,2025-10-14,T033,G04,G05,22:21,22:37,16,Retarde,189,26.41
J003696,2025-09-14,T015,G05,G08,20:42,20:42,0,A l'heure,457,38.44
J003697,2026-02-15,T036,G15,G01,07:48,07:49,1,Retarde,201,31.84
J003698,2025-11-03,T005,G04,G12,18:06,18:09,3,Retarde,315,102.28
J003699,2026-01-02,T029,G05,G07,07:21,07:21,0,A l'heure,166,16.14
J003700,2025-09-01,T032,G10,G09,08:15,08:26,11,Retarde,136,27.07
J003701,2026-04-12,T027,G13,G14,07:36,07:38,2,Retarde,243,42.12
J003702,2026-01-01,T032,G08,G13,08:24,08:30,6,Retarde,187,22.09
J003703,2025-11-19,T029,G03,G07,16:42,16:42,0,A l'heure,83,20.79
J003704,2026-07-10,T032,G04,G10,22:42,22:42,0,A l'heure,136,20.33
J003705,2026-07-01,T015,G01,G12,14:54,14:55,1,Retarde,387,32.5
J003706,2026-08-08,T022,G07,G14,21:48,21:56,8,Retarde,295,38.94
J003707,2026-04-24,T007,G02,G04,09:48,09:48,0,A l'heure,245,56.4
J003708,2025-10-11,T008,G08,G13,21:48,21:48,0,A l'heure,362,108.06
J003709,2026-05-24,T002,G08,G05,18:36,18:36,0,A l'heure,465,86.51
J003710,2025-12-13,T018,G14,G01,21:36,21:36,0,A l'heure,377,44.88
J003711,2025-12-17,T036,G13,G03,13:54,13:54,0,A l'heure,82,28.73
J003712,2025-12-22,T021,G06,G09,15:45,15:45,0,A l'heure,270,37.75
J003713,2026-05-06,T004,G08,G10,17:15,17:15,0,A l'heure,380,96.73
J003714,2026-06-24,T034,G01,G05,19:48,19:48,0,A l'heure,128,26.53
J003715,2026-04-10,T039,G02,G09,11:48,12:01,13,Retarde,134,24.23
J003716,2025-10-13,T019,G02,G06,18:12,18:12,0,A l'heure,389,33.36
J003717,2025-11-11,T035,G02,G12,05:42,05:43,1,Retarde,90,25.58
J003718,2026-01-03,T005,G01,G02,10:24,10:36,12,Retarde,406,68.88
J003719,2025-12-29,T038,G01,G12,05:21,05:52,31,Retarde,175,25.47
J003720,2026-08-28,T033,G13,G02,08:48,09:03,15,Retarde,92,27.48
J003721,2026-04-22,T015,G05,G04,11:12,11:12,0,A l'heure,394,30.45
J003722,2026-05-05,T034,G14,G04,22:30,22:30,0,A l'heure,150,17.87
J003723,2025-09-22,T019,G07,G08,06:36,06:36,0,A l'heure,418,38.74
J003724,2026-07-28,T028,G10,G13,21:45,21:45,0,A l'heure,174,34.95
J003725,2026-07-31,T039,G01,G08,16:18,16:18,0,A l'heure,111,14.81
J003726,2025-11-26,T031,G07,G01,05:54,05:54,0,A l'heure,92,26.16
J003727,2026-06-25,T035,G04,G06,22:42,22:42,0,A l'heure,94,26.43
J003728,2025-12-23,T001,G03,G07,08:12,08:12,0,A l'heure,188,90.31
J003729,2026-06-21,T033,G11,G09,06:06,06:06,0,A l'heure,148,31.49
J003730,2025-12-09,T021,G03,G07,10:36,10:40,4,Retarde,298,26.56
J003731,2026-08-02,T007,G13,G06,16:45,16:45,0,A l'heure,331,93.77
J003732,2026-07-22,T019,G13,G08,15:36,15:40,4,Retarde,464,24.01
J003733,2026-05-06,T004,G15,G09,14:42,14:42,0,A l'heure,226,85.75
J003734,2025-12-26,T031,G05,G02,05:24,05:24,0,A l'heure,154,22.92
J003735,2026-06-21,T029,G14,G11,10:21,10:26,5,Retarde,153,19.64
J003736,2026-08-28,T033,G06,G01,16:54,16:54,0,A l'heure,88,28.09
J003737,2026-05-04,T036,G14,G07,09:06,09:06,0,A l'heure,97,28.71
J003738,2026-07-01,T031,G03,G10,12:24,12:24,0,A l'heure,130,25.84
J003739,2026-05-28,T007,G10,G09,16:12,16:20,8,Retarde,211,61.47
J003740,2026-02-27,T024,G02,G09,21:45,21:46,1,Retarde,201,59.41
J003741,2026-05-07,T007,G13,G05,13:48,13:48,0,A l'heure,403,75.71
J003742,2026-08-30,T037,G13,G09,12:18,12:18,0,A l'heure,106,19.25
J003743,2026-03-12,T011,G01,G03,14:15,14:15,0,A l'heure,350,90.48
J003744,2025-09-03,T009,G12,G08,18:21,18:21,0,A l'heure,324,68.66
J003745,2025-12-02,T034,G04,G03,22:21,22:21,0,A l'heure,108,23.52
J003746,2026-06-22,T014,G11,G03,13:15,13:23,8,Retarde,188,76.09
J003747,2026-01-16,T013,G03,G08,05:24,05:25,1,Retarde,272,96.13
J003748,2026-05-21,T031,G03,G15,09:24,09:33,9,Retarde,175,15.92
J003749,2025-12-23,T040,G06,G10,17:30,17:30,0,A l'heure,134,22.6
J003750,2026-04-29,T003,G03,G01,07:36,07:36,0,A l'heure,306,73.81
J003751,2025-12-19,T027,G05,G02,11:15,11:22,7,Retarde,172,56.33
J003752,2025-09-06,T028,G13,G03,15:06,15:51,45,Retarde,249,46.16
J003753,2025-12-11,T027,G09,G11,20:45,20:56,11,Retarde,244,44.49
J003754,2026-07-30,T029,G15,G06,15:15,15:15,0,A l'heure,169,19.01
J003755,2026-01-13,T011,G03,G12,19:54,20:11,17,Retarde,200,57.7
J003756,2026-07-08,T002,G12,G07,21:00,21:00,0,A l'heure,366,67.98
J003757,2026-01-02,T014,G14,G09,13:21,13:21,0,A l'heure,396,65.75
J003758,2026-08-16,T006,G15,G14,20:30,20:56,26,Retarde,440,88.52
J003759,2025-11-15,T019,G03,G13,19:48,20:37,49,Retarde,469,30.92
J003760,2026-08-12,T006,G14,G07,18:48,18:58,10,Retarde,347,80.8
J003761,2026-01-28,T033,G05,G01,13:18,13:19,1,Retarde,78,16.75
J003762,2026-02-06,T030,G10,G03,07:15,07:15,0,A l'heure,76,24.02
J003763,2025-10-13,T001,G05,G02,18:48,18:48,0,A l'heure,371,77.24
J003764,2026-04-26,T040,G03,G07,20:06,20:06,0,A l'heure,112,16.62
J003765,2026-03-09,T030,G12,G13,11:24,11:24,0,A l'heure,94,26.5
J003766,2026-01-17,T024,G15,G01,22:36,22:45,9,Retarde,217,51.95
J003767,2026-01-08,T011,G06,G09,10:21,10:21,0,A l'heure,291,103.8
J003768,2026-05-27,T018,G07,G08,15:06,15:13,7,Retarde,239,27.56
J003769,2025-09-25,T027,G14,G05,18:30,18:30,0,A l'heure,215,46.83
J003770,2025-12-02,T004,G15,G07,21:42,22:00,18,Retarde,242,101.15
J003771,2026-03-22,T027,G05,G09,20:54,21:06,12,Retarde,265,59.45
J003772,2025-11-07,T013,G11,G08,18:15,18:15,0,A l'heure,208,59.65
J003773,2026-07-28,T034,G13,G03,14:24,14:24,0,A l'heure,133,14.45
J003774,2026-03-10,T011,G15,G11,11:06,11:12,6,Retarde,356,78.5
J003775,2026-06-20,T023,G12,G06,17:54,18:15,21,Retarde,350,57.25
J003776,2026-06-17,T010,G08,G09,14:24,14:24,0,A l'heure,292,73.17
J003777,2026-05-03,T028,G01,G05,17:00,17:00,0,A l'heure,269,53.4
J003778,2026-02-27,T038,G01,G14,22:36,22:36,0,A l'heure,122,19.72
J003779,2025-12-01,T002,G14,G13,09:00,09:00,0,A l'heure,385,85.94
J003780,2026-04-17,T032,G14,G04,22:54,22:54,0,A l'heure,91,16.25
J003781,2026-08-21,T038,G13,G15,22:54,22:54,0,A l'heure,151,22.9
J003782,2025-10-18,T031,G11,G01,20:48,20:49,1,Retarde,186,17.99
J003783,2026-04-05,T029,G15,G10,12:00,12:00,0,A l'heure,183,18.02
J003784,2026-04-15,T040,G04,G11,22:15,22:15,0,A l'heure,139,20.68
J003785,2025-12-29,T029,G08,G01,11:18,11:18,0,A l'heure,161,25.58
J003786,2025-11-26,T018,G13,G08,20:21,20:21,0,A l'heure,476,38.02
J003787,2026-02-21,T039,G09,G08,17:00,17:00,0,A l'heure,187,20.24
J003788,2026-05-04,T013,G07,G04,21:18,21:18,0,A l'heure,387,64.71
J003789,2026-06-17,T026,G03,G12,10:15,10:18,3,Retarde,202,45.6
J003790,2026-06-23,T003,G15,G14,11:06,11:06,0,A l'heure,368,84.75
J003791,2026-03-19,T014,G01,G05,20:12,20:13,1,Retarde,223,69.28
J003792,2026-01-27,T039,G11,G05,16:36,16:36,0,A l'heure,111,15.81
J003793,2025-12-31,T034,G02,G10,21:30,21:33,3,Retarde,123,18.0
J003794,2025-12-08,T022,G07,G06,08:15,08:25,10,Retarde,487,32.79
J003795,2026-05-15,T013,G11,G05,05:15,05:15,0,A l'heure,260,89.82
J003796,2025-09-20,T005,G12,G10,13:48,13:50,2,Retarde,360,73.95
J003797,2026-01-26,T028,G07,G14,14:18,14:27,9,Retarde,198,37.1
J003798,2026-01-03,T026,G14,G10,14:48,14:48,0,A l'heure,243,65.13
J003799,2026-05-18,T039,G03,G12,17:12,17:12,0,A l'heure,151,25.46
J003800,2026-06-09,T029,G11,G10,17:36,17:36,0,A l'heure,67,22.48
J003801,2026-05-11,T037,G01,G13,09:18,09:18,0,A l'heure,96,17.99
J003802,2026-05-27,T008,G15,G02,15:21,15:21,0,A l'heure,373,73.9
J003803,2025-12-14,T030,G01,G04,14:12,14:19,7,Retarde,156,25.65
J003804,2026-03-30,T023,G13,G15,06:00,06:29,29,Retarde,144,46.39
J003805,2025-09-27,T036,G09,G14,09:12,09:12,0,A l'heure,200,27.73
J003806,2026-06-24,T010,G01,G07,15:00,15:00,0,A l'heure,268,55.31
J003807,2025-12-13,T033,G01,G10,21:30,21:30,0,A l'heure,149,31.45
J003808,2025-11-09,T010,G15,G08,20:18,20:18,0,A l'heure,409,89.59
J003809,2025-11-11,T009,G02,G11,12:42,12:42,0,A l'heure,303,56.69
J003810,2025-12-01,T003,G14,G08,18:36,,0,Annule,453,70.03
J003811,2026-02-20,T027,G03,G05,16:54,16:54,0,A l'heure,257,53.77
J003812,2026-08-19,T008,G15,G02,13:21,13:21,0,A l'heure,237,80.49
J003813,2026-04-09,T039,G10,G13,07:06,07:06,0,A l'heure,105,16.01
J003814,2025-11-01,T038,G09,G05,09:36,09:36,0,A l'heure,214,24.36
J003815,2026-02-21,T005,G13,G08,15:12,15:12,0,A l'heure,342,90.52
J003816,2025-11-17,T027,G09,G11,17:12,17:19,7,Retarde,274,49.53
J003817,2025-10-18,T035,G06,G12,21:24,21:24,0,A l'heure,140,33.1
J003818,2026-02-28,T036,G10,G11,09:18,09:36,18,Retarde,220,20.48
J003819,2026-01-25,T040,G02,G11,07:48,07:48,0,A l'heure,178,30.33
J003820,2026-06-08,T027,G14,G03,14:42,14:42,0,A l'heure,210,36.54
J003821,2026-01-21,T022,G04,G05,20:18,20:18,0,A l'heure,366,29.85
J003822,2025-10-26,T005,G12,G11,17:18,17:18,0,A l'heure,386,65.89
J003823,2026-07-18,T037,G04,G08,06:21,06:21,0,A l'heure,170,19.78
J003824,2026-05-23,T021,G13,G09,06:15,06:15,0,A l'heure,462,28.09
J003825,2025-09-28,T025,G09,G08,17:12,17:12,0,A l'heure,227,51.35
J003826,2025-10-16,T001,G15,G02,10:42,10:42,0,A l'heure,323,97.51
J003827,2025-11-03,T013,G14,G11,08:30,08:30,0,A l'heure,406,102.04
J003828,2026-04-04,T023,G07,G13,18:24,18:24,0,A l'heure,298,37.09
J003829,2026-04-20,T039,G15,G05,21:36,21:45,9,Retarde,131,26.81
J003830,2026-05-20,T013,G08,G14,10:30,10:30,0,A l'heure,369,79.67
J003831,2025-11-04,T025,G06,G13,12:48,13:29,41,Retarde,154,59.64
J003832,2026-07-23,T005,G07,G09,08:42,08:42,0,A l'heure,264,62.48
J003833,2026-01-03,T002,G04,G07,18:30,18:30,0,A l'heure,390,91.71
J003834,2026-01-08,T027,G02,G13,21:48,21:48,0,A l'heure,185,40.0
J003835,2026-07-09,T002,G07,G01,17:48,17:48,0,A l'heure,232,69.48
J003836,2025-12-16,T004,G11,G10,11:45,11:45,0,A l'heure,382,67.42
J003837,2026-05-22,T024,G07,G05,22:48,22:48,0,A l'heure,275,50.92
J003838,2026-05-29,T011,G04,G06,21:06,21:18,12,Retarde,373,89.13
J003839,2025-10-07,T019,G02,G12,08:24,08:24,0,A l'heure,357,30.36
J003840,2026-03-28,T040,G12,G05,21:21,21:21,0,A l'heure,189,21.84
J003841,2026-04-14,T022,G10,G13,19:48,19:48,0,A l'heure,400,29.94
J003842,2026-06-17,T013,G10,G07,07:54,07:54,0,A l'heure,201,72.83
J003843,2026-08-11,T037,G13,G07,15:15,15:15,0,A l'heure,47,28.39
J003844,2026-03-24,T022,G02,G03,22:18,22:18,0,A l'heure,352,39.94
J003845,2026-05-03,T007,G13,G15,13:24,13:24,0,A l'heure,409,86.02
J003846,2026-05-01,T015,G04,G08,19:00,19:12,12,Retarde,420,40.26
J003847,2026-04-21,T020,G14,G07,22:45,22:45,0,A l'heure,419,41.46
J003848,2026-04-12,T030,G04,G02,20:06,20:10,4,Retarde,78,25.18
J003849,2025-09-11,T014,G13,G09,14:42,14:42,0,A l'heure,300,54.58
J003850,2025-11-08,T021,G12,G06,17:06,17:06,0,A l'heure,475,33.04
J003851,2025-12-22,T029,G02,G08,12:45,12:45,0,A l'heure,128,26.02
J003852,2026-08-17,T029,G13,G14,19:42,19:42,0,A l'heure,68,14.7
J003853,2026-03-03,T032,G14,G06,07:06,07:06,0,A l'heure,128,23.82
J003854,2026-08-04,T024,G01,G02,05:12,05:12,0,A l'heure,138,45.94
J003855,2026-01-29,T003,G09,G13,06:00,06:00,0,A l'heure,276,74.15
J003856,2025-12-25,T022,G03,G12,07:06,07:06,0,A l'heure,275,44.29
J003857,2026-06-11,T032,G02,G13,18:21,18:43,22,Retarde,165,26.11
J003858,2026-06-16,T001,G06,G09,16:54,16:54,0,A l'heure,372,76.72
J003859,2025-12-25,T013,G11,G10,13:06,,0,Annule,510,93.76
J003860,2025-09-06,T003,G01,G08,21:21,21:21,0,A l'heure,336,94.0
J003861,2026-07-24,T036,G03,G12,16:45,16:45,0,A l'heure,138,16.71
J003862,2026-05-06,T001,G13,G10,20:48,20:48,0,A l'heure,383,96.76
J003863,2025-09-17,T032,G15,G14,21:12,21:13,1,Retarde,88,17.51
J003864,2025-10-17,T028,G14,G01,18:54,18:54,0,A l'heure,264,31.89
J003865,2026-08-17,T024,G03,G07,10:18,10:18,0,A l'heure,310,34.53
J003866,2026-07-05,T016,G04,G12,09:42,09:42,0,A l'heure,508,27.22
J003867,2025-09-22,T031,G09,G04,12:42,12:42,0,A l'heure,57,21.2
J003868,2026-06-06,T016,G08,G07,20:12,20:12,0,A l'heure,553,39.05
J003869,2026-03-25,T015,G13,G11,15:12,15:12,0,A l'heure,446,32.0
J003870,2025-12-09,T018,G09,G14,19:42,19:53,11,Retarde,237,39.27
J003871,2025-10-31,T040,G14,G15,08:21,08:21,0,A l'heure,93,17.98
J003872,2026-02-24,T007,G13,G05,21:54,21:54,0,A l'heure,223,59.0
J003873,2026-05-19,T031,G04,G11,19:42,19:42,0,A l'heure,59,23.77
J003874,2025-12-09,T030,G01,G14,15:06,15:06,0,A l'heure,132,17.55
J003875,2026-03-18,T024,G06,G12,11:36,11:37,1,Retarde,193,50.78
J003876,2025-12-23,T031,G10,G01,19:18,19:29,11,Retarde,92,24.76
J003877,2026-07-24,T040,G13,G14,13:21,13:21,0,A l'heure,112,19.63
J003878,2025-11-15,T004,G07,G02,14:42,14:42,0,A l'heure,280,72.95
J003879,2026-02-21,T030,G03,G05,17:30,17:30,0,A l'heure,162,26.54
J003880,2026-06-18,T033,G08,G13,16:42,16:42,0,A l'heure,115,26.06
J003881,2026-07-01,T040,G10,G15,07:45,07:45,0,A l'heure,39,17.31
J003882,2026-08-25,T004,G08,G11,11:54,11:54,0,A l'heure,369,65.28
J003883,2026-03-26,T021,G13,G02,22:42,22:42,0,A l'heure,293,32.65
J003884,2026-03-06,T007,G10,G14,07:36,07:43,7,Retarde,348,99.05
J003885,2026-02-13,T034,G08,G07,16:12,16:12,0,A l'heure,101,17.78
J003886,2026-04-17,T021,G01,G15,21:24,21:24,0,A l'heure,384,43.29
J003887,2025-09-13,T012,G12,G04,21:15,21:15,0,A l'heure,304,103.46
J003888,2025-12-07,T024,G12,G03,18:15,18:15,0,A l'heure,245,44.09
J003889,2026-07-13,T040,G10,G12,08:45,08:45,0,A l'heure,127,28.19
J003890,2026-01-05,T036,G04,G08,18:06,18:06,0,A l'heure,153,16.6
J003891,2025-11-23,T038,G11,G02,06:48,06:53,5,Retarde,64,25.42
J003892,2025-12-15,T009,G11,G03,15:00,15:00,0,A l'heure,360,74.37
J003893,2026-02-10,T006,G02,G04,21:00,21:02,2,Retarde,441,77.63
J003894,2026-07-29,T022,G12,G04,19:30,19:30,0,A l'heure,350,37.61
J003895,2026-06-30,T040,G09,G12,15:00,15:00,0,A l'heure,107,14.83
J003896,2026-08-27,T019,G11,G06,09:54,09:54,0,A l'heure,464,22.46
J003897,2026-05-14,T039,G11,G14,16:06,16:06,0,A l'heure,101,22.48
J003898,2026-04-25,T033,G07,G12,18:45,18:46,1,Retarde,180,27.04
J003899,2026-04-24,T038,G04,G01,16:24,16:24,0,A l'heure,171,15.66
J003900,2026-07-22,T005,G06,G08,22:12,22:13,1,Retarde,324,94.97
J003901,2026-03-23,T026,G12,G15,13:36,13:36,0,A l'heure,241,40.82
J003902,2025-10-12,T036,G11,G01,09:42,09:42,0,A l'heure,220,30.11
J003903,2026-05-12,T007,G08,G02,09:06,09:15,9,Retarde,313,79.73
J003904,2025-10-08,T011,G03,G01,17:18,17:18,0,A l'heure,269,89.8
J003905,2025-12-08,T013,G02,G14,06:15,06:19,4,Retarde,153,88.38
J003906,2025-10-10,T033,G05,G02,07:45,07:45,0,A l'heure,165,24.92
J003907,2026-05-27,T020,G10,G05,10:30,10:30,0,A l'heure,501,32.6
J003908,2025-12-15,T002,G14,G06,12:06,12:06,0,A l'heure,283,56.56
J003909,2025-11-11,T008,G06,G10,06:21,06:21,0,A l'heure,464,67.22
J003910,2026-08-27,T017,G11,G13,09:21,09:21,0,A l'heure,449,32.84
J003911,2025-09-04,T006,G12,G01,07:15,07:15,0,A l'heure,428,92.1
J003912,2025-09-12,T015,G01,G05,15:36,15:36,0,A l'heure,305,24.75
J003913,2025-12-25,T009,G01,G03,21:00,21:03,3,Retarde,329,93.94
J003914,2025-09-08,T026,G02,G05,12:15,12:15,0,A l'heure,248,42.16
J003915,2026-02-04,T008,G08,G14,20:15,20:26,11,Retarde,226,52.53
J003916,2026-03-26,T027,G14,G13,07:48,07:55,7,Retarde,254,53.92
J003917,2026-07-29,T020,G02,G13,13:21,13:21,0,A l'heure,292,34.82
J003918,2026-03-24,T006,G12,G01,19:36,19:36,0,A l'heure,382,91.1
J003919,2026-07-17,T020,G05,G03,20:48,21:21,33,Retarde,478,39.23
J003920,2026-07-13,T025,G03,G14,10:00,10:13,13,Retarde,246,51.44
J003921,2026-05-25,T029,G12,G13,14:36,14:57,21,Retarde,162,25.28
J003922,2026-08-18,T013,G15,G02,10:00,10:00,0,A l'heure,293,85.87
J003923,2025-09-02,T015,G11,G08,20:54,20:54,0,A l'heure,417,35.69
J003924,2026-05-18,T018,G10,G07,07:00,07:00,0,A l'heure,155,28.36
J003925,2026-08-21,T013,G04,G10,13:36,13:36,0,A l'heure,330,80.99
J003926,2026-05-14,T034,G09,G03,17:36,17:43,7,Retarde,191,20.69
J003927,2026-06-16,T005,G14,G07,08:54,08:54,0,A l'heure,281,97.68
J003928,2026-06-11,T029,G10,G15,14:18,14:18,0,A l'heure,120,16.73
J003929,2026-07-02,T012,G04,G01,20:15,20:15,0,A l'heure,269,93.14
J003930,2025-09-01,T022,G05,G15,08:12,08:12,0,A l'heure,553,33.92
J003931,2025-12-28,T030,G07,G04,05:45,05:47,2,Retarde,95,32.06
J003932,2025-09-22,T037,G10,G14,19:54,19:54,0,A l'heure,119,26.19
J003933,2026-06-25,T019,G01,G09,18:15,18:15,0,A l'heure,373,44.15
J003934,2025-12-27,T008,G06,G13,10:15,10:15,0,A l'heure,265,83.14
J003935,2026-04-29,T008,G08,G06,13:45,13:45,0,A l'heure,347,79.37
J003936,2026-07-08,T009,G01,G11,16:48,16:59,11,Retarde,393,79.96
J003937,2026-06-22,T028,G10,G09,07:15,08:11,56,Retarde,184,36.71
J003938,2026-01-21,T007,G11,G03,22:18,22:27,9,Retarde,297,67.01
J003939,2026-06-06,T009,G08,G10,06:18,06:18,0,A l'heure,450,98.33
J003940,2026-05-18,T029,G15,G07,21:06,21:06,0,A l'heure,164,25.16
J003941,2026-01-03,T009,G10,G06,13:18,13:18,0,A l'heure,284,87.92
J003942,2026-06-13,T016,G05,G07,11:48,11:48,0,A l'heure,383,44.06
J003943,2026-08-20,T033,G09,G12,18:18,18:18,0,A l'heure,133,15.41
J003944,2026-03-23,T011,G15,G13,16:00,16:00,0,A l'heure,196,60.61
J003945,2026-07-23,T027,G09,G14,18:21,18:21,0,A l'heure,192,41.75
J003946,2026-03-12,T025,G05,G10,11:48,12:15,27,Retarde,118,35.34
J003947,2026-08-20,T007,G15,G01,08:45,08:45,0,A l'heure,290,93.79
J003948,2025-10-26,T034,G01,G09,06:00,06:00,0,A l'heure,220,17.13
J003949,2025-11-19,T033,G07,G11,09:45,09:45,0,A l'heure,119,17.61
J003950,2026-05-15,T012,G10,G05,13:12,13:12,0,A l'heure,154,66.84
J003951,2025-09-08,T037,G04,G14,09:00,09:05,5,Retarde,129,20.47
J003952,2026-03-09,T009,G04,G07,12:42,12:42,0,A l'heure,410,79.77
J003953,2025-11-23,T005,G11,G12,12:30,12:30,0,A l'heure,393,82.88
J003954,2026-05-16,T032,G06,G15,19:36,19:36,0,A l'heure,175,19.54
J003955,2026-07-10,T014,G08,G13,16:30,16:30,0,A l'heure,326,103.17
J003956,2026-06-14,T010,G10,G14,14:00,14:00,0,A l'heure,295,66.17
J003957,2026-06-12,T027,G04,G14,21:15,21:15,0,A l'heure,254,48.36
J003958,2026-08-25,T023,G07,G06,05:00,05:00,0,A l'heure,63,37.67
J003959,2026-05-25,T008,G15,G03,15:18,15:18,0,A l'heure,445,79.63
J003960,2025-09-07,T025,G11,G02,21:54,21:54,0,A l'heure,253,38.36
J003961,2026-08-19,T005,G03,G14,14:06,14:07,1,Retarde,344,64.0
J003962,2025-09-04,T034,G04,G06,14:00,14:00,0,A l'heure,132,20.7
J003963,2025-11-27,T008,G07,G15,13:36,13:37,1,Retarde,185,65.83
J003964,2026-07-17,T031,G11,G06,08:24,,0,Annule,125,18.13
J003965,2026-03-25,T016,G13,G12,15:12,15:18,6,Retarde,275,39.92
J003966,2026-05-24,T015,G14,G13,10:36,10:36,0,A l'heure,634,43.7
J003967,2026-08-30,T017,G13,G09,13:48,13:48,0,A l'heure,369,37.19
J003968,2026-03-16,T025,G13,G14,20:45,20:45,0,A l'heure,208,41.01
J003969,2026-05-30,T005,G01,G15,07:21,07:21,0,A l'heure,402,108.87
J003970,2026-04-15,T016,G02,G11,06:48,06:48,0,A l'heure,358,43.37
J003971,2025-12-11,T035,G07,G05,14:12,14:12,0,A l'heure,131,14.83
J003972,2026-07-07,T030,G08,G04,12:48,13:08,20,Retarde,179,21.06
J003973,2026-03-26,T011,G13,G08,16:24,16:28,4,Retarde,199,63.21
J003974,2026-03-23,T021,G07,G11,16:18,16:18,0,A l'heure,600,31.24
J003975,2026-04-17,T026,G08,G05,19:00,19:18,18,Retarde,224,41.31
J003976,2026-02-10,T020,G06,G04,13:15,13:15,0,A l'heure,347,43.58
J003977,2026-02-09,T018,G04,G05,15:15,15:21,6,Retarde,195,35.76
J003978,2026-06-17,T014,G08,G06,22:00,22:22,22,Retarde,266,99.17
J003979,2026-06-25,T011,G04,G12,10:15,10:24,9,Retarde,287,72.55
J003980,2025-09-19,T023,G10,G08,05:06,05:07,1,Retarde,234,37.24
J003981,2025-10-26,T014,G04,G02,21:45,21:45,0,A l'heure,459,113.54
J003982,2026-06-23,T004,G10,G15,17:18,17:18,0,A l'heure,344,94.89
J003983,2025-12-22,T019,G06,G10,07:12,07:27,15,Retarde,369,41.96
J003984,2026-08-05,T009,G09,G07,15:42,15:42,0,A l'heure,221,95.7
J003985,2026-02-04,T029,G09,G06,13:30,13:30,0,A l'heure,95,23.98
J003986,2026-01-03,T032,G04,G07,12:15,12:15,0,A l'heure,157,29.28
J003987,2026-03-11,T004,G11,G14,19:15,19:15,0,A l'heure,196,71.73
J003988,2025-12-05,T011,G09,G07,17:12,17:12,0,A l'heure,384,59.59
J003989,2025-11-19,T035,G04,G11,20:21,20:21,0,A l'heure,153,19.78
J003990,2026-04-24,T022,G05,G15,14:12,14:12,0,A l'heure,465,36.79
J003991,2025-12-29,T027,G09,G02,07:48,07:48,0,A l'heure,148,51.86
J003992,2026-05-29,T031,G13,G07,17:21,17:21,0,A l'heure,120,21.71
J003993,2025-09-17,T007,G09,G11,16:12,16:12,0,A l'heure,338,56.6
J003994,2025-11-01,T019,G05,G03,13:48,13:48,0,A l'heure,209,46.31
J003995,2025-09-10,T024,G02,G05,08:24,08:24,0,A l'heure,204,60.59
J003996,2026-04-18,T040,G07,G05,14:15,14:15,0,A l'heure,161,27.21
J003997,2025-10-11,T008,G03,G12,21:06,21:12,6,Retarde,432,117.61
J003998,2026-02-03,T025,G06,G07,16:36,16:36,0,A l'heure,126,58.26
J003999,2026-03-27,T038,G11,G09,06:21,06:21,0,A l'heure,126,17.29
J004000,2026-05-08,T007,G13,G04,12:36,12:49,13,Retarde,489,99.2
J004001,2026-05-04,T035,G15,G14,06:48,06:48,0,A l'heure,153,17.46
J004002,2026-06-26,T033,G08,G10,05:21,05:28,7,Retarde,144,27.96
J004003,2026-03-19,T034,G11,G01,05:21,05:21,0,A l'heure,124,24.0
J004004,2025-12-15,T032,G03,G12,17:54,17:54,0,A l'heure,114,19.69
J004005,2026-02-25,T028,G06,G05,21:36,21:57,21,Retarde,241,48.92
J004006,2026-06-19,T036,G09,G10,06:15,06:15,0,A l'heure,158,21.77
J004007,2026-02-23,T008,G15,G09,19:00,19:00,0,A l'heure,352,66.27
J004008,2026-03-26,T036,G15,G06,11:15,11:15,0,A l'heure,107,21.11
J004009,2025-09-06,T024,G02,G08,15:00,15:08,8,Retarde,207,47.92
J004010,2025-11-04,T036,G06,G08,15:54,15:54,0,A l'heure,111,24.66
J004011,2025-12-15,T011,G02,G03,21:36,21:36,0,A l'heure,209,81.02
J004012,2026-08-16,T023,G05,G03,09:00,09:00,0,A l'heure,273,39.19
J004013,2026-02-27,T033,G14,G07,07:15,07:17,2,Retarde,173,19.54
J004014,2025-10-13,T006,G13,G01,10:24,11:04,40,Retarde,274,102.8
J004015,2025-09-22,T014,G06,G02,07:24,07:24,0,A l'heure,260,78.02
J004016,2026-07-13,T013,G09,G14,11:42,11:42,0,A l'heure,360,52.01
J004017,2026-07-17,T006,G08,G07,15:15,15:15,0,A l'heure,234,73.57
J004018,2026-07-03,T005,G04,G05,09:12,09:12,0,A l'heure,313,96.61
J004019,2026-03-08,T033,G09,G07,06:00,06:00,0,A l'heure,153,19.52
J004020,2026-04-06,T032,G04,G14,12:00,12:00,0,A l'heure,172,22.43
J004021,2026-08-14,T015,G11,G02,12:42,12:42,0,A l'heure,248,26.27
J004022,2025-09-16,T024,G04,G06,05:00,05:00,0,A l'heure,242,51.44
J004023,2025-09-16,T015,G14,G15,06:48,06:51,3,Retarde,530,30.05
J004024,2025-11-19,T003,G13,G12,22:54,22:54,0,A l'heure,296,84.08
J004025,2026-01-13,T001,G13,G02,14:21,14:21,0,A l'heure,202,91.23
J004026,2026-07-01,T003,G05,G04,17:30,17:30,0,A l'heure,342,53.5
J004027,2026-07-25,T001,G10,G13,06:48,06:49,1,Retarde,285,80.23
J004028,2026-07-22,T013,G09,G01,19:42,19:58,16,Retarde,258,79.55
J004029,2026-07-13,T026,G10,G06,05:24,05:24,0,A l'heure,52,36.95
J004030,2025-11-16,T022,G01,G10,06:18,06:18,0,A l'heure,589,44.18
J004031,2026-02-17,T012,G01,G11,21:12,21:12,0,A l'heure,285,60.09
J004032,2025-11-25,T024,G08,G04,05:12,05:12,0,A l'heure,160,31.64
J004033,2025-12-27,T010,G11,G06,14:15,14:15,0,A l'heure,397,88.79
J004034,2025-11-19,T012,G07,G12,07:12,07:12,0,A l'heure,398,86.85
J004035,2026-03-18,T002,G11,G09,12:15,12:15,0,A l'heure,261,65.55
J004036,2025-09-02,T003,G14,G11,21:12,21:12,0,A l'heure,312,83.25
J004037,2026-08-28,T025,G01,G05,12:45,12:48,3,Retarde,132,38.2
J004038,2026-05-07,T003,G07,G15,09:48,09:48,0,A l'heure,295,74.69
J004039,2026-05-16,T011,G14,G11,09:48,09:48,0,A l'heure,426,84.98
J004040,2026-07-21,T003,G09,G14,12:36,12:36,0,A l'heure,295,99.2
J004041,2026-06-19,T024,G04,G10,11:15,11:15,0,A l'heure,186,49.17
J004042,2025-11-29,T012,G07,G15,20:48,20:48,0,A l'heure,409,110.05
J004043,2026-08-26,T032,G01,G13,13:36,13:39,3,Retarde,103,22.53
J004044,2026-04-30,T005,G12,G09,10:18,10:18,0,A l'heure,348,99.22
J004045,2025-10-26,T007,G11,G01,17:15,17:15,0,A l'heure,284,75.23
J004046,2025-09-08,T028,G02,G08,10:54,11:01,7,Retarde,108,53.02
J004047,2026-03-03,T034,G09,G12,17:36,17:36,0,A l'heure,190,20.19
J004048,2025-09-10,T001,G03,G01,07:24,07:24,0,A l'heure,295,55.92
J004049,2026-03-18,T038,G01,G04,15:21,15:30,9,Retarde,139,16.93
J004050,2026-07-20,T033,G03,G10,12:21,12:21,0,A l'heure,94,23.61
J004051,2026-02-19,T013,G09,G11,08:42,09:26,44,Retarde,468,63.58
J004052,2026-05-18,T017,G07,G04,19:00,19:00,0,A l'heure,461,37.65
J004053,2025-09-08,T004,G15,G07,14:12,14:12,0,A l'heure,322,65.13
J004054,2026-04-23,T025,G06,G04,16:36,16:36,0,A l'heure,250,30.74
J004055,2026-03-04,T009,G15,G03,22:21,22:32,11,Retarde,193,85.64
J004056,2026-08-23,T037,G06,G14,21:42,21:42,0,A l'heure,146,31.65
J004057,2026-03-21,T020,G06,G07,10:15,10:15,0,A l'heure,510,37.88
J004058,2026-03-10,T016,G06,G10,06:18,06:18,0,A l'heure,487,34.84
J004059,2026-04-13,T001,G14,G03,21:12,21:12,0,A l'heure,279,90.33
J004060,2026-07-10,T018,G04,G07,15:15,15:15,0,A l'heure,325,41.09
J004061,2025-11-03,T008,G04,G10,22:54,22:54,0,A l'heure,231,80.14
J004062,2026-08-27,T023,G11,G05,14:06,14:06,0,A l'heure,243,44.45
J004063,2026-07-31,T028,G07,G09,18:18,18:25,7,Retarde,173,34.54
J004064,2026-02-15,T018,G07,G14,22:24,22:24,0,A l'heure,324,30.21
J004065,2026-06-23,T003,G06,G03,08:18,08:18,0,A l'heure,255,67.22
J004066,2026-08-28,T017,G14,G08,13:42,13:42,0,A l'heure,408,38.46
J004067,2026-03-26,T030,G10,G11,06:30,06:30,0,A l'heure,75,16.72
J004068,2026-04-25,T039,G11,G12,06:54,06:54,0,A l'heure,167,28.96
J004069,2026-06-16,T030,G08,G10,10:45,10:45,0,A l'heure,148,18.12
J004070,2025-12-01,T014,G04,G14,19:36,19:36,0,A l'heure,234,101.65
J004071,2026-03-13,T012,G14,G15,14:24,14:24,0,A l'heure,256,84.9
J004072,2026-08-29,T003,G15,G03,10:42,10:42,0,A l'heure,444,83.74
J004073,2025-11-09,T012,G03,G12,08:24,08:24,0,A l'heure,475,119.27
J004074,2026-06-19,T030,G12,G07,07:54,07:54,0,A l'heure,156,17.4
J004075,2025-11-18,T011,G05,G07,10:18,10:18,0,A l'heure,283,83.74
J004076,2026-02-21,T039,G10,G01,14:15,14:19,4,Retarde,217,30.66
J004077,2026-01-12,T034,G15,G11,14:15,14:15,0,A l'heure,105,28.16
J004078,2026-03-16,T015,G11,G01,18:54,18:54,0,A l'heure,385,27.44
J004079,2025-09-09,T017,G06,G08,15:15,15:19,4,Retarde,414,40.27
J004080,2025-11-16,T013,G03,G15,20:30,20:30,0,A l'heure,334,67.25
J004081,2026-06-19,T011,G08,G02,18:18,18:18,0,A l'heure,285,95.57
J004082,2026-08-02,T017,G13,G01,19:45,19:45,0,A l'heure,443,43.03
J004083,2026-08-08,T038,G15,G02,18:15,18:15,0,A l'heure,220,21.09
J004084,2025-10-16,T011,G15,G14,09:36,09:36,0,A l'heure,336,88.61
J004085,2025-09-12,T024,G12,G02,08:36,08:41,5,Retarde,152,33.32
J004086,2025-11-24,T024,G07,G09,06:48,06:48,0,A l'heure,229,53.35
J004087,2026-06-28,T014,G03,G13,19:30,19:52,22,Retarde,126,90.58
J004088,2025-10-27,T001,G12,G14,17:15,17:15,0,A l'heure,255,86.64
J004089,2025-11-28,T023,G10,G01,18:24,18:24,0,A l'heure,147,48.08
J004090,2025-12-06,T003,G06,G04,15:48,15:48,0,A l'heure,265,94.25
J004091,2025-11-05,T005,G13,G10,17:36,17:36,0,A l'heure,194,61.26
J004092,2025-12-10,T018,G09,G05,10:21,10:21,0,A l'heure,358,34.61
J004093,2026-03-16,T014,G01,G06,10:54,11:04,10,Retarde,339,102.14
J004094,2026-01-20,T033,G07,G04,18:36,18:36,0,A l'heure,143,22.53
J004095,2026-06-27,T009,G11,G06,09:54,10:11,17,Retarde,465,60.95
J004096,2026-05-05,T021,G13,G15,17:21,17:21,0,A l'heure,398,26.64
J004097,2026-02-23,T026,G12,G03,09:12,09:12,0,A l'heure,281,59.72
J004098,2026-03-18,T005,G03,G06,07:06,07:06,0,A l'heure,256,77.69
J004099,2025-09-10,T009,G14,G11,19:30,19:30,0,A l'heure,253,53.04
J004100,2026-04-08,T004,G11,G01,13:06,13:06,0,A l'heure,256,75.99
J004101,2025-12-30,T021,G01,G15,15:45,15:46,1,Retarde,392,29.96
J004102,2025-09-02,T018,G11,G04,22:42,22:44,2,Retarde,370,39.65
J004103,2025-10-27,T025,G11,G01,09:24,09:31,7,Retarde,187,57.34
J004104,2026-06-19,T029,G09,G10,12:42,12:42,0,A l'heure,105,22.56
J004105,2025-10-01,T002,G01,G13,05:30,05:30,0,A l'heure,221,88.45
J004106,2026-02-22,T005,G13,G08,08:42,09:09,27,Retarde,401,88.3
J004107,2026-01-08,T012,G06,G02,05:21,05:25,4,Retarde,236,54.66
J004108,2025-11-21,T022,G10,G03,20:06,20:06,0,A l'heure,374,34.85
J004109,2025-10-02,T001,G03,G01,05:45,05:52,7,Retarde,197,90.77
J004110,2026-07-15,T007,G02,G01,07:06,07:06,0,A l'heure,326,64.38
J004111,2025-09-16,T039,G02,G08,13:24,13:24,0,A l'heure,123,17.04
J004112,2025-09-11,T018,G04,G05,15:12,15:12,0,A l'heure,421,34.87
J004113,2026-05-28,T018,G02,G11,19:24,19:24,0,A l'heure,249,22.74
J004114,2025-10-17,T005,G12,G15,05:12,05:13,1,Retarde,269,81.66
J004115,2026-06-25,T016,G08,G13,20:18,20:46,28,Retarde,379,26.71
J004116,2025-11-11,T023,G05,G07,09:21,09:25,4,Retarde,152,41.33
J004117,2025-09-15,T034,G01,G03,05:24,05:24,0,A l'heure,197,18.99
J004118,2025-10-10,T005,G10,G12,12:00,12:09,9,Retarde,338,66.48
J004119,2026-01-11,T019,G06,G10,06:00,06:00,0,A l'heure,544,33.75
J004120,2026-01-16,T013,G15,G14,11:30,11:43,13,Retarde,243,89.31
J004121,2026-07-11,T036,G01,G08,08:42,08:42,0,A l'heure,86,20.21
J004122,2026-06-23,T020,G05,G03,06:36,06:36,0,A l'heure,293,23.94
J004123,2026-03-07,T025,G12,G07,22:36,22:36,0,A l'heure,323,66.68
J004124,2026-01-05,T013,G01,G08,12:42,,0,Annule,325,56.45
J004125,2025-12-02,T013,G03,G04,22:36,22:36,0,A l'heure,216,91.21
J004126,2025-09-24,T015,G10,G03,11:54,11:54,0,A l'heure,406,39.24
J004127,2025-10-27,T009,G11,G03,05:06,05:06,0,A l'heure,243,55.99
J004128,2026-05-18,T006,G14,G02,21:00,21:00,0,A l'heure,268,76.73
J004129,2026-06-13,T022,G02,G11,14:21,14:28,7,Retarde,495,39.8
J004130,2025-09-28,T036,G12,G11,13:06,13:06,0,A l'heure,127,32.47
J004131,2026-05-07,T032,G12,G01,20:30,20:30,0,A l'heure,130,14.92
J004132,2026-06-20,T006,G04,G01,15:12,15:12,0,A l'heure,253,117.77
J004133,2026-06-10,T010,G04,G06,20:15,20:17,2,Retarde,386,91.93
J004134,2026-06-28,T019,G15,G02,05:48,06:34,46,Retarde,442,40.68
J004135,2026-05-02,T040,G07,G13,16:30,16:30,0,A l'heure,84,20.04
J004136,2025-12-07,T022,G04,G05,22:21,23:13,52,Retarde,634,47.46
J004137,2026-06-09,T035,G13,G15,11:48,11:48,0,A l'heure,88,15.2
J004138,2026-04-03,T031,G04,G01,10:06,10:06,0,A l'heure,151,24.14
J004139,2026-03-12,T029,G14,G10,17:30,17:30,0,A l'heure,92,23.58
J004140,2026-07-01,T019,G14,G10,05:12,05:39,27,Retarde,346,26.59
J004141,2026-04-20,T009,G03,G06,09:42,09:42,0,A l'heure,195,84.1
J004142,2025-09-19,T007,G01,G13,12:48,12:48,0,A l'heure,346,85.84
J004143,2025-10-31,T007,G14,G10,16:42,16:42,0,A l'heure,407,60.85
J004144,2025-10-27,T007,G06,G07,22:00,22:00,0,A l'heure,214,78.37
J004145,2025-11-10,T031,G15,G03,07:36,07:36,0,A l'heure,127,14.75
J004146,2026-03-11,T012,G13,G03,21:36,21:56,20,Retarde,235,79.8
J004147,2025-11-23,T039,G04,G15,14:15,14:15,0,A l'heure,89,17.8
J004148,2026-08-10,T027,G13,G04,12:21,12:21,0,A l'heure,236,33.22
J004149,2026-01-31,T013,G04,G02,09:24,09:24,0,A l'heure,477,85.47
J004150,2026-02-01,T040,G13,G06,07:12,07:15,3,Retarde,219,29.99
J004151,2026-04-01,T033,G14,G06,15:54,,0,Annule,128,26.75
J004152,2025-12-05,T029,G04,G03,21:48,21:48,0,A l'heure,133,16.51
J004153,2026-07-02,T039,G01,G15,06:48,06:48,0,A l'heure,122,21.54
J004154,2026-04-22,T032,G01,G14,05:18,05:18,0,A l'heure,133,24.29
J004155,2026-07-03,T025,G05,G09,08:06,08:06,0,A l'heure,153,52.29
J004156,2025-09-09,T027,G09,G14,19:18,19:22,4,Retarde,207,35.1
J004157,2026-05-30,T021,G05,G12,07:48,07:48,0,A l'heure,417,31.92
J004158,2025-11-09,T001,G02,G15,21:36,21:36,0,A l'heure,252,100.51
J004159,2026-05-08,T034,G05,G01,07:21,07:32,11,Retarde,177,25.29
J004160,2026-01-17,T023,G04,G08,16:24,17:50,86,Fortement retarde,195,40.23
J004161,2026-06-13,T037,G08,G06,08:15,08:15,0,A l'heure,88,28.35
J004162,2026-07-27,T010,G05,G03,14:48,14:48,0,A l'heure,374,64.16
J004163,2026-05-19,T023,G02,G11,09:15,09:15,0,A l'heure,166,58.5
J004164,2026-03-07,T002,G06,G01,07:24,07:24,0,A l'heure,224,106.36
J004165,2026-03-14,T037,G06,G04,20:06,20:07,1,Retarde,156,23.38
J004166,2026-03-25,T001,G11,G02,05:45,05:50,5,Retarde,250,73.71
J004167,2025-11-29,T034,G04,G11,16:15,16:15,0,A l'heure,122,23.06
J004168,2025-09-28,T034,G10,G07,05:18,05:18,0,A l'heure,183,32.38
J004169,2025-10-22,T017,G04,G05,07:45,07:45,0,A l'heure,318,39.79
J004170,2026-07-20,T012,G10,G12,19:54,19:54,0,A l'heure,274,98.38
J004171,2026-07-30,T029,G15,G09,11:42,11:45,3,Retarde,139,19.78
J004172,2026-06-10,T015,G10,G08,18:00,18:01,1,Retarde,345,40.11
J004173,2026-04-18,T014,G07,G06,16:48,16:48,0,A l'heure,228,71.57
J004174,2025-12-02,T017,G07,G15,17:21,17:21,0,A l'heure,318,34.83
J004175,2025-12-31,T004,G08,G05,09:54,09:54,0,A l'heure,269,76.46
J004176,2026-05-29,T034,G14,G04,06:36,06:36,0,A l'heure,101,22.91
J004177,2026-01-28,T018,G12,G15,16:00,16:01,1,Retarde,185,38.72
J004178,2026-05-28,T012,G07,G13,10:42,10:42,0,A l'heure,227,68.89
J004179,2026-03-25,T006,G08,G02,13:36,13:36,0,A l'heure,208,67.43
J004180,2026-06-07,T030,G06,G02,22:48,22:48,0,A l'heure,199,24.05
J004181,2026-07-17,T011,G11,G02,16:21,16:21,0,A l'heure,318,89.7
J004182,2026-02-25,T031,G12,G02,09:54,09:54,0,A l'heure,131,25.97
J004183,2026-07-27,T031,G11,G12,20:45,20:45,0,A l'heure,113,21.94
J004184,2026-01-23,T014,G01,G07,18:24,18:24,0,A l'heure,244,99.81
J004185,2025-12-19,T035,G02,G10,14:18,14:18,0,A l'heure,161,16.52
J004186,2026-05-11,T028,G05,G03,07:30,07:30,0,A l'heure,210,37.37
J004187,2026-01-18,T011,G03,G10,22:42,22:42,0,A l'heure,510,106.39
J004188,2026-07-13,T037,G09,G08,19:12,19:20,8,Retarde,91,24.62
J004189,2025-12-18,T037,G11,G01,17:36,17:36,0,A l'heure,97,24.47
J004190,2025-12-16,T039,G04,G11,15:48,15:50,2,Retarde,123,25.39
J004191,2025-11-06,T036,G14,G05,09:18,09:18,0,A l'heure,166,25.16
J004192,2026-07-29,T019,G06,G10,13:12,13:12,0,A l'heure,258,38.93
J004193,2026-08-03,T026,G12,G02,10:24,10:28,4,Retarde,185,56.67
J004194,2025-09-30,T017,G14,G06,16:21,16:21,0,A l'heure,410,41.35
J004195,2025-11-22,T002,G08,G09,14:24,14:24,0,A l'heure,407,59.81
J004196,2025-09-17,T027,G06,G03,08:15,08:15,0,A l'heure,219,41.07
J004197,2026-01-03,T024,G08,G14,19:12,19:12,0,A l'heure,256,65.17
J004198,2026-02-27,T027,G01,G07,05:21,05:21,0,A l'heure,309,31.68
J004199,2025-09-28,T028,G06,G15,12:15,12:15,0,A l'heure,243,42.12
J004200,2026-07-16,T033,G14,G03,16:21,16:21,0,A l'heure,100,26.47
J004201,2025-11-14,T028,G14,G11,13:06,13:06,0,A l'heure,211,50.37
J004202,2026-01-10,T012,G09,G11,11:45,12:14,29,Retarde,304,85.96
J004203,2026-08-18,T033,G12,G02,06:15,06:17,2,Retarde,123,20.08
J004204,2025-09-23,T011,G09,G15,08:45,08:45,0,A l'heure,280,92.93
J004205,2026-07-12,T027,G06,G02,08:18,,0,Annule,339,39.55
J004206,2026-03-18,T023,G08,G02,06:00,06:03,3,Retarde,173,47.67
J004207,2026-06-04,T003,G13,G15,17:45,17:45,0,A l'heure,306,60.08
J004208,2026-08-26,T038,G03,G04,06:54,06:54,0,A l'heure,58,22.01
J004209,2025-10-22,T027,G07,G04,07:21,07:21,0,A l'heure,263,33.78
J004210,2026-08-13,T033,G12,G04,13:30,13:30,0,A l'heure,159,27.14
J004211,2025-12-18,T012,G01,G06,11:54,11:55,1,Retarde,244,61.97
J004212,2025-10-30,T027,G15,G10,07:42,07:42,0,A l'heure,170,30.58
J004213,2025-10-14,T035,G15,G03,16:18,16:18,0,A l'heure,83,23.59
J004214,2026-05-20,T010,G01,G07,07:18,07:18,0,A l'heure,299,75.41
J004215,2025-12-10,T040,G07,G08,11:24,11:24,0,A l'heure,129,17.43
J004216,2026-05-01,T028,G02,G11,13:12,13:12,0,A l'heure,260,42.47
J004217,2025-10-13,T029,G09,G10,14:06,14:13,7,Retarde,174,16.29
J004218,2026-01-27,T001,G11,G09,06:42,06:42,0,A l'heure,421,60.24
J004219,2026-08-31,T019,G12,G05,08:45,08:45,0,A l'heure,328,29.3
J004220,2025-11-07,T020,G14,G02,05:15,05:15,0,A l'heure,420,41.05
J004221,2026-06-07,T010,G12,G01,20:30,20:30,0,A l'heure,326,60.09
J004222,2025-10-07,T021,G11,G05,16:12,16:12,0,A l'heure,341,23.89
J004223,2026-06-07,T039,G06,G02,07:45,07:45,0,A l'heure,202,17.76
J004224,2026-04-10,T030,G04,G13,12:24,12:26,2,Retarde,158,21.28
J004225,2026-08-17,T031,G06,G03,06:15,06:15,0,A l'heure,93,21.54
J004226,2026-04-10,T025,G11,G03,18:45,18:45,0,A l'heure,261,37.51
J004227,2026-03-10,T026,G09,G10,19:21,19:22,1,Retarde,224,41.67
J004228,2026-07-11,T005,G13,G06,11:45,11:45,0,A l'heure,311,118.54
J004229,2026-08-05,T012,G15,G05,15:42,15:42,0,A l'heure,271,90.62
J004230,2025-12-14,T032,G02,G07,06:21,06:21,0,A l'heure,176,31.88
J004231,2025-09-27,T039,G02,G11,14:36,14:36,0,A l'heure,174,32.08
J004232,2025-09-22,T004,G06,G08,12:18,12:18,0,A l'heure,304,63.24
J004233,2026-01-30,T006,G01,G15,14:30,14:30,0,A l'heure,329,103.8
J004234,2025-12-06,T018,G02,G09,09:00,09:00,0,A l'heure,634,49.11
J004235,2026-08-24,T021,G15,G12,05:36,05:36,0,A l'heure,217,31.91
J004236,2026-06-12,T016,G03,G05,22:30,22:30,0,A l'heure,313,32.44
J004237,2025-11-19,T028,G04,G05,17:42,17:42,0,A l'heure,52,59.66
J004238,2026-06-01,T020,G15,G01,10:54,10:54,0,A l'heure,574,36.33
J004239,2026-08-15,T039,G13,G15,12:36,12:43,7,Retarde,134,32.77
J004240,2026-03-06,T015,G12,G07,22:21,22:22,1,Retarde,105,30.94
J004241,2026-06-16,T011,G10,G02,22:24,22:26,2,Retarde,292,87.22
J004242,2025-11-28,T039,G12,G10,10:54,11:01,7,Retarde,124,14.98
J004243,2026-02-26,T029,G08,G01,19:06,19:06,0,A l'heure,156,15.4
J004244,2026-06-25,T035,G12,G04,13:00,13:00,0,A l'heure,106,28.62
J004245,2026-05-04,T022,G15,G04,05:21,05:21,0,A l'heure,308,29.66
J004246,2026-04-01,T018,G15,G04,13:54,13:54,0,A l'heure,449,30.42
J004247,2025-10-19,T018,G14,G08,10:42,10:42,0,A l'heure,481,35.42
J004248,2026-06-03,T025,G02,G11,08:15,08:15,0,A l'heure,164,40.0
J004249,2026-01-01,T026,G08,G15,21:06,21:42,36,Retarde,287,37.08
J004250,2026-07-08,T025,G05,G01,10:06,10:06,0,A l'heure,194,37.69
J004251,2025-10-12,T001,G12,G14,17:36,17:36,0,A l'heure,318,91.84
J004252,2026-03-25,T040,G08,G13,21:18,21:25,7,Retarde,170,18.55
J004253,2026-01-04,T036,G08,G12,11:21,11:23,2,Retarde,133,29.67
J004254,2025-10-14,T031,G05,G07,22:00,22:00,0,A l'heure,69,18.3
J004255,2025-12-02,T039,G13,G09,07:45,07:58,13,Retarde,100,24.09
J004256,2025-11-12,T016,G10,G13,12:30,12:30,0,A l'heure,519,39.66
J004257,2026-05-16,T017,G15,G01,07:45,07:45,0,A l'heure,490,26.42
J004258,2026-07-20,T040,G03,G10,17:12,17:12,0,A l'heure,108,24.98
J004259,2026-04-21,T022,G09,G10,20:36,20:36,0,A l'heure,299,36.38
J004260,2025-12-19,T036,G06,G12,07:15,07:15,0,A l'heure,97,20.1
J004261,2025-11-26,T013,G12,G15,22:36,22:36,0,A l'heure,438,60.17
J004262,2025-11-13,T018,G03,G15,06:06,06:06,0,A l'heure,400,25.9
J004263,2025-11-29,T030,G01,G07,17:06,17:06,0,A l'heure,212,28.63
J004264,2026-01-03,T002,G07,G06,09:36,09:36,0,A l'heure,266,104.67
J004265,2026-08-27,T013,G03,G09,09:24,09:24,0,A l'heure,259,82.15
J004266,2025-12-09,T025,G07,G09,15:12,15:12,0,A l'heure,350,40.01
J004267,2026-07-24,T024,G09,G05,21:06,21:06,0,A l'heure,213,54.49
J004268,2025-11-18,T008,G09,G13,10:24,10:24,0,A l'heure,262,101.4
J004269,2026-07-23,T006,G04,G06,18:45,18:54,9,Retarde,130,101.39
J004270,2026-04-08,T023,G08,G05,07:45,07:45,0,A l'heure,202,54.79
J004271,2026-08-22,T019,G06,G11,18:36,18:36,0,A l'heure,450,47.38
J004272,2025-11-02,T034,G11,G15,20:00,20:00,0,A l'heure,115,28.16
J004273,2026-01-05,T024,G10,G13,14:30,14:30,0,A l'heure,175,34.11
J004274,2025-12-06,T040,G14,G15,06:24,06:24,0,A l'heure,172,31.41
J004275,2025-11-10,T032,G09,G08,13:21,13:21,0,A l'heure,124,22.28
J004276,2026-07-25,T031,G01,G08,12:12,12:12,0,A l'heure,152,32.12
J004277,2026-06-14,T012,G08,G01,19:24,19:25,1,Retarde,343,103.99
J004278,2026-05-03,T012,G14,G08,22:54,22:54,0,A l'heure,347,70.0
J004279,2025-12-24,T018,G09,G07,07:36,07:44,8,Retarde,372,36.58
J004280,2026-02-06,T019,G11,G12,08:06,08:09,3,Retarde,313,42.77
J004281,2026-03-11,T001,G11,G02,11:21,11:21,0,A l'heure,272,93.52
J004282,2026-02-09,T002,G15,G03,06:48,06:48,0,A l'heure,256,89.07
J004283,2025-11-10,T039,G04,G08,05:30,05:30,0,A l'heure,177,16.56
J004284,2026-02-01,T025,G01,G12,09:45,09:45,0,A l'heure,323,35.47
J004285,2025-10-29,T006,G11,G05,17:45,17:45,0,A l'heure,289,55.93
J004286,2025-09-25,T013,G10,G01,08:24,08:28,4,Retarde,249,96.78
J004287,2026-02-05,T023,G09,G01,08:42,09:26,44,Retarde,278,54.72
J004288,2026-01-05,T003,G06,G01,13:45,13:47,2,Retarde,384,92.5
J004289,2026-04-19,T025,G04,G07,18:45,18:45,0,A l'heure,273,35.26
J004290,2026-01-22,T028,G09,G14,08:06,08:06,0,A l'heure,172,41.4
J004291,2025-09-07,T025,G03,G08,20:48,22:38,110,Fortement retarde,246,47.94
J004292,2025-10-04,T017,G14,G05,07:30,07:30,0,A l'heure,534,48.01
J004293,2026-08-09,T007,G12,G14,18:36,18:36,0,A l'heure,236,80.32
J004294,2026-06-12,T014,G05,G04,09:21,09:21,0,A l'heure,263,101.6
J004295,2025-10-07,T030,G07,G06,21:06,21:06,0,A l'heure,191,16.02
J004296,2026-07-27,T014,G05,G15,22:42,23:04,22,Retarde,493,99.36
J004297,2026-03-06,T034,G02,G15,11:06,11:17,11,Retarde,50,17.49
J004298,2026-03-07,T011,G03,G10,14:54,14:57,3,Retarde,493,102.05
J004299,2025-10-24,T030,G08,G12,06:15,06:15,0,A l'heure,92,20.59
J004300,2025-09-01,T035,G05,G10,10:18,10:18,0,A l'heure,106,28.47
J004301,2025-11-24,T011,G01,G02,17:15,17:16,1,Retarde,228,63.8
J004302,2026-01-29,T025,G09,G10,10:12,10:12,0,A l'heure,167,32.93
J004303,2025-09-18,T014,G15,G02,17:24,17:24,0,A l'heure,374,98.85
J004304,2026-02-16,T037,G14,G13,14:45,14:45,0,A l'heure,118,22.04
J004305,2025-10-20,T019,G09,G10,17:45,17:45,0,A l'heure,266,29.92
J004306,2025-11-17,T031,G15,G10,17:00,17:00,0,A l'heure,144,14.48
J004307,2026-01-28,T040,G13,G03,14:54,14:54,0,A l'heure,122,19.24
J004308,2025-10-23,T028,G01,G15,11:12,11:43,31,Retarde,234,52.41
J004309,2026-05-23,T015,G02,G11,10:24,10:24,0,A l'heure,602,26.6
J004310,2026-04-09,T021,G04,G13,07:00,07:00,0,A l'heure,248,30.58
J004311,2025-11-14,T022,G03,G06,09:24,09:24,0,A l'heure,302,23.31
J004312,2026-04-06,T012,G03,G02,09:24,09:30,6,Retarde,256,102.0
J004313,2026-08-17,T016,G13,G15,16:48,16:48,0,A l'heure,376,43.13
J004314,2026-05-16,T025,G01,G09,14:00,14:02,2,Retarde,261,36.13
J004315,2026-04-10,T005,G06,G09,05:24,05:24,0,A l'heure,359,82.47
J004316,2026-02-08,T011,G13,G10,21:36,21:59,23,Retarde,368,102.08
J004317,2026-04-12,T022,G02,G12,06:48,06:48,0,A l'heure,471,30.24
J004318,2026-03-15,T038,G07,G13,11:18,11:18,0,A l'heure,178,28.16
J004319,2026-07-31,T021,G01,G02,06:42,06:42,0,A l'heure,416,29.7
J004320,2026-05-28,T030,G10,G11,05:24,05:24,0,A l'heure,147,16.57
J004321,2026-07-24,T035,G10,G04,05:18,05:45,27,Retarde,64,19.9
J004322,2026-03-29,T005,G08,G03,13:30,13:30,0,A l'heure,389,103.09
J004323,2025-10-08,T035,G08,G06,05:48,05:48,0,A l'heure,128,20.14
J004324,2026-05-13,T002,G09,G05,06:48,06:59,11,Retarde,281,92.39
J004325,2026-03-19,T015,G01,G13,20:21,20:30,9,Retarde,244,27.42
J004326,2026-03-28,T036,G12,G15,06:18,06:18,0,A l'heure,180,21.34
J004327,2026-03-26,T038,G02,G11,20:36,20:36,0,A l'heure,192,23.66
J004328,2026-04-30,T038,G15,G02,21:00,21:00,0,A l'heure,105,16.05
J004329,2026-04-13,T022,G07,G10,05:36,05:36,0,A l'heure,374,36.45
J004330,2025-12-14,T005,G09,G05,06:48,07:00,12,Retarde,377,76.33
J004331,2026-04-20,T037,G07,G10,12:24,12:24,0,A l'heure,164,19.66
J004332,2026-03-22,T002,G05,G01,11:12,11:12,0,A l'heure,350,113.59
J004333,2026-07-09,T020,G09,G04,17:30,17:30,0,A l'heure,338,22.67
J004334,2026-06-15,T001,G03,G04,21:06,21:07,1,Retarde,215,78.95
J004335,2026-08-04,T004,G11,G15,21:18,21:19,1,Retarde,256,72.68
J004336,2026-04-17,T033,G03,G08,06:45,06:45,0,A l'heure,79,23.78
J004337,2026-04-05,T015,G12,G14,11:12,11:12,0,A l'heure,341,47.26
J004338,2025-11-03,T019,G15,G05,20:00,20:00,0,A l'heure,338,32.13
J004339,2026-02-12,T030,G06,G04,17:18,17:18,0,A l'heure,163,18.0
J004340,2025-09-16,T025,G10,G03,21:15,21:15,0,A l'heure,175,34.23
J004341,2025-09-17,T034,G05,G08,05:42,05:42,0,A l'heure,142,22.91
J004342,2026-04-22,T009,G03,G02,18:48,18:48,0,A l'heure,281,52.76
J004343,2026-01-24,T020,G01,G06,08:36,08:36,0,A l'heure,425,44.68
J004344,2026-01-16,T030,G05,G01,17:36,17:36,0,A l'heure,199,21.8
J004345,2025-10-18,T023,G13,G08,17:48,17:48,0,A l'heure,350,41.58
J004346,2026-04-10,T019,G02,G08,19:45,19:45,0,A l'heure,353,25.39
J004347,2026-07-11,T014,G08,G11,10:18,10:18,0,A l'heure,506,112.34
J004348,2026-04-02,T010,G14,G08,12:21,12:21,0,A l'heure,279,77.31
J004349,2026-03-14,T015,G10,G15,19:24,19:24,0,A l'heure,353,46.02
J004350,2025-09-26,T019,G08,G04,11:48,11:48,0,A l'heure,463,43.14
J004351,2026-06-30,T021,G14,G03,08:54,09:00,6,Retarde,285,27.02
J004352,2026-05-03,T011,G14,G13,10:30,10:33,3,Retarde,276,117.32
J004353,2025-09-24,T007,G04,G03,15:24,15:24,0,A l'heure,247,93.61
J004354,2026-01-19,T011,G13,G02,08:21,08:21,0,A l'heure,319,69.08
J004355,2025-10-07,T025,G01,G02,13:06,13:06,0,A l'heure,119,58.4
J004356,2026-08-21,T007,G12,G06,21:21,21:21,0,A l'heure,216,66.69
J004357,2026-03-03,T001,G11,G02,15:00,15:00,0,A l'heure,287,78.01
J004358,2026-01-23,T035,G04,G11,09:42,09:42,0,A l'heure,119,27.8
J004359,2025-11-09,T019,G10,G11,19:24,19:24,0,A l'heure,513,34.53
J004360,2026-01-07,T025,G11,G12,10:06,10:06,0,A l'heure,87,45.91
J004361,2025-12-15,T003,G14,G03,20:18,20:54,36,Retarde,254,60.3
J004362,2026-03-20,T021,G09,G04,11:36,11:36,0,A l'heure,290,39.78
J004363,2026-03-09,T035,G10,G15,10:36,10:36,0,A l'heure,145,23.81
J004364,2025-12-22,T030,G06,G02,13:06,13:06,0,A l'heure,137,25.09
J004365,2026-07-23,T026,G06,G10,20:48,20:48,0,A l'heure,187,58.9
J004366,2026-01-15,T025,G07,G05,12:54,,0,Annule,161,60.38
J004367,2026-08-09,T016,G15,G03,18:15,18:15,0,A l'heure,447,30.03
J004368,2025-11-29,T016,G11,G10,17:30,17:30,0,A l'heure,414,51.27
J004369,2025-09-01,T017,G04,G02,12:00,12:03,3,Retarde,334,41.75
J004370,2025-11-19,T033,G05,G06,14:42,14:42,0,A l'heure,91,25.01
J004371,2026-03-07,T012,G07,G11,20:48,20:48,0,A l'heure,369,74.84
J004372,2025-12-23,T022,G02,G13,17:42,17:42,0,A l'heure,425,40.03
J004373,2026-01-30,T014,G09,G02,17:45,17:45,0,A l'heure,210,68.96
J004374,2026-08-14,T016,G14,G10,20:45,20:45,0,A l'heure,366,40.93
J004375,2026-08-14,T020,G07,G10,21:21,21:21,0,A l'heure,408,34.52
J004376,2025-11-25,T006,G01,G12,15:54,15:54,0,A l'heure,202,57.23
J004377,2026-04-27,T008,G05,G02,06:24,06:24,0,A l'heure,254,98.6
J004378,2025-11-18,T013,G06,G13,07:42,07:42,0,A l'heure,276,97.07
J004379,2026-04-28,T034,G09,G03,22:15,22:15,0,A l'heure,181,15.89
J004380,2025-11-01,T034,G06,G11,06:54,07:14,20,Retarde,187,30.72
J004381,2026-05-21,T011,G04,G05,15:24,15:34,10,Retarde,258,63.99
J004382,2026-04-26,T011,G01,G12,15:24,15:24,0,A l'heure,299,74.17
J004383,2026-07-09,T011,G10,G11,15:48,15:48,0,A l'heure,228,68.26
J004384,2026-06-12,T037,G10,G13,20:24,20:24,0,A l'heure,84,18.18
J004385,2026-06-24,T037,G06,G10,07:06,07:06,0,A l'heure,144,19.81
J004386,2025-12-11,T004,G11,G09,09:15,,0,Annule,415,59.88
J004387,2025-12-23,T016,G02,G01,06:18,06:24,6,Retarde,338,41.98
J004388,2025-12-07,T033,G03,G04,18:12,18:16,4,Retarde,132,16.65
J004389,2026-07-26,T022,G13,G03,08:00,08:26,26,Retarde,293,36.89
J004390,2026-04-01,T023,G07,G04,16:54,16:54,0,A l'heure,198,46.15
J004391,2026-07-01,T013,G03,G06,09:06,09:06,0,A l'heure,163,85.34
J004392,2025-09-09,T030,G14,G06,15:00,15:00,0,A l'heure,158,16.32
J004393,2026-08-02,T035,G13,G05,14:42,14:42,0,A l'heure,98,32.49
J004394,2025-12-14,T036,G06,G13,21:54,21:54,0,A l'heure,126,27.59
J004395,2026-01-31,T001,G12,G13,10:48,10:48,0,A l'heure,370,82.44
J004396,2026-08-03,T040,G14,G01,15:48,15:48,0,A l'heure,98,16.27
J004397,2026-01-14,T040,G14,G02,06:06,06:12,6,Retarde,132,21.66
J004398,2025-12-11,T009,G10,G05,16:18,16:52,34,Retarde,189,82.88
J004399,2025-09-11,T025,G14,G15,15:21,15:21,0,A l'heure,180,30.72
J004400,2026-08-30,T009,G14,G01,14:45,14:53,8,Retarde,404,107.55
J004401,2026-06-27,T015,G14,G13,09:36,09:36,0,A l'heure,442,35.83
J004402,2026-04-20,T010,G04,G02,05:18,05:18,0,A l'heure,413,66.75
J004403,2026-01-26,T012,G09,G14,19:06,19:21,15,Retarde,287,58.63
J004404,2026-07-29,T012,G05,G10,10:30,10:32,2,Retarde,389,58.83
J004405,2026-01-05,T009,G02,G01,09:48,09:48,0,A l'heure,280,62.55
J004406,2025-11-11,T022,G08,G14,14:06,14:06,0,A l'heure,433,39.11
J004407,2026-04-04,T013,G09,G03,22:00,22:00,0,A l'heure,369,92.84
J004408,2025-12-26,T006,G02,G12,08:24,08:24,0,A l'heure,167,89.13
J004409,2025-09-08,T010,G15,G05,18:48,19:31,43,Retarde,364,61.95
J004410,2026-08-17,T016,G14,G04,11:42,11:42,0,A l'heure,255,38.97
J004411,2026-06-03,T033,G15,G07,12:06,12:18,12,Retarde,164,16.2
J004412,2026-03-09,T020,G15,G05,11:06,11:06,0,A l'heure,493,36.17
J004413,2026-03-29,T026,G02,G07,13:36,13:36,0,A l'heure,256,52.1
J004414,2026-04-01,T025,G12,G13,13:21,13:37,16,Retarde,250,51.98
J004415,2025-11-25,T018,G07,G15,05:00,05:00,0,A l'heure,431,32.32
J004416,2025-10-20,T010,G09,G01,07:24,07:24,0,A l'heure,265,90.91
J004417,2026-04-17,T012,G08,G14,06:06,06:06,0,A l'heure,291,96.91
J004418,2026-08-25,T024,G06,G07,06:54,06:54,0,A l'heure,187,44.95
J004419,2026-07-18,T015,G01,G15,15:21,15:51,30,Retarde,531,28.35
J004420,2026-08-01,T012,G13,G15,05:45,05:45,0,A l'heure,323,100.38
J004421,2025-11-18,T014,G11,G05,20:24,20:24,0,A l'heure,288,63.26
J004422,2026-03-04,T029,G03,G01,19:21,19:21,0,A l'heure,82,23.6
J004423,2026-07-08,T021,G14,G10,10:30,10:30,0,A l'heure,346,40.94
J004424,2026-02-14,T025,G13,G15,10:21,10:32,11,Retarde,350,39.8
J004425,2026-01-22,T037,G03,G05,10:36,10:36,0,A l'heure,33,25.27
J004426,2025-09-11,T005,G05,G04,07:24,07:24,0,A l'heure,256,102.99
J004427,2026-08-29,T029,G11,G13,14:30,14:30,0,A l'heure,166,33.11
J004428,2026-05-07,T014,G09,G10,15:21,15:21,0,A l'heure,328,96.7
J004429,2025-09-17,T017,G01,G14,17:00,17:00,0,A l'heure,485,29.09
J004430,2026-08-11,T028,G09,G03,20:42,20:42,0,A l'heure,124,52.48
J004431,2025-12-21,T022,G13,G03,20:06,20:45,39,Retarde,556,45.92
J004432,2026-02-22,T014,G01,G13,05:00,05:00,0,A l'heure,390,78.16
J004433,2026-06-25,T005,G13,G08,10:12,10:12,0,A l'heure,286,83.64
J004434,2026-05-23,T016,G04,G10,05:15,05:15,0,A l'heure,365,30.76
J004435,2025-10-21,T006,G05,G04,07:36,07:36,0,A l'heure,255,54.89
J004436,2025-09-20,T036,G13,G08,06:45,06:45,0,A l'heure,86,29.22
J004437,2025-10-07,T022,G04,G14,08:36,08:36,0,A l'heure,489,28.04
J004438,2026-08-23,T037,G09,G11,05:00,05:00,0,A l'heure,170,18.1
J004439,2026-02-21,T002,G14,G06,09:15,09:15,0,A l'heure,411,83.4
J004440,2026-07-23,T039,G03,G06,17:36,17:36,0,A l'heure,136,17.99
J004441,2026-01-01,T028,G07,G10,12:54,13:25,31,Retarde,318,51.7
J004442,2025-10-05,T018,G10,G02,18:48,18:58,10,Retarde,415,34.93
J004443,2026-08-27,T002,G11,G05,18:18,18:18,0,A l'heure,305,75.56
J004444,2025-10-06,T028,G01,G08,06:18,06:18,0,A l'heure,192,54.71
J004445,2026-05-06,T007,G09,G07,10:00,10:00,0,A l'heure,181,72.81
J004446,2026-01-21,T007,G01,G04,22:30,22:30,0,A l'heure,380,73.19
J004447,2026-08-25,T028,G09,G06,06:21,06:28,7,Retarde,216,54.27
J004448,2026-05-04,T017,G15,G13,07:15,07:23,8,Retarde,308,34.74
J004449,2026-03-23,T024,G03,G11,18:18,18:22,4,Retarde,146,49.68
J004450,2026-07-04,T019,G14,G03,16:21,16:21,0,A l'heure,302,33.8
J004451,2026-02-23,T005,G03,G10,12:45,12:51,6,Retarde,294,76.97
J004452,2026-04-10,T040,G05,G08,08:12,08:12,0,A l'heure,102,21.35
J004453,2025-10-15,T022,G09,G06,18:54,18:54,0,A l'heure,520,30.26
J004454,2026-08-12,T005,G07,G15,05:15,05:51,36,Retarde,300,73.37
J004455,2025-10-28,T026,G15,G07,15:36,15:36,0,A l'heure,197,56.46
J004456,2025-12-10,T037,G13,G01,08:15,08:15,0,A l'heure,98,25.44
J004457,2026-05-19,T035,G13,G07,22:54,22:54,0,A l'heure,98,18.37
J004458,2026-04-30,T019,G15,G02,11:42,11:42,0,A l'heure,280,39.71
J004459,2026-05-28,T028,G14,G03,11:54,11:54,0,A l'heure,245,58.15
J004460,2025-11-30,T040,G08,G10,12:06,12:06,0,A l'heure,160,29.08
J004461,2025-12-29,T010,G14,G07,11:36,11:36,0,A l'heure,374,82.96
J004462,2025-10-08,T033,G12,G13,12:24,12:33,9,Retarde,147,17.86
J004463,2026-06-07,T004,G01,G02,06:12,06:12,0,A l'heure,362,77.63
J004464,2025-10-17,T011,G07,G05,21:42,21:42,0,A l'heure,163,92.02
J004465,2026-08-15,T029,G04,G10,12:48,12:48,0,A l'heure,205,26.58
J004466,2026-05-21,T001,G04,G05,15:42,15:42,0,A l'heure,285,72.92
J004467,2026-04-29,T013,G13,G12,16:15,16:15,0,A l'heure,212,94.92
J004468,2026-06-26,T030,G05,G04,15:12,15:12,0,A l'heure,81,22.75
J004469,2025-11-20,T022,G07,G01,18:06,18:06,0,A l'heure,455,35.35
J004470,2025-10-17,T008,G04,G06,13:15,13:15,0,A l'heure,262,84.71
J004471,2026-01-04,T019,G09,G05,06:15,06:15,0,A l'heure,385,27.71
J004472,2025-10-07,T005,G09,G14,14:21,14:23,2,Retarde,294,82.8
J004473,2026-06-04,T005,G08,G09,07:15,07:15,0,A l'heure,193,83.17
J004474,2025-12-29,T030,G12,G13,11:30,11:30,0,A l'heure,81,18.53
J004475,2025-11-06,T037,G09,G04,12:00,,0,Annule,86,17.51
J004476,2026-02-07,T009,G06,G12,20:00,20:10,10,Retarde,388,89.46
J004477,2026-02-26,T027,G01,G08,22:48,22:55,7,Retarde,176,43.82
J004478,2026-04-21,T028,G04,G08,14:00,14:00,0,A l'heure,107,58.74
J004479,2026-03-16,T033,G13,G03,14:42,14:42,0,A l'heure,160,18.07
J004480,2026-06-01,T034,G02,G11,16:00,16:09,9,Retarde,126,19.01
J004481,2026-02-17,T026,G15,G05,15:21,15:21,0,A l'heure,306,34.24
J004482,2026-08-30,T013,G04,G13,16:42,16:42,0,A l'heure,232,105.76
J004483,2025-10-17,T006,G10,G01,06:30,06:30,0,A l'heure,367,86.64
J004484,2025-09-22,T015,G01,G11,18:15,18:15,0,A l'heure,487,24.53
J004485,2025-09-16,T025,G01,G06,16:48,16:48,0,A l'heure,191,39.66
J004486,2026-07-29,T030,G07,G14,14:30,14:30,0,A l'heure,122,14.71
J004487,2026-06-18,T002,G11,G04,12:45,12:58,13,Retarde,265,67.74
J004488,2026-03-02,T001,G15,G12,22:18,22:18,0,A l'heure,146,90.47
J004489,2026-04-06,T022,G02,G15,17:18,17:18,0,A l'heure,430,29.39
J004490,2025-09-17,T028,G01,G04,20:15,20:21,6,Retarde,193,54.81
J004491,2025-12-03,T024,G02,G15,16:06,16:06,0,A l'heure,162,32.25
J004492,2026-01-16,T022,G03,G02,10:06,10:06,0,A l'heure,233,31.43
J004493,2026-07-31,T026,G11,G02,18:54,18:54,0,A l'heure,137,36.16
J004494,2026-05-09,T036,G15,G08,12:45,12:48,3,Retarde,175,30.25
J004495,2026-01-14,T038,G05,G10,20:24,20:24,0,A l'heure,84,14.9
J004496,2025-10-13,T040,G11,G02,05:15,05:15,0,A l'heure,119,22.1
J004497,2026-01-09,T014,G14,G04,14:12,14:20,8,Retarde,236,72.6
J004498,2026-07-21,T002,G03,G15,09:24,09:24,0,A l'heure,203,65.22
J004499,2026-02-04,T022,G03,G10,08:12,08:12,0,A l'heure,335,44.43
J004500,2025-10-26,T003,G13,G12,19:12,19:12,0,A l'heure,383,102.53
J004501,2026-02-13,T017,G03,G13,16:06,16:08,2,Retarde,428,28.32
J004502,2026-08-14,T021,G13,G03,16:21,16:21,0,A l'heure,335,27.55
J004503,2025-09-28,T023,G08,G03,13:45,13:45,0,A l'heure,299,49.47
J004504,2026-01-18,T023,G06,G12,16:54,16:54,0,A l'heure,207,54.11
J004505,2026-03-10,T021,G01,G12,22:36,22:36,0,A l'heure,311,26.55
J004506,2026-08-14,T023,G06,G14,05:54,05:54,0,A l'heure,167,34.32
J004507,2026-03-31,T008,G04,G09,06:24,06:25,1,Retarde,312,55.78
J004508,2026-03-22,T012,G03,G12,11:21,11:27,6,Retarde,447,102.88
J004509,2025-11-01,T023,G14,G15,20:24,20:24,0,A l'heure,245,34.96
J004510,2025-09-15,T016,G05,G10,05:15,05:36,21,Retarde,533,31.28
J004511,2026-06-25,T014,G01,G04,19:06,19:06,0,A l'heure,242,66.72
J004512,2025-12-30,T032,G14,G08,11:18,11:18,0,A l'heure,190,15.39
J004513,2025-11-12,T029,G15,G05,20:45,20:58,13,Retarde,134,18.05
J004514,2026-01-17,T013,G03,G14,18:36,19:03,27,Retarde,412,77.27
J004515,2025-10-07,T017,G02,G13,09:30,09:50,20,Retarde,232,37.79
J004516,2025-11-16,T029,G01,G05,09:42,09:42,0,A l'heure,136,25.99
J004517,2026-06-14,T003,G10,G01,13:00,13:00,0,A l'heure,312,98.28
J004518,2026-08-17,T027,G08,G06,20:54,20:54,0,A l'heure,197,35.48
J004519,2025-12-12,T040,G10,G06,07:42,07:42,0,A l'heure,108,27.61
J004520,2025-11-09,T001,G03,G09,11:15,11:18,3,Retarde,331,118.3
J004521,2026-07-06,T033,G14,G03,11:30,11:30,0,A l'heure,119,21.29
J004522,2025-09-13,T018,G03,G11,14:00,14:16,16,Retarde,530,26.79
J004523,2026-08-15,T001,G14,G15,09:15,09:17,2,Retarde,241,100.45
J004524,2026-07-13,T023,G04,G10,10:42,11:02,20,Retarde,242,45.99
J004525,2026-05-13,T033,G02,G14,12:12,12:12,0,A l'heure,87,23.33
J004526,2026-04-13,T024,G09,G11,09:21,10:14,53,Retarde,185,41.75
J004527,2026-06-06,T037,G11,G13,09:15,09:15,0,A l'heure,176,24.92
J004528,2026-03-20,T040,G14,G09,20:18,20:19,1,Retarde,142,23.36
J004529,2026-07-10,T034,G02,G11,21:42,21:42,0,A l'heure,116,24.84
J004530,2025-10-16,T032,G14,G13,15:12,15:12,0,A l'heure,110,27.46
J004531,2025-11-14,T028,G08,G11,10:36,10:36,0,A l'heure,148,54.36
J004532,2025-12-19,T037,G14,G12,10:21,10:21,0,A l'heure,125,25.61
J004533,2026-06-07,T029,G02,G15,19:21,19:21,0,A l'heure,186,24.17
J004534,2026-01-15,T020,G08,G09,19:15,19:15,0,A l'heure,309,36.72
J004535,2025-11-12,T032,G06,G07,21:15,21:15,0,A l'heure,123,20.57
J004536,2026-08-27,T022,G10,G04,13:45,13:47,2,Retarde,532,24.62
J004537,2026-06-09,T035,G12,G01,21:42,21:42,0,A l'heure,78,24.35
J004538,2026-01-25,T030,G03,G14,12:06,12:06,0,A l'heure,90,31.78
J004539,2026-02-05,T025,G06,G04,13:12,13:12,0,A l'heure,190,56.14
J004540,2026-01-29,T015,G02,G07,07:30,07:46,16,Retarde,411,42.41
J004541,2026-02-12,T022,G08,G02,21:15,21:22,7,Retarde,496,36.09
J004542,2025-09-10,T032,G11,G01,12:18,12:18,0,A l'heure,178,27.34
J004543,2025-09-13,T020,G06,G10,16:06,16:06,0,A l'heure,540,30.01
J004544,2026-04-09,T017,G02,G11,12:24,12:24,0,A l'heure,318,42.78
J004545,2025-09-05,T024,G09,G12,10:21,10:21,0,A l'heure,129,44.35
J004546,2026-03-18,T014,G08,G15,20:30,,0,Annule,237,53.72
J004547,2026-07-25,T006,G13,G12,05:00,05:01,1,Retarde,393,65.47
J004548,2026-07-29,T039,G15,G05,07:42,07:42,0,A l'heure,115,19.57
J004549,2026-05-02,T037,G06,G05,08:54,08:54,0,A l'heure,168,28.59
J004550,2026-07-10,T015,G07,G06,21:18,21:18,0,A l'heure,251,23.99
J004551,2025-09-30,T036,G09,G06,17:12,17:12,0,A l'heure,146,15.39
J004552,2026-03-12,T006,G10,G08,14:42,14:56,14,Retarde,340,95.4
J004553,2026-01-06,T034,G14,G13,20:00,20:00,0,A l'heure,110,21.39
J004554,2025-12-28,T008,G13,G09,21:12,21:12,0,A l'heure,371,65.04
J004555,2026-06-03,T025,G07,G14,15:30,15:35,5,Retarde,208,57.3
J004556,2025-12-11,T027,G02,G05,11:45,12:03,18,Retarde,168,58.66
J004557,2025-12-09,T038,G13,G12,13:30,13:30,0,A l'heure,93,18.15
J004558,2025-11-05,T026,G03,G07,07:42,07:43,1,Retarde,215,45.61
J004559,2026-07-27,T004,G06,G14,06:42,06:42,0,A l'heure,351,52.35
J004560,2026-06-30,T028,G10,G14,18:24,18:24,0,A l'heure,179,43.73
J004561,2026-02-01,T031,G04,G15,14:54,15:05,11,Retarde,180,19.6
J004562,2026-04-27,T016,G08,G10,10:21,10:21,0,A l'heure,545,39.34
J004563,2025-10-22,T037,G10,G13,11:21,11:21,0,A l'heure,131,22.61
J004564,2026-07-18,T003,G11,G08,19:12,19:12,0,A l'heure,315,79.23
J004565,2026-07-31,T037,G10,G02,16:54,17:04,10,Retarde,114,24.08
J004566,2025-09-18,T002,G10,G09,09:48,09:48,0,A l'heure,308,99.43
J004567,2025-10-28,T015,G06,G03,14:00,14:00,0,A l'heure,438,37.22
J004568,2025-11-04,T037,G15,G14,09:36,09:36,0,A l'heure,153,27.93
J004569,2025-10-12,T023,G12,G07,08:36,08:43,7,Retarde,227,38.15
J004570,2025-11-23,T022,G07,G05,10:48,11:07,19,Retarde,391,30.79
J004571,2025-12-13,T035,G02,G14,20:00,20:00,0,A l'heure,148,26.86
J004572,2026-04-16,T030,G04,G14,17:21,17:36,15,Retarde,115,28.74
J004573,2026-03-12,T005,G12,G07,08:12,08:12,0,A l'heure,305,73.11
J004574,2025-10-13,T018,G05,G03,10:30,10:37,7,Retarde,380,37.68
J004575,2026-08-27,T038,G07,G04,17:18,17:20,2,Retarde,176,24.09
J004576,2025-10-16,T014,G09,G05,19:45,19:45,0,A l'heure,297,80.21
J004577,2026-07-05,T005,G09,G15,05:15,05:15,0,A l'heure,357,100.95
J004578,2026-06-08,T021,G05,G11,20:21,20:30,9,Retarde,259,37.79
J004579,2026-04-04,T010,G02,G13,05:54,05:54,0,A l'heure,325,78.04
J004580,2026-07-14,T028,G05,G10,13:48,13:55,7,Retarde,300,45.26
J004581,2026-08-17,T009,G06,G14,08:45,08:45,0,A l'heure,510,82.29
J004582,2026-01-13,T035,G11,G15,20:21,20:21,0,A l'heure,110,14.87
J004583,2026-01-10,T020,G13,G04,09:00,09:00,0,A l'heure,564,50.49
J004584,2026-06-20,T037,G03,G02,08:12,08:12,0,A l'heure,140,30.25
J004585,2026-08-13,T021,G14,G05,10:36,10:48,12,Retarde,238,30.0
J004586,2025-09-21,T001,G11,G04,08:30,08:30,0,A l'heure,421,96.98
J004587,2026-05-06,T005,G03,G08,11:24,11:24,0,A l'heure,310,69.76
J004588,2026-01-18,T032,G13,G02,15:00,15:02,2,Retarde,211,31.85
J004589,2026-06-30,T017,G05,G09,17:21,17:41,20,Retarde,248,33.42
J004590,2025-09-27,T027,G05,G01,22:36,22:36,0,A l'heure,310,55.82
J004591,2025-10-23,T012,G10,G03,11:00,11:00,0,A l'heure,342,102.88
J004592,2026-03-09,T039,G04,G01,05:15,05:15,0,A l'heure,110,28.64
J004593,2026-04-16,T016,G01,G05,14:36,14:47,11,Retarde,390,34.47
J004594,2025-11-11,T034,G13,G09,08:30,08:36,6,Retarde,150,22.35
J004595,2026-05-12,T014,G04,G07,12:00,12:00,0,A l'heure,324,66.26
J004596,2026-03-08,T001,G14,G01,16:21,16:23,2,Retarde,381,92.52
J004597,2026-04-12,T017,G04,G12,10:54,10:54,0,A l'heure,455,49.07
J004598,2026-05-24,T020,G08,G05,13:30,13:46,16,Retarde,483,49.93
J004599,2026-08-31,T034,G07,G02,20:54,21:07,13,Retarde,64,26.21
J004600,2025-11-03,T012,G13,G05,09:30,09:30,0,A l'heure,354,71.15
J004601,2025-09-11,T008,G09,G13,20:12,20:12,0,A l'heure,316,91.57
J004602,2026-02-10,T032,G08,G02,09:42,09:49,7,Retarde,119,26.52
J004603,2025-09-28,T008,G09,G07,13:30,13:30,0,A l'heure,316,74.68
J004604,2026-08-31,T028,G02,G14,10:48,11:14,26,Retarde,204,41.31
J004605,2025-12-30,T002,G01,G04,08:00,08:01,1,Retarde,297,54.72
J004606,2025-09-15,T004,G11,G12,20:15,20:15,0,A l'heure,240,70.11
J004607,2025-12-06,T030,G09,G04,21:06,21:09,3,Retarde,125,21.76
J004608,2025-12-13,T020,G07,G11,08:15,09:14,59,Retarde,480,51.06
J004609,2026-03-07,T025,G12,G02,09:24,09:24,0,A l'heure,180,50.9
J004610,2025-09-25,T004,G12,G14,05:54,05:54,0,A l'heure,479,58.42
J004611,2026-02-08,T021,G04,G10,15:00,15:00,0,A l'heure,508,49.95
J004612,2025-12-13,T033,G08,G10,10:00,10:02,2,Retarde,161,32.02
J004613,2025-09-23,T023,G14,G12,11:18,11:18,0,A l'heure,126,44.5
J004614,2026-05-25,T040,G03,G15,07:06,07:12,6,Retarde,172,16.82
J004615,2026-06-07,T033,G14,G05,22:06,22:06,0,A l'heure,153,18.82
J004616,2026-08-27,T006,G11,G06,15:21,15:21,0,A l'heure,317,79.61
J004617,2026-01-23,T019,G03,G10,06:36,06:36,0,A l'heure,486,40.99
J004618,2026-08-11,T013,G11,G08,06:12,06:12,0,A l'heure,408,68.02
J004619,2026-03-28,T006,G13,G01,07:36,07:36,0,A l'heure,364,83.59
J004620,2026-05-29,T018,G10,G11,14:30,14:31,1,Retarde,231,31.98
J004621,2026-04-27,T040,G04,G07,12:12,12:12,0,A l'heure,79,23.18
J004622,2026-04-27,T017,G07,G13,11:06,11:06,0,A l'heure,328,25.44
J004623,2026-01-22,T027,G04,G06,20:18,20:19,1,Retarde,124,41.08
J004624,2025-10-31,T031,G05,G13,22:15,22:16,1,Retarde,136,22.79
J004625,2026-01-17,T028,G13,G01,10:18,10:28,10,Retarde,339,44.56
J004626,2026-07-18,T008,G01,G11,14:15,14:15,0,A l'heure,493,98.6
J004627,2026-04-13,T023,G07,G08,09:21,10:00,39,Retarde,261,44.75
J004628,2026-05-11,T016,G01,G06,20:00,20:00,0,A l'heure,253,39.18
J004629,2026-08-02,T030,G06,G04,22:00,22:14,14,Retarde,74,27.61
J004630,2026-03-29,T003,G13,G06,05:21,05:37,16,Retarde,485,95.22
J004631,2025-12-29,T038,G10,G01,15:30,15:30,0,A l'heure,127,22.07
J004632,2026-04-19,T006,G13,G12,17:21,17:21,0,A l'heure,381,72.09
J004633,2026-01-27,T029,G10,G03,12:24,12:24,0,A l'heure,158,19.36
J004634,2026-02-08,T011,G04,G01,22:42,22:42,0,A l'heure,256,59.91
J004635,2025-09-22,T004,G14,G12,21:54,21:54,0,A l'heure,267,65.53
J004636,2026-04-12,T019,G02,G09,17:42,17:42,0,A l'heure,547,30.84
J004637,2026-04-11,T005,G14,G02,22:30,22:30,0,A l'heure,334,109.3
J004638,2026-02-08,T010,G13,G04,15:48,16:00,12,Retarde,383,78.92
J004639,2026-08-19,T008,G04,G02,08:00,08:00,0,A l'heure,118,72.9
J004640,2025-10-19,T034,G09,G08,09:42,09:42,0,A l'heure,165,28.1
J004641,2026-08-12,T015,G05,G06,12:30,12:30,0,A l'heure,329,42.57
J004642,2025-11-29,T016,G09,G15,13:06,13:06,0,A l'heure,584,38.83
J004643,2026-05-16,T008,G10,G05,21:42,21:42,0,A l'heure,397,112.35
J004644,2026-05-24,T037,G07,G03,16:00,16:00,0,A l'heure,145,23.64
J004645,2025-09-12,T002,G09,G08,21:36,21:36,0,A l'heure,335,102.25
J004646,2025-11-26,T029,G04,G14,15:18,15:18,0,A l'heure,112,26.03
J004647,2025-09-17,T020,G13,G06,14:30,14:30,0,A l'heure,429,32.43
J004648,2025-09-18,T009,G07,G11,11:18,11:18,0,A l'heure,251,67.13
J004649,2026-07-26,T012,G09,G03,14:30,14:30,0,A l'heure,410,99.2
J004650,2026-02-27,T006,G10,G14,21:45,21:45,0,A l'heure,355,102.28
J004651,2025-09-20,T007,G04,G06,05:24,05:24,0,A l'heure,296,98.76
J004652,2026-06-03,T002,G07,G08,07:15,07:15,0,A l'heure,365,89.49
J004653,2026-05-18,T022,G15,G10,12:15,12:15,0,A l'heure,375,35.99
J004654,2026-08-14,T023,G02,G05,13:00,13:06,6,Retarde,77,50.14
J004655,2026-04-04,T035,G06,G03,10:45,10:45,0,A l'heure,165,23.94
J004656,2026-02-10,T028,G05,G04,19:21,19:26,5,Retarde,170,32.31
J004657,2026-06-13,T016,G08,G09,13:24,13:24,0,A l'heure,424,35.68
J004658,2025-11-20,T005,G01,G02,15:36,15:36,0,A l'heure,431,81.13
J004659,2026-05-07,T032,G01,G10,09:36,09:36,0,A l'heure,100,16.3
J004660,2026-01-08,T006,G08,G10,21:54,21:54,0,A l'heure,243,55.31
J004661,2026-07-31,T005,G01,G11,07:00,07:15,15,Retarde,239,63.02
J004662,2026-08-26,T038,G15,G05,20:45,20:45,0,A l'heure,122,28.32
J004663,2026-04-27,T024,G15,G10,07:15,07:15,0,A l'heure,243,47.95
J004664,2026-08-10,T019,G14,G15,15:54,15:54,0,A l'heure,357,24.52
J004665,2025-10-04,T031,G06,G01,21:45,21:55,10,Retarde,122,29.25
J004666,2026-02-06,T023,G12,G01,16:00,16:00,0,A l'heure,267,42.71
J004667,2025-09-03,T015,G15,G06,10:15,10:15,0,A l'heure,216,32.03
J004668,2025-09-06,T018,G15,G11,19:48,19:48,0,A l'heure,514,30.93
J004669,2026-03-09,T017,G06,G11,18:06,18:06,0,A l'heure,351,42.16
J004670,2026-04-30,T031,G02,G08,20:12,20:12,0,A l'heure,96,27.01
J004671,2025-10-12,T027,G10,G02,11:24,11:38,14,Retarde,273,38.5
J004672,2026-08-15,T024,G12,G13,20:24,21:06,42,Retarde,291,50.94
J004673,2026-01-26,T028,G08,G14,22:15,23:04,49,Retarde,182,37.96
J004674,2026-08-06,T026,G08,G05,06:54,06:54,0,A l'heure,183,56.17
J004675,2026-06-18,T023,G08,G10,15:00,15:00,0,A l'heure,128,59.85
J004676,2026-07-23,T025,G14,G02,19:48,19:48,0,A l'heure,285,33.48
J004677,2026-02-18,T011,G06,G10,19:45,19:45,0,A l'heure,358,58.24
J004678,2026-07-21,T022,G08,G04,20:54,20:55,1,Retarde,358,31.62
J004679,2025-10-10,T007,G04,G11,06:06,06:06,0,A l'heure,344,83.58
J004680,2026-03-09,T033,G09,G14,16:12,16:12,0,A l'heure,142,20.31
J004681,2026-05-19,T005,G07,G01,08:18,08:18,0,A l'heure,294,94.34
J004682,2026-04-12,T030,G07,G10,19:24,19:24,0,A l'heure,109,17.8
J004683,2026-05-16,T040,G05,G02,21:06,21:06,0,A l'heure,131,19.7
J004684,2026-07-04,T033,G01,G10,16:15,16:21,6,Retarde,176,22.39
J004685,2026-02-08,T034,G10,G12,18:00,18:02,2,Retarde,144,32.68
J004686,2025-09-16,T038,G13,G03,19:30,19:30,0,A l'heure,128,22.0
J004687,2026-06-26,T016,G07,G08,22:45,22:45,0,A l'heure,348,28.84
J004688,2026-08-07,T027,G13,G08,21:48,21:49,1,Retarde,239,46.82
J004689,2026-05-08,T006,G03,G04,21:36,21:36,0,A l'heure,384,90.11
J004690,2026-08-07,T009,G01,G09,22:06,22:08,2,Retarde,231,95.53
J004691,2026-02-19,T005,G01,G06,17:18,17:18,0,A l'heure,312,71.61
J004692,2026-08-19,T037,G11,G02,14:12,14:12,0,A l'heure,142,19.23
J004693,2026-05-31,T022,G11,G03,17:06,17:06,0,A l'heure,634,39.27
J004694,2025-10-17,T016,G11,G06,15:54,15:54,0,A l'heure,453,39.76
J004695,2026-05-10,T004,G13,G07,09:12,09:12,0,A l'heure,341,90.02
J004696,2026-01-20,T008,G05,G09,05:00,05:00,0,A l'heure,276,54.26
J004697,2026-06-24,T040,G04,G14,20:30,20:30,0,A l'heure,137,16.03
J004698,2025-12-10,T007,G10,G02,20:36,20:36,0,A l'heure,296,97.02
J004699,2025-09-11,T028,G14,G08,07:48,07:48,0,A l'heure,152,51.21
J004700,2025-12-19,T015,G06,G13,17:06,17:50,44,Retarde,298,41.39
J004701,2026-06-06,T018,G09,G07,15:00,15:01,1,Retarde,364,49.1
J004702,2026-02-21,T023,G10,G07,16:12,16:12,0,A l'heure,265,65.97
J004703,2026-05-02,T035,G08,G09,20:48,20:48,0,A l'heure,198,26.25
J004704,2026-01-29,T036,G08,G14,13:06,13:06,0,A l'heure,104,21.84
J004705,2026-06-29,T004,G09,G02,05:54,05:54,0,A l'heure,355,70.3
J004706,2026-04-18,T014,G07,G15,10:06,10:07,1,Retarde,395,93.84
J004707,2026-06-25,T033,G14,G11,14:15,14:15,0,A l'heure,186,20.79
J004708,2026-05-14,T013,G08,G03,16:24,16:36,12,Retarde,247,52.91
J004709,2026-08-18,T012,G08,G04,07:45,07:45,0,A l'heure,330,92.78
J004710,2026-07-27,T029,G08,G10,11:48,11:53,5,Retarde,123,24.38
J004711,2025-10-20,T009,G04,G09,21:42,21:42,0,A l'heure,395,95.99
J004712,2025-10-12,T014,G08,G10,15:00,15:00,0,A l'heure,408,103.93
J004713,2026-05-18,T004,G09,G06,09:15,09:15,0,A l'heure,413,59.57
J004714,2025-11-20,T012,G05,G13,11:18,11:18,0,A l'heure,265,63.3
J004715,2025-09-07,T032,G09,G12,18:21,18:21,0,A l'heure,169,32.92
J004716,2026-02-22,T039,G13,G12,20:30,20:30,0,A l'heure,217,29.3
J004717,2026-06-14,T006,G09,G14,09:24,09:24,0,A l'heure,369,101.76
J004718,2025-09-23,T009,G04,G09,13:00,13:00,0,A l'heure,349,97.81
J004719,2026-05-24,T008,G04,G05,05:18,05:18,0,A l'heure,294,119.31
J004720,2025-12-17,T029,G14,G02,20:30,20:37,7,Retarde,118,23.24
J004721,2026-01-16,T024,G11,G02,11:54,12:30,36,Retarde,134,56.02
J004722,2026-04-04,T027,G02,G04,20:54,21:08,14,Retarde,244,60.26
J004723,2026-01-21,T002,G04,G05,20:42,20:50,8,Retarde,275,57.24
J004724,2026-04-20,T015,G15,G01,05:30,05:30,0,A l'heure,370,37.69
J004725,2026-01-08,T028,G06,G09,09:48,09:48,0,A l'heure,179,59.57
J004726,2026-01-18,T003,G14,G04,10:12,10:38,26,Retarde,510,64.53
J004727,2026-07-31,T033,G12,G06,15:45,15:45,0,A l'heure,148,16.09
J004728,2026-07-21,T001,G04,G10,10:15,10:19,4,Retarde,309,54.6
J004729,2026-05-28,T027,G02,G08,22:48,22:48,0,A l'heure,203,58.62
J004730,2026-05-11,T021,G03,G01,21:21,21:27,6,Retarde,380,43.63
J004731,2025-12-09,T036,G01,G08,11:00,11:00,0,A l'heure,128,16.85
J004732,2026-02-13,T012,G10,G12,06:06,06:07,1,Retarde,363,82.38
J004733,2026-04-24,T013,G03,G13,10:00,10:00,0,A l'heure,247,98.44
J004734,2025-10-31,T017,G10,G11,15:30,15:30,0,A l'heure,355,32.77
J004735,2025-11-24,T012,G03,G05,09:06,09:06,0,A l'heure,389,89.14
J004736,2026-08-15,T025,G10,G04,09:06,09:06,0,A l'heure,275,37.44
J004737,2026-07-05,T035,G06,G15,21:21,21:21,0,A l'heure,206,20.33
J004738,2026-07-15,T035,G05,G03,08:24,08:24,0,A l'heure,163,27.88
J004739,2026-01-29,T013,G11,G01,09:30,09:39,9,Retarde,271,72.34
J004740,2026-05-02,T028,G14,G09,15:30,15:43,13,Retarde,278,63.52
J004741,2025-09-01,T035,G05,G13,14:36,14:36,0,A l'heure,112,17.26
J004742,2026-05-02,T013,G01,G04,17:30,17:30,0,A l'heure,301,85.87
J004743,2025-09-29,T025,G14,G04,05:06,05:06,0,A l'heure,147,33.89
J004744,2026-05-23,T040,G14,G01,19:45,19:45,0,A l'heure,115,31.13
J004745,2026-06-30,T006,G05,G11,12:15,12:15,0,A l'heure,273,58.08
J004746,2026-07-11,T030,G02,G03,22:15,22:15,0,A l'heure,168,29.87
J004747,2026-02-01,T006,G04,G10,19:30,19:33,3,Retarde,299,88.37
J004748,2026-05-05,T007,G12,G15,12:45,12:45,0,A l'heure,448,92.82
J004749,2026-01-19,T032,G15,G12,15:36,16:00,24,Retarde,108,27.08
J004750,2026-05-21,T030,G01,G10,15:30,15:32,2,Retarde,125,23.89
J004751,2025-12-09,T025,G12,G06,14:42,15:39,57,Retarde,189,45.87
J004752,2026-03-04,T028,G05,G11,05:30,06:13,43,Retarde,211,49.32
J004753,2026-03-08,T011,G13,G07,07:21,07:21,0,A l'heure,325,78.79
J004754,2025-09-22,T019,G05,G09,17:12,17:12,0,A l'heure,247,34.97
J004755,2025-09-18,T024,G07,G04,22:06,22:06,0,A l'heure,172,41.58
J004756,2026-04-08,T011,G14,G15,12:12,12:12,0,A l'heure,396,88.92
J004757,2026-03-05,T020,G11,G14,10:18,10:18,0,A l'heure,491,42.6
J004758,2025-11-06,T014,G09,G04,17:45,17:45,0,A l'heure,236,79.18
J004759,2025-10-04,T016,G09,G10,15:42,17:04,82,Fortement retarde,348,48.04
J004760,2026-06-19,T033,G02,G04,08:45,08:45,0,A l'heure,156,19.42
J004761,2026-04-22,T019,G14,G04,05:24,05:24,0,A l'heure,233,37.6
J004762,2026-02-17,T007,G02,G09,07:12,07:12,0,A l'heure,389,53.4
J004763,2025-10-27,T013,G03,G12,10:45,10:45,0,A l'heure,311,61.17
J004764,2026-06-06,T021,G08,G13,05:12,05:19,7,Retarde,617,35.81
J004765,2025-12-14,T027,G10,G11,18:42,19:05,23,Retarde,213,36.27
J004766,2026-08-05,T013,G11,G07,07:45,07:45,0,A l'heure,419,64.15
J004767,2026-08-31,T018,G03,G02,14:12,14:12,0,A l'heure,470,35.26
J004768,2025-10-30,T027,G03,G07,11:00,11:28,28,Retarde,157,59.64
J004769,2026-08-22,T014,G11,G12,20:00,20:00,0,A l'heure,415,112.47
J004770,2026-02-01,T029,G02,G08,13:00,13:02,2,Retarde,153,19.64
J004771,2026-07-26,T024,G08,G01,12:30,12:30,0,A l'heure,257,62.57
J004772,2026-02-26,T030,G11,G01,17:15,17:25,10,Retarde,78,18.93
J004773,2025-11-21,T018,G02,G10,15:48,15:48,0,A l'heure,380,42.43
J004774,2026-04-18,T029,G05,G14,15:24,15:24,0,A l'heure,112,31.36
J004775,2026-07-04,T009,G05,G02,09:45,09:45,0,A l'heure,301,99.05
J004776,2026-08-31,T029,G12,G09,20:18,20:18,0,A l'heure,103,26.46
J004777,2025-12-22,T039,G04,G08,05:21,05:24,3,Retarde,147,15.11
J004778,2026-06-09,T007,G09,G12,18:06,18:07,1,Retarde,234,84.48
J004779,2026-01-07,T004,G11,G14,09:54,09:54,0,A l'heure,332,71.14
J004780,2025-09-11,T019,G14,G01,14:18,14:18,0,A l'heure,470,39.9
J004781,2025-10-03,T035,G02,G08,20:15,20:15,0,A l'heure,69,17.69
J004782,2026-08-18,T033,G13,G02,14:30,14:30,0,A l'heure,137,17.44
J004783,2025-12-26,T004,G13,G02,20:45,20:50,5,Retarde,220,97.47
J004784,2025-11-19,T028,G08,G06,16:06,16:06,0,A l'heure,190,41.43
J004785,2026-04-18,T033,G15,G10,18:36,18:36,0,A l'heure,123,31.71
J004786,2026-02-01,T034,G06,G10,10:45,10:45,0,A l'heure,143,17.5
J004787,2026-02-16,T006,G10,G02,12:54,12:54,0,A l'heure,412,86.85
J004788,2025-12-01,T016,G07,G13,15:21,15:21,0,A l'heure,479,37.26
J004789,2026-02-21,T013,G09,G01,17:00,17:00,0,A l'heure,315,73.31
J004790,2026-02-20,T020,G15,G03,18:06,18:06,0,A l'heure,342,30.98
J004791,2025-09-13,T032,G13,G14,15:06,15:06,0,A l'heure,177,32.97
J004792,2025-10-11,T009,G07,G14,08:54,09:04,10,Retarde,459,83.68
J004793,2026-02-10,T005,G06,G14,17:42,17:43,1,Retarde,403,96.77
J004794,2026-04-16,T012,G01,G12,13:48,13:48,0,A l'heure,374,83.24
J004795,2025-10-05,T033,G02,G11,05:12,05:12,0,A l'heure,158,25.22
J004796,2026-04-19,T036,G10,G05,17:18,17:18,0,A l'heure,158,18.0
J004797,2026-06-21,T030,G07,G11,15:42,15:42,0,A l'heure,143,20.81
J004798,2026-04-19,T035,G01,G04,19:36,19:36,0,A l'heure,179,30.54
J004799,2026-07-08,T024,G10,G07,14:48,14:48,0,A l'heure,203,58.4
J004800,2026-05-07,T033,G03,G02,13:15,13:22,7,Retarde,69,28.21
J004801,2025-12-20,T001,G10,G01,18:18,18:18,0,A l'heure,348,63.51
J004802,2025-12-12,T027,G03,G06,16:48,17:07,19,Retarde,177,47.16
J004803,2026-01-02,T005,G13,G03,09:21,09:32,11,Retarde,277,77.51
J004804,2026-04-11,T029,G12,G10,15:45,15:45,0,A l'heure,184,26.83
J004805,2026-04-11,T029,G02,G14,15:36,15:36,0,A l'heure,194,29.08
J004806,2026-05-14,T011,G05,G06,05:42,05:42,0,A l'heure,322,80.57
J004807,2025-09-06,T039,G09,G06,20:18,20:31,13,Retarde,159,30.73
J004808,2026-05-23,T017,G11,G12,08:06,08:06,0,A l'heure,381,47.79
J004809,2026-06-15,T005,G09,G01,21:30,21:30,0,A l'heure,429,53.67
J004810,2026-08-17,T022,G04,G07,17:18,17:23,5,Retarde,465,29.24
J004811,2025-10-05,T039,G03,G15,15:15,15:15,0,A l'heure,111,27.21
J004812,2026-06-09,T019,G04,G12,11:36,11:37,1,Retarde,214,31.48
J004813,2026-02-13,T024,G09,G07,21:18,21:18,0,A l'heure,250,59.5
J004814,2026-04-14,T010,G11,G13,10:21,10:21,0,A l'heure,249,53.87
J004815,2026-03-21,T004,G02,G12,10:42,10:42,0,A l'heure,440,83.8
J004816,2025-10-21,T026,G08,G09,09:24,09:24,0,A l'heure,206,44.14
J004817,2025-09-11,T032,G15,G13,17:18,17:18,0,A l'heure,47,22.13
J004818,2026-03-07,T024,G08,G04,07:00,07:00,0,A l'heure,199,53.34
J004819,2026-02-24,T011,G11,G12,18:48,18:49,1,Retarde,286,98.35
J004820,2026-07-05,T014,G02,G15,13:30,13:39,9,Retarde,340,76.93
J004821,2026-03-12,T037,G14,G07,06:30,06:30,0,A l'heure,90,17.87
J004822,2026-06-04,T012,G05,G13,08:21,08:21,0,A l'heure,301,57.05
J004823,2025-11-17,T028,G15,G13,16:06,16:14,8,Retarde,257,52.86
J004824,2025-12-24,T022,G06,G05,17:24,17:25,1,Retarde,371,30.15
J004825,2026-07-13,T039,G13,G02,17:12,17:12,0,A l'heure,99,24.48
J004826,2026-08-03,T039,G13,G02,15:18,15:18,0,A l'heure,133,26.64
J004827,2025-09-19,T032,G05,G08,09:06,09:06,0,A l'heure,153,15.05
J004828,2026-05-02,T020,G05,G13,06:00,06:16,16,Retarde,605,26.44
J004829,2025-10-26,T007,G15,G12,10:24,10:24,0,A l'heure,383,76.94
J004830,2025-12-26,T005,G11,G09,06:12,06:34,22,Retarde,139,55.93
J004831,2026-01-12,T025,G04,G09,16:15,16:18,3,Retarde,201,31.63
J004832,2026-08-31,T005,G06,G02,05:30,05:30,0,A l'heure,228,100.08
J004833,2026-06-20,T022,G13,G05,22:30,22:41,11,Retarde,492,37.69
J004834,2025-11-10,T005,G05,G06,06:15,06:15,0,A l'heure,292,56.53
J004835,2026-04-19,T001,G05,G14,07:24,07:34,10,Retarde,285,81.95
J004836,2026-03-20,T016,G01,G05,06:18,06:18,0,A l'heure,354,31.9
J004837,2026-05-06,T008,G11,G08,07:18,07:33,15,Retarde,219,99.66
J004838,2026-07-28,T016,G14,G09,20:42,20:42,0,A l'heure,390,34.95
J004839,2026-02-09,T040,G12,G11,12:12,12:12,0,A l'heure,72,23.94
J004840,2026-08-25,T005,G14,G07,14:00,14:00,0,A l'heure,250,81.62
J004841,2026-03-08,T033,G08,G07,21:15,21:15,0,A l'heure,166,19.88
J004842,2026-03-20,T006,G02,G04,14:00,14:00,0,A l'heure,241,96.75
J004843,2025-12-08,T036,G10,G15,22:06,22:06,0,A l'heure,168,24.54
J004844,2026-03-02,T011,G07,G11,08:12,08:16,4,Retarde,132,103.54
J004845,2026-07-15,T030,G07,G03,13:21,13:21,0,A l'heure,82,19.84
J004846,2026-08-21,T007,G08,G15,07:45,07:45,0,A l'heure,265,88.18
J004847,2025-09-26,T035,G07,G06,16:18,16:18,0,A l'heure,81,19.45
J004848,2025-11-03,T012,G03,G06,12:48,12:48,0,A l'heure,269,100.91
J004849,2026-02-14,T007,G11,G13,14:36,14:42,6,Retarde,335,110.79
J004850,2026-03-04,T026,G04,G08,07:42,07:42,0,A l'heure,256,52.78
J004851,2026-05-23,T019,G08,G02,12:15,12:16,1,Retarde,519,29.17
J004852,2026-04-20,T035,G15,G04,18:18,18:18,0,A l'heure,148,26.94
J004853,2026-03-24,T023,G02,G03,16:45,16:45,0,A l'heure,182,57.91
J004854,2025-09-15,T014,G06,G05,11:48,11:55,7,Retarde,445,65.25
J004855,2025-12-13,T030,G08,G10,11:42,11:53,11,Retarde,141,25.22
J004856,2026-05-26,T009,G08,G14,05:36,05:36,0,A l'heure,207,102.42
J004857,2026-07-10,T006,G06,G07,11:24,11:24,0,A l'heure,287,94.46
J004858,2026-06-13,T027,G08,G06,11:15,11:23,8,Retarde,290,64.45
J004859,2026-07-01,T010,G13,G01,16:00,16:00,0,A l'heure,322,100.75
J004860,2026-07-15,T023,G15,G04,14:42,14:57,15,Retarde,255,32.93
J004861,2026-03-12,T009,G11,G12,13:06,13:06,0,A l'heure,198,63.17
J004862,2025-09-29,T014,G13,G05,13:06,13:16,10,Retarde,223,70.78
J004863,2026-08-13,T007,G13,G15,05:12,05:12,0,A l'heure,233,98.78
J004864,2026-04-11,T008,G13,G10,10:36,10:36,0,A l'heure,319,98.14
J004865,2026-06-20,T001,G10,G13,13:54,13:54,0,A l'heure,356,76.83
J004866,2025-09-11,T012,G09,G15,11:30,11:30,0,A l'heure,297,60.18
J004867,2026-08-11,T010,G07,G15,11:42,11:59,17,Retarde,342,76.55
J004868,2026-03-28,T040,G09,G13,15:24,15:24,0,A l'heure,199,27.21
J004869,2025-12-06,T032,G07,G12,09:15,09:17,2,Retarde,137,29.66
J004870,2026-05-26,T035,G03,G10,19:12,19:12,0,A l'heure,128,16.57
J004871,2026-02-12,T035,G01,G14,11:15,11:15,0,A l'heure,126,15.69
J004872,2026-01-12,T005,G09,G06,09:18,09:18,0,A l'heure,484,59.61
J004873,2025-09-10,T002,G12,G14,17:21,17:21,0,A l'heure,265,93.13
J004874,2026-07-19,T016,G03,G04,19:54,19:59,5,Retarde,364,32.25
J004875,2026-03-08,T001,G12,G05,18:12,18:17,5,Retarde,374,90.01
J004876,2026-03-14,T017,G01,G03,14:30,14:30,0,A l'heure,371,50.69
J004877,2026-07-22,T034,G06,G10,19:54,19:54,0,A l'heure,70,14.63
J004878,2026-03-16,T023,G04,G12,13:30,13:30,0,A l'heure,137,39.33
J004879,2025-12-25,T029,G14,G15,07:45,07:46,1,Retarde,166,26.07
J004880,2026-04-10,T026,G10,G03,07:00,07:00,0,A l'heure,223,48.07
J004881,2025-12-27,T001,G12,G01,15:06,15:11,5,Retarde,481,98.25
J004882,2026-04-22,T016,G04,G03,16:45,16:45,0,A l'heure,239,35.31
J004883,2026-04-26,T040,G09,G06,15:15,15:15,0,A l'heure,201,27.11
J004884,2026-07-15,T029,G07,G05,13:48,14:06,18,Retarde,105,15.38
J004885,2025-09-25,T026,G03,G07,13:24,13:25,1,Retarde,110,56.31
J004886,2026-01-05,T022,G10,G11,09:06,09:16,10,Retarde,453,40.03
J004887,2026-06-20,T020,G08,G12,07:30,07:54,24,Retarde,534,34.6
J004888,2026-01-04,T037,G14,G07,19:12,19:12,0,A l'heure,149,22.9
J004889,2025-12-04,T004,G06,G04,09:21,09:37,16,Retarde,294,76.48
J004890,2025-11-19,T020,G06,G10,18:18,18:44,26,Retarde,332,42.28
J004891,2026-07-30,T028,G12,G04,12:54,12:58,4,Retarde,143,49.35
J004892,2025-09-22,T015,G05,G15,18:21,18:21,0,A l'heure,323,29.45
J004893,2026-04-20,T036,G01,G10,20:54,20:54,0,A l'heure,155,21.51
J004894,2026-06-11,T024,G14,G12,19:36,19:36,0,A l'heure,246,36.12
J004895,2025-10-04,T023,G07,G01,15:21,15:21,0,A l'heure,309,69.06
J004896,2026-07-20,T024,G07,G02,15:18,15:18,0,A l'heure,250,31.11
J004897,2025-12-21,T014,G13,G04,16:45,16:45,0,A l'heure,371,112.82
J004898,2026-01-03,T029,G06,G04,06:06,06:06,0,A l'heure,100,26.95
J004899,2025-12-22,T019,G02,G08,13:45,13:45,0,A l'heure,428,27.13
J004900,2026-08-28,T027,G06,G15,20:42,20:44,2,Retarde,283,32.32
J004901,2026-07-24,T003,G06,G12,22:54,22:54,0,A l'heure,231,81.32
J004902,2026-01-25,T009,G03,G10,10:30,10:37,7,Retarde,367,119.49
J004903,2026-02-19,T034,G07,G02,07:42,07:52,10,Retarde,126,19.97
J004904,2026-01-31,T017,G10,G11,12:42,12:42,0,A l'heure,401,43.79
J004905,2026-07-19,T038,G11,G08,14:48,14:56,8,Retarde,117,22.56
J004906,2025-11-20,T039,G14,G05,10:00,10:00,0,A l'heure,125,22.81
J004907,2025-09-03,T033,G04,G06,16:21,16:32,11,Retarde,108,19.84
J004908,2026-03-26,T011,G11,G13,05:54,05:54,0,A l'heure,189,73.56
J004909,2025-11-29,T024,G15,G08,22:36,22:43,7,Retarde,279,66.75
J004910,2025-10-23,T030,G04,G06,08:30,08:30,0,A l'heure,161,19.47
J004911,2025-09-14,T022,G06,G15,09:24,10:10,46,Retarde,508,26.89
J004912,2026-04-29,T022,G13,G11,21:42,21:43,1,Retarde,482,42.37
J004913,2025-09-16,T020,G09,G07,20:06,21:24,78,Fortement retarde,397,43.42
J004914,2025-09-06,T012,G02,G07,19:24,19:24,0,A l'heure,489,73.73
J004915,2026-01-03,T010,G02,G06,14:45,14:45,0,A l'heure,261,82.08
J004916,2026-06-20,T026,G07,G12,15:30,15:35,5,Retarde,270,66.97
J004917,2026-05-08,T001,G04,G08,16:12,16:13,1,Retarde,278,78.76
J004918,2026-07-31,T026,G09,G07,22:12,22:13,1,Retarde,325,46.9
J004919,2025-09-06,T030,G03,G06,20:12,20:12,0,A l'heure,132,23.33
J004920,2025-09-16,T022,G11,G05,20:15,20:16,1,Retarde,494,25.89
J004921,2026-03-31,T008,G06,G12,22:54,22:54,0,A l'heure,359,96.7
J004922,2025-11-03,T013,G12,G02,07:30,07:30,0,A l'heure,206,73.24
J004923,2025-09-03,T038,G13,G14,14:45,14:45,0,A l'heure,146,28.07
J004924,2025-12-27,T032,G10,G12,14:12,14:12,0,A l'heure,169,22.69
J004925,2026-05-14,T026,G13,G11,09:45,09:45,0,A l'heure,201,35.2
J004926,2025-12-04,T023,G15,G11,07:00,07:00,0,A l'heure,241,35.89
J004927,2026-06-21,T002,G05,G01,06:00,06:00,0,A l'heure,376,114.46
J004928,2025-10-08,T040,G05,G15,11:06,11:06,0,A l'heure,75,21.4
J004929,2026-06-22,T021,G10,G15,21:48,21:48,0,A l'heure,202,30.43
J004930,2026-08-18,T030,G14,G15,14:12,14:12,0,A l'heure,120,25.22
J004931,2026-05-27,T007,G05,G09,09:36,09:36,0,A l'heure,204,93.56
J004932,2026-07-25,T038,G15,G01,20:06,20:06,0,A l'heure,206,16.73
J004933,2025-12-09,T039,G07,G14,07:36,07:40,4,Retarde,187,27.43
J004934,2026-07-07,T013,G12,G11,17:45,17:45,0,A l'heure,330,77.8
J004935,2026-05-01,T032,G15,G10,09:12,09:12,0,A l'heure,197,17.14
J004936,2025-12-23,T029,G07,G09,19:45,19:51,6,Retarde,199,15.08
J004937,2026-07-12,T009,G09,G02,21:48,21:55,7,Retarde,434,104.12
J004938,2025-11-21,T006,G05,G08,16:45,16:45,0,A l'heure,316,103.76
J004939,2025-12-26,T023,G05,G01,16:48,16:48,0,A l'heure,212,57.86
J004940,2025-11-25,T039,G10,G15,10:12,10:12,0,A l'heure,182,26.62
J004941,2025-11-29,T036,G07,G01,09:42,09:42,0,A l'heure,204,25.26
J004942,2026-05-27,T004,G12,G14,11:54,12:02,8,Retarde,80,69.89
J004943,2026-08-21,T011,G10,G09,19:30,,0,Annule,226,65.04
J004944,2026-06-13,T038,G06,G05,17:54,17:54,0,A l'heure,147,31.62
J004945,2026-01-31,T014,G05,G09,11:21,11:22,1,Retarde,411,64.74
J004946,2026-06-14,T032,G07,G05,10:54,10:54,0,A l'heure,170,26.81
J004947,2026-01-25,T003,G02,G01,08:00,08:08,8,Retarde,377,66.59
J004948,2026-01-19,T013,G11,G07,07:42,07:42,0,A l'heure,386,77.81
J004949,2025-11-07,T022,G06,G02,06:54,06:54,0,A l'heure,481,39.91
J004950,2026-05-15,T035,G14,G13,21:48,21:48,0,A l'heure,193,27.95
J004951,2026-05-06,T001,G02,G06,21:21,,0,Annule,227,94.47
J004952,2025-11-03,T011,G14,G13,12:48,12:59,11,Retarde,233,101.09
J004953,2026-01-07,T018,G02,G13,17:21,17:21,0,A l'heure,322,28.73
J004954,2026-05-17,T011,G14,G06,08:36,08:36,0,A l'heure,429,110.04
J004955,2026-05-20,T025,G08,G13,15:30,15:30,0,A l'heure,282,37.76
J004956,2026-08-06,T034,G13,G02,08:30,08:49,19,Retarde,80,15.93
J004957,2026-03-23,T022,G10,G12,06:21,06:21,0,A l'heure,292,34.85
J004958,2025-10-06,T022,G03,G09,17:48,17:56,8,Retarde,389,24.89
J004959,2026-05-19,T009,G09,G08,09:00,09:00,0,A l'heure,283,77.36
J004960,2026-02-24,T025,G09,G11,15:24,16:22,58,Retarde,179,33.99
J004961,2026-05-25,T031,G02,G09,07:54,07:54,0,A l'heure,123,19.33
J004962,2026-06-07,T019,G08,G15,09:54,09:54,0,A l'heure,348,46.48
J004963,2026-02-28,T015,G07,G02,07:36,07:36,0,A l'heure,556,51.26
J004964,2026-03-08,T035,G05,G10,06:54,07:00,6,Retarde,175,21.83
J004965,2026-02-17,T024,G08,G06,18:45,18:48,3,Retarde,302,54.83
J004966,2026-01-01,T011,G09,G14,20:15,20:16,1,Retarde,449,82.86
J004967,2026-06-14,T020,G05,G01,19:00,19:00,0,A l'heure,578,37.58
J004968,2026-01-29,T035,G15,G05,13:42,13:49,7,Retarde,164,23.41
J004969,2026-08-19,T020,G14,G12,06:48,07:12,24,Retarde,408,33.55
J004970,2025-09-15,T002,G14,G06,09:30,09:34,4,Retarde,229,55.4
J004971,2025-09-24,T004,G01,G08,17:24,17:37,13,Retarde,76,89.69
J004972,2026-02-09,T019,G10,G05,20:42,,0,Annule,390,23.91
J004973,2026-05-26,T031,G13,G01,14:30,14:30,0,A l'heure,159,17.59
J004974,2026-05-11,T032,G08,G07,12:06,12:06,0,A l'heure,163,17.95
J004975,2026-06-25,T015,G12,G09,15:06,15:08,2,Retarde,511,26.1
J004976,2025-09-11,T027,G07,G11,12:45,13:33,48,Retarde,128,47.87
J004977,2025-10-29,T004,G10,G05,20:30,20:30,0,A l'heure,355,103.7
J004978,2026-07-25,T025,G05,G10,05:54,06:18,24,Retarde,273,44.37
J004979,2026-04-09,T025,G10,G07,18:21,18:34,13,Retarde,168,56.3
J004980,2026-01-20,T030,G07,G05,19:36,19:36,0,A l'heure,87,17.3
J004981,2026-02-12,T035,G09,G04,16:21,16:21,0,A l'heure,151,27.5
J004982,2025-09-23,T020,G04,G07,12:42,13:00,18,Retarde,360,43.93
J004983,2026-03-25,T034,G08,G11,13:06,13:11,5,Retarde,111,25.01
J004984,2025-12-02,T021,G14,G11,17:36,17:49,13,Retarde,333,34.21
J004985,2026-03-31,T025,G05,G10,16:15,17:29,74,Fortement retarde,214,46.21
J004986,2026-01-25,T011,G09,G11,09:36,09:36,0,A l'heure,333,100.17
J004987,2026-01-15,T021,G13,G01,11:18,11:18,0,A l'heure,463,35.74
J004988,2026-06-17,T014,G01,G12,18:45,18:45,0,A l'heure,328,71.13
J004989,2026-01-31,T019,G02,G06,13:15,13:39,24,Retarde,437,30.64
J004990,2026-04-07,T021,G12,G02,07:54,07:54,0,A l'heure,199,30.62
J004991,2026-01-20,T015,G14,G03,09:36,09:36,0,A l'heure,348,28.23
J004992,2026-07-05,T020,G10,G03,16:54,16:59,5,Retarde,366,28.68
J004993,2025-12-25,T038,G15,G02,21:21,21:23,2,Retarde,205,19.42
J004994,2026-02-14,T011,G15,G07,21:54,21:55,1,Retarde,323,60.49
J004995,2025-11-22,T020,G08,G06,07:48,07:50,2,Retarde,590,42.06
J004996,2025-10-21,T012,G05,G14,05:21,05:33,12,Retarde,237,95.09
J004997,2025-11-06,T005,G04,G14,07:15,07:26,11,Retarde,263,56.44
J004998,2026-07-04,T008,G12,G13,21:24,21:46,22,Retarde,434,91.32
J004999,2025-09-03,T003,G10,G04,06:12,06:12,0,A l'heure,295,78.01
J005000,2026-06-18,T032,G06,G02,20:42,20:42,0,A l'heure,116,21.61
J005001,2026-03-04,T004,G13,G12,18:06,18:14,8,Retarde,253,64.83
J005002,2026-05-16,T022,G14,G07,17:42,17:57,15,Retarde,349,48.53
J005003,2026-01-25,T011,G11,G08,08:06,08:06,0,A l'heure,498,91.17
J005004,2025-10-11,T035,G07,G15,10:48,10:48,0,A l'heure,158,26.2
J005005,2025-09-25,T029,G13,G05,11:36,11:36,0,A l'heure,71,22.32
J005006,2026-06-18,T011,G06,G04,05:42,05:42,0,A l'heure,296,63.06
J005007,2026-05-30,T038,G02,G12,09:54,09:54,0,A l'heure,149,32.52
J005008,2026-06-20,T003,G06,G01,20:48,20:48,0,A l'heure,391,98.18
J005009,2026-03-31,T032,G10,G09,14:45,14:45,0,A l'heure,118,27.63
J005010,2026-01-22,T009,G05,G01,20:54,20:54,0,A l'heure,168,60.75
J005011,2026-07-26,T019,G13,G10,21:06,21:06,0,A l'heure,378,40.23
J005012,2025-11-17,T013,G14,G11,20:12,20:12,0,A l'heure,240,53.73
J005013,2026-05-15,T025,G13,G14,07:48,07:48,0,A l'heure,199,42.37
J005014,2025-10-24,T003,G11,G15,12:36,12:36,0,A l'heure,266,58.33
J005015,2026-07-27,T020,G02,G08,12:42,13:42,60,Fortement retarde,390,42.11
J005016,2026-02-13,T027,G13,G03,19:36,19:36,0,A l'heure,194,32.85
J005017,2026-06-22,T027,G06,G08,05:00,05:00,0,A l'heure,186,31.34
J005018,2026-06-29,T031,G04,G14,17:45,17:49,4,Retarde,180,26.42
J005019,2025-09-24,T024,G05,G07,15:06,15:07,1,Retarde,174,30.47
J005020,2026-01-12,T026,G07,G05,20:21,20:21,0,A l'heure,211,30.42
J005021,2026-01-15,T026,G07,G12,14:12,14:12,0,A l'heure,141,54.38
J005022,2026-06-16,T010,G09,G06,11:48,11:48,0,A l'heure,338,81.16
J005023,2026-08-24,T019,G08,G09,06:12,06:12,0,A l'heure,438,22.95
J005024,2025-11-17,T037,G01,G14,09:54,09:54,0,A l'heure,121,17.29
J005025,2026-07-26,T009,G02,G06,19:48,19:48,0,A l'heure,344,119.44
J005026,2025-12-27,T004,G11,G06,15:54,16:19,25,Retarde,308,92.03
J005027,2026-02-01,T025,G06,G09,19:42,19:51,9,Retarde,214,62.08
J005028,2025-12-02,T028,G09,G06,20:00,20:00,0,A l'heure,245,42.04
J005029,2026-03-11,T008,G08,G10,20:15,20:15,0,A l'heure,190,78.94
J005030,2026-01-26,T036,G06,G07,11:48,11:48,0,A l'heure,107,17.03
J005031,2026-08-18,T014,G13,G12,18:15,18:15,0,A l'heure,257,86.54
J005032,2026-04-02,T021,G07,G12,16:45,16:45,0,A l'heure,313,34.49
J005033,2026-07-12,T039,G06,G14,20:30,20:41,11,Retarde,146,29.5
J005034,2026-07-13,T012,G15,G08,16:48,16:48,0,A l'heure,297,55.67
J005035,2026-04-10,T022,G04,G09,19:06,19:27,21,Retarde,380,26.16
J005036,2026-02-12,T015,G03,G11,12:00,12:00,0,A l'heure,267,34.64
J005037,2026-08-10,T008,G04,G12,19:06,19:06,0,A l'heure,297,89.09
J005038,2025-10-19,T035,G15,G12,13:21,13:21,0,A l'heure,197,24.83
J005039,2026-05-15,T022,G02,G08,22:15,22:28,13,Retarde,165,36.28
J005040,2026-05-01,T039,G01,G05,19:42,19:42,0,A l'heure,121,22.29
J005041,2026-05-04,T039,G04,G03,22:12,22:12,0,A l'heure,117,28.35
J005042,2025-12-21,T014,G07,G08,10:48,10:48,0,A l'heure,488,60.08
J005043,2025-10-02,T010,G15,G05,17:00,17:07,7,Retarde,168,54.35
J005044,2026-05-20,T030,G11,G01,12:54,12:54,0,A l'heure,137,24.76
J005045,2026-02-17,T022,G14,G06,17:30,17:30,0,A l'heure,467,33.04
J005046,2025-12-29,T023,G10,G05,18:12,18:12,0,A l'heure,208,53.5
J005047,2026-04-15,T013,G08,G02,19:42,19:52,10,Retarde,194,102.12
J005048,2025-12-07,T010,G02,G13,07:45,07:45,0,A l'heure,444,107.59
J005049,2025-10-14,T035,G12,G01,09:18,09:21,3,Retarde,136,15.93
J005050,2025-10-12,T011,G14,G13,14:21,14:21,0,A l'heure,373,74.21
J005051,2026-06-23,T037,G12,G08,11:42,11:47,5,Retarde,165,18.09
J005052,2026-04-27,T016,G07,G05,13:54,13:54,0,A l'heure,437,35.98
J005053,2026-02-15,T039,G01,G12,09:12,09:15,3,Retarde,150,32.06
J005054,2025-12-28,T011,G02,G05,10:45,10:45,0,A l'heure,372,75.94
J005055,2026-07-11,T010,G14,G07,07:18,07:19,1,Retarde,401,111.55
J005056,2026-08-13,T030,G06,G02,09:18,09:18,0,A l'heure,119,22.83
J005057,2026-08-28,T008,G03,G13,17:48,17:48,0,A l'heure,352,101.22
J005058,2026-07-21,T008,G10,G15,22:18,22:56,38,Retarde,226,72.62
J005059,2025-10-20,T030,G08,G05,19:12,19:12,0,A l'heure,116,15.71
J005060,2026-07-08,T019,G03,G09,18:54,19:18,24,Retarde,438,37.58
J005061,2026-08-16,T002,G15,G10,14:36,14:36,0,A l'heure,380,84.94
J005062,2025-11-30,T006,G08,G03,13:21,13:33,12,Retarde,295,76.74
J005063,2026-06-22,T035,G03,G06,09:21,09:21,0,A l'heure,179,15.25
J005064,2026-06-13,T009,G14,G15,19:30,19:35,5,Retarde,380,80.39
J005065,2025-10-25,T014,G08,G15,13:06,13:11,5,Retarde,342,114.04
J005066,2025-09-11,T012,G03,G07,21:48,21:48,0,A l'heure,318,56.94
J005067,2026-02-07,T024,G09,G02,13:54,14:16,22,Retarde,348,58.6
J005068,2025-11-27,T022,G06,G08,20:24,20:24,0,A l'heure,366,38.25
J005069,2025-09-06,T002,G10,G13,15:21,15:21,0,A l'heure,308,106.52
J005070,2025-10-11,T020,G15,G01,07:48,07:48,0,A l'heure,634,41.0
J005071,2026-05-06,T040,G15,G14,07:18,07:18,0,A l'heure,134,19.77
J005072,2026-08-02,T018,G04,G01,12:15,12:15,0,A l'heure,408,30.23
J005073,2026-01-11,T014,G06,G04,07:30,07:30,0,A l'heure,350,108.7
J005074,2026-02-23,T033,G05,G08,07:54,07:54,0,A l'heure,113,16.42
J005075,2026-05-18,T037,G12,G05,21:12,21:12,0,A l'heure,107,18.05
J005076,2025-12-27,T007,G07,G08,15:12,15:22,10,Retarde,340,106.31
J005077,2025-12-05,T009,G07,G09,16:36,16:36,0,A l'heure,266,69.42
J005078,2025-10-21,T016,G10,G12,05:30,05:31,1,Retarde,355,38.42
J005079,2026-07-12,T035,G06,G11,08:48,08:48,0,A l'heure,143,29.24
J005080,2025-11-28,T021,G03,G10,20:45,20:45,0,A l'heure,241,26.2
J005081,2026-05-25,T014,G03,G05,21:21,21:21,0,A l'heure,264,86.86
J005082,2026-07-04,T014,G02,G06,18:54,19:08,14,Retarde,399,108.2
J005083,2026-08-22,T008,G11,G03,18:06,18:06,0,A l'heure,271,90.16
J005084,2026-05-02,T033,G05,G06,20:54,20:54,0,A l'heure,150,19.73
J005085,2025-12-15,T006,G13,G03,17:54,17:54,0,A l'heure,301,102.7
J005086,2026-06-21,T032,G10,G01,17:54,17:54,0,A l'heure,90,18.57
J005087,2026-06-24,T030,G07,G09,15:12,15:12,0,A l'heure,164,20.34
J005088,2026-08-24,T027,G13,G06,22:21,22:26,5,Retarde,187,45.21
J005089,2026-03-27,T031,G10,G05,20:15,20:15,0,A l'heure,121,23.55
J005090,2025-11-30,T010,G09,G15,07:12,07:12,0,A l'heure,379,79.34
J005091,2025-11-14,T039,G03,G07,07:42,07:52,10,Retarde,113,18.6
J005092,2025-10-10,T008,G01,G13,22:00,22:05,5,Retarde,202,84.19
J005093,2025-09-22,T012,G01,G03,14:18,14:18,0,A l'heure,347,77.46
J005094,2026-03-20,T028,G02,G12,08:18,08:18,0,A l'heure,277,32.82
J005095,2026-06-03,T008,G05,G10,21:15,21:15,0,A l'heure,325,74.75
J005096,2026-07-19,T030,G04,G14,17:36,17:36,0,A l'heure,100,22.99
J005097,2026-03-01,T002,G04,G15,10:48,10:48,0,A l'heure,283,109.9
J005098,2026-03-10,T013,G04,G07,05:36,05:36,0,A l'heure,279,93.88
J005099,2025-10-21,T020,G14,G07,15:54,15:55,1,Retarde,459,36.2
J005100,2026-06-09,T002,G09,G06,13:21,13:21,0,A l'heure,176,53.33
J005101,2026-01-28,T019,G12,G11,21:45,21:45,0,A l'heure,342,33.68
J005102,2025-10-29,T028,G11,G03,10:24,10:24,0,A l'heure,216,39.04
J005103,2025-12-31,T039,G03,G08,17:00,17:00,0,A l'heure,183,27.93
J005104,2026-07-19,T026,G01,G02,10:45,11:00,15,Retarde,265,64.12
J005105,2026-06-20,T002,G02,G08,08:21,08:21,0,A l'heure,279,98.86
J005106,2026-06-01,T010,G01,G03,15:36,15:36,0,A l'heure,358,100.26
J005107,2026-02-01,T026,G02,G01,14:18,14:18,0,A l'heure,252,47.28
J005108,2026-07-07,T033,G05,G06,11:30,11:34,4,Retarde,115,27.16
J005109,2026-02-26,T034,G02,G12,15:42,15:42,0,A l'heure,116,23.61
J005110,2025-12-28,T003,G04,G09,11:36,,0,Annule,415,91.37
J005111,2026-06-12,T017,G03,G11,08:18,08:27,9,Retarde,256,39.3
J005112,2025-09-20,T023,G14,G01,15:24,15:46,22,Retarde,210,56.35
J005113,2026-08-05,T022,G14,G09,07:21,07:22,1,Retarde,293,31.42
J005114,2026-01-09,T038,G13,G10,06:24,06:25,1,Retarde,145,22.77
J005115,2025-12-22,T038,G04,G05,11:30,11:30,0,A l'heure,136,20.84
J005116,2026-03-29,T040,G01,G08,14:36,14:36,0,A l'heure,152,20.92
J005117,2026-05-29,T019,G02,G10,07:30,07:30,0,A l'heure,491,32.26
J005118,2025-12-25,T028,G08,G01,05:42,05:55,13,Retarde,220,52.97
J005119,2026-03-31,T040,G04,G07,17:48,17:50,2,Retarde,112,22.23
J005120,2026-07-06,T033,G04,G06,21:18,21:18,0,A l'heure,119,28.34
J005121,2026-06-27,T032,G08,G01,13:36,13:37,1,Retarde,106,29.1
J005122,2026-05-27,T027,G12,G08,18:18,18:55,37,Retarde,251,38.34
J005123,2025-11-16,T032,G12,G05,19:24,19:24,0,A l'heure,148,30.51
J005124,2025-11-15,T018,G01,G03,07:42,07:42,0,A l'heure,406,39.38
J005125,2025-10-22,T013,G03,G12,19:45,19:47,2,Retarde,328,92.14
J005126,2025-09-14,T022,G11,G14,06:36,06:36,0,A l'heure,331,49.19
J005127,2025-11-08,T027,G15,G08,12:18,12:18,0,A l'heure,300,46.24
J005128,2026-05-24,T012,G12,G09,21:30,21:30,0,A l'heure,485,84.09
J005129,2026-05-02,T005,G06,G10,16:54,16:57,3,Retarde,427,75.01
J005130,2026-06-18,T028,G10,G06,05:42,05:42,0,A l'heure,275,54.28
J005131,2026-02-24,T016,G02,G07,18:36,18:36,0,A l'heure,443,42.36
J005132,2025-09-27,T028,G04,G06,22:36,22:37,1,Retarde,286,62.62
J005133,2025-10-30,T030,G06,G07,08:15,08:15,0,A l'heure,166,23.46
J005134,2026-07-17,T016,G03,G07,22:54,23:31,37,Retarde,419,39.72
J005135,2026-07-15,T033,G14,G02,09:30,09:30,0,A l'heure,113,23.18
J005136,2026-07-21,T037,G05,G01,05:54,05:54,0,A l'heure,169,14.85
J005137,2026-04-24,T011,G12,G10,13:36,13:39,3,Retarde,292,80.16
J005138,2025-10-30,T002,G03,G02,15:06,15:06,0,A l'heure,125,94.71
J005139,2026-06-08,T005,G11,G13,21:12,21:12,0,A l'heure,415,84.28
J005140,2025-09-05,T036,G15,G12,19:30,19:30,0,A l'heure,150,16.69
J005141,2026-02-05,T015,G02,G05,17:30,17:52,22,Retarde,457,31.64
J005142,2025-10-21,T021,G05,G02,21:24,21:24,0,A l'heure,281,22.67
J005143,2026-04-23,T001,G15,G08,14:00,14:18,18,Retarde,222,72.62
J005144,2025-11-06,T014,G15,G05,11:45,11:47,2,Retarde,311,75.68
J005145,2026-02-19,T006,G14,G10,10:48,10:48,0,A l'heure,146,87.17
J005146,2026-07-23,T032,G10,G04,10:30,10:31,1,Retarde,96,18.61
J005147,2025-12-21,T040,G07,G03,15:42,15:42,0,A l'heure,107,22.02
J005148,2025-09-26,T031,G14,G01,07:48,07:48,0,A l'heure,107,17.04
J005149,2026-05-12,T016,G07,G13,09:48,09:48,0,A l'heure,334,34.48
J005150,2026-07-03,T001,G08,G09,09:42,09:42,0,A l'heure,146,86.66
J005151,2026-01-23,T027,G07,G03,08:48,08:48,0,A l'heure,188,49.17
J005152,2025-09-10,T033,G09,G07,12:00,12:00,0,A l'heure,135,17.11
J005153,2026-05-06,T015,G08,G15,15:18,15:24,6,Retarde,325,39.89
J005154,2025-10-10,T001,G09,G05,14:06,14:06,0,A l'heure,271,66.96
J005155,2025-12-25,T026,G01,G10,15:54,16:09,15,Retarde,350,47.87
J005156,2026-06-16,T035,G08,G11,16:12,16:12,0,A l'heure,147,24.88
J005157,2025-09-07,T006,G05,G14,05:30,05:30,0,A l'heure,300,110.32
J005158,2026-06-29,T003,G02,G10,06:21,06:21,0,A l'heure,348,71.25
J005159,2026-03-26,T024,G05,G11,22:12,22:12,0,A l'heure,197,54.55
J005160,2026-02-23,T023,G02,G06,17:36,17:40,4,Retarde,194,38.22
J005161,2026-04-07,T001,G10,G06,17:54,17:54,0,A l'heure,226,89.61
J005162,2026-02-18,T026,G07,G09,11:36,11:40,4,Retarde,231,55.17
J005163,2025-09-07,T030,G05,G14,16:15,16:15,0,A l'heure,148,18.86
J005164,2026-08-15,T030,G05,G12,18:06,18:06,0,A l'heure,192,32.03
J005165,2026-06-06,T018,G14,G08,22:48,22:48,0,A l'heure,403,46.35
J005166,2026-06-27,T028,G06,G02,09:18,09:18,0,A l'heure,225,48.07
J005167,2026-01-28,T037,G13,G03,18:00,18:04,4,Retarde,160,28.02
J005168,2026-08-21,T012,G09,G11,13:42,13:42,0,A l'heure,383,83.38
J005169,2025-10-04,T031,G05,G07,15:24,15:24,0,A l'heure,80,27.41
J005170,2026-08-28,T019,G11,G12,07:45,07:46,1,Retarde,463,33.78
J005171,2025-09-03,T017,G11,G01,09:54,09:54,0,A l'heure,193,31.55
J005172,2026-08-28,T018,G08,G02,06:24,06:24,0,A l'heure,343,37.47
J005173,2025-09-21,T011,G11,G09,16:45,16:46,1,Retarde,355,111.29
J005174,2025-10-08,T007,G12,G06,16:42,16:42,0,A l'heure,295,68.53
J005175,2026-07-28,T007,G09,G03,14:06,14:06,0,A l'heure,207,55.57
J005176,2025-11-11,T031,G01,G06,10:24,10:24,0,A l'heure,190,27.09
J005177,2026-02-08,T015,G13,G11,20:12,20:17,5,Retarde,401,48.12
J005178,2026-08-07,T014,G11,G06,15:18,15:18,0,A l'heure,126,102.06
J005179,2026-05-25,T025,G15,G04,10:42,10:42,0,A l'heure,179,38.42
J005180,2026-01-11,T001,G02,G11,20:45,20:45,0,A l'heure,432,91.91
J005181,2026-08-12,T029,G04,G13,11:06,11:06,0,A l'heure,153,27.89
J005182,2026-05-09,T027,G08,G11,08:45,08:45,0,A l'heure,349,41.74
J005183,2026-02-20,T026,G06,G09,10:15,10:39,24,Retarde,198,48.39
J005184,2026-01-12,T011,G12,G07,11:30,12:06,36,Retarde,412,92.54
J005185,2026-07-10,T010,G06,G04,07:48,07:48,0,A l'heure,199,96.73
J005186,2026-04-24,T003,G12,G05,07:00,07:00,0,A l'heure,193,57.86
J005187,2026-01-05,T003,G02,G06,15:00,15:16,16,Retarde,328,88.38
J005188,2026-01-30,T034,G05,G08,14:06,14:06,0,A l'heure,110,27.67
J005189,2026-05-19,T011,G11,G01,14:00,14:03,3,Retarde,257,59.66
J005190,2025-09-13,T020,G01,G09,11:18,11:18,0,A l'heure,474,26.03
J005191,2025-10-04,T030,G01,G14,17:45,17:45,0,A l'heure,139,23.66
J005192,2026-07-21,T015,G14,G12,21:12,21:12,0,A l'heure,326,31.81
J005193,2025-10-20,T036,G14,G15,20:21,20:41,20,Retarde,101,22.4
J005194,2026-08-05,T009,G13,G03,20:30,20:30,0,A l'heure,241,79.53
J005195,2026-03-23,T025,G10,G13,07:18,07:18,0,A l'heure,148,31.08
J005196,2026-04-29,T013,G06,G07,08:30,08:30,0,A l'heure,289,59.81
J005197,2025-12-18,T014,G12,G01,19:12,19:14,2,Retarde,227,65.66
J005198,2026-01-03,T014,G02,G14,08:06,08:07,1,Retarde,411,97.98
J005199,2026-03-14,T034,G05,G09,06:36,06:36,0,A l'heure,180,21.98
J005200,2026-05-18,T023,G09,G11,20:30,20:59,29,Retarde,210,54.91
J005201,2026-05-23,T008,G02,G06,12:45,13:04,19,Retarde,357,114.01
J005202,2026-02-10,T038,G01,G05,15:48,15:48,0,A l'heure,140,26.34
J005203,2026-05-25,T033,G13,G10,14:21,14:21,0,A l'heure,189,16.14
J005204,2026-01-08,T036,G09,G01,06:00,06:00,0,A l'heure,176,28.78
J005205,2025-11-11,T039,G11,G07,15:36,15:38,2,Retarde,116,14.55
J005206,2025-10-14,T031,G06,G04,10:06,10:06,0,A l'heure,114,22.14
J005207,2026-07-19,T037,G08,G11,21:36,21:36,0,A l'heure,131,18.55
J005208,2026-08-03,T028,G03,G13,06:00,06:00,0,A l'heure,182,60.01
J005209,2026-01-24,T018,G07,G03,09:42,10:01,19,Retarde,432,29.16
J005210,2026-07-28,T030,G14,G07,12:45,12:45,0,A l'heure,75,25.95
J005211,2026-08-19,T040,G13,G01,05:36,05:44,8,Retarde,74,17.45
J005212,2026-01-11,T029,G06,G12,08:30,08:30,0,A l'heure,154,31.69
J005213,2026-01-08,T038,G05,G06,11:18,11:18,0,A l'heure,143,25.36
J005214,2026-01-08,T021,G13,G12,18:12,18:35,23,Retarde,298,30.25
J005215,2025-12-16,T002,G13,G06,21:30,21:30,0,A l'heure,216,87.65
J005216,2026-06-23,T017,G06,G10,16:00,16:44,44,Retarde,361,33.3
J005217,2026-08-10,T031,G06,G15,06:42,07:10,28,Retarde,131,24.71
J005218,2026-06-14,T031,G01,G13,14:15,14:15,0,A l'heure,119,17.5
J005219,2025-11-04,T032,G13,G06,19:06,19:06,0,A l'heure,126,18.13
J005220,2026-04-08,T018,G05,G14,07:06,07:20,14,Retarde,428,36.16
J005221,2026-05-10,T020,G04,G08,18:54,18:54,0,A l'heure,281,40.0
J005222,2026-05-30,T033,G05,G03,16:36,16:36,0,A l'heure,131,28.3
J005223,2025-10-12,T008,G05,G15,20:00,20:00,0,A l'heure,278,73.4
J005224,2025-09-04,T001,G13,G09,16:06,16:06,0,A l'heure,363,85.28
J005225,2026-06-14,T004,G02,G04,10:21,10:21,0,A l'heure,373,97.61
J005226,2026-03-21,T004,G09,G15,21:18,21:18,0,A l'heure,409,80.65
J005227,2026-06-01,T023,G08,G13,15:21,15:21,0,A l'heure,214,31.33
J005228,2026-08-28,T028,G13,G11,12:18,12:18,0,A l'heure,215,52.03
J005229,2026-05-18,T015,G12,G05,09:15,09:15,0,A l'heure,443,42.44
J005230,2025-10-08,T005,G15,G08,08:45,08:45,0,A l'heure,203,85.82
J005231,2026-04-28,T032,G03,G08,15:36,15:36,0,A l'heure,147,24.65
J005232,2025-09-07,T017,G05,G06,20:36,20:36,0,A l'heure,527,41.16
J005233,2026-07-11,T007,G07,G01,16:48,16:48,0,A l'heure,245,68.84
J005234,2026-02-19,T003,G10,G02,07:42,07:42,0,A l'heure,338,80.57
J005235,2026-03-11,T009,G15,G09,07:15,07:16,1,Retarde,226,92.97
J005236,2026-06-16,T022,G13,G03,20:21,20:53,32,Retarde,530,43.3
J005237,2025-10-03,T023,G01,G14,16:00,16:08,8,Retarde,150,32.32
J005238,2025-11-13,T032,G12,G07,13:42,13:42,0,A l'heure,92,26.46
J005239,2025-10-15,T018,G01,G05,08:06,08:32,26,Retarde,363,24.18
J005240,2026-01-14,T008,G02,G03,12:48,12:48,0,A l'heure,349,83.78
J005241,2026-01-14,T010,G11,G08,18:48,18:50,2,Retarde,311,72.27
J005242,2025-09-30,T011,G02,G08,10:06,10:06,0,A l'heure,352,100.62
J005243,2025-10-12,T008,G09,G07,10:54,10:59,5,Retarde,427,82.84
J005244,2026-05-07,T030,G02,G12,09:06,09:06,0,A l'heure,131,17.05
J005245,2026-08-25,T012,G10,G12,10:15,10:15,0,A l'heure,276,96.27
J005246,2025-12-03,T034,G11,G02,22:18,22:18,0,A l'heure,140,23.24
J005247,2026-04-19,T034,G02,G08,10:24,10:24,0,A l'heure,176,26.37
J005248,2025-09-16,T023,G07,G02,06:30,06:30,0,A l'heure,175,35.87
J005249,2026-08-21,T006,G06,G09,21:00,21:00,0,A l'heure,298,66.97
J005250,2026-01-05,T032,G10,G09,18:06,18:13,7,Retarde,108,26.57
J005251,2026-08-12,T028,G10,G14,19:42,20:01,19,Retarde,184,60.27
J005252,2026-03-07,T022,G08,G04,21:45,21:55,10,Retarde,634,34.81
J005253,2025-12-28,T039,G01,G12,17:30,17:30,0,A l'heure,202,27.83
J005254,2025-10-17,T031,G12,G15,05:45,05:45,0,A l'heure,134,28.48
J005255,2026-05-06,T002,G05,G15,22:00,22:00,0,A l'heure,248,52.68
J005256,2025-11-05,T031,G14,G12,18:45,18:45,0,A l'heure,94,14.91
J005257,2026-06-22,T005,G12,G11,06:12,06:24,12,Retarde,286,78.61
J005258,2026-07-23,T028,G13,G09,18:18,18:18,0,A l'heure,182,54.13
J005259,2026-01-16,T021,G04,G01,08:36,08:42,6,Retarde,348,28.82
J005260,2025-09-14,T001,G11,G06,20:15,20:15,0,A l'heure,383,88.63
J005261,2026-07-19,T015,G13,G04,10:21,10:21,0,A l'heure,478,33.04
J005262,2026-01-08,T026,G10,G07,19:24,19:31,7,Retarde,165,30.48
J005263,2026-08-21,T013,G09,G13,20:30,20:30,0,A l'heure,262,52.34
J005264,2026-01-01,T027,G02,G01,18:48,20:17,89,Fortement retarde,178,54.55
J005265,2026-01-26,T033,G03,G12,15:12,15:12,0,A l'heure,157,20.51
J005266,2026-05-29,T012,G04,G11,14:12,14:43,31,Retarde,340,74.67
J005267,2026-07-29,T018,G04,G14,06:45,06:45,0,A l'heure,495,44.34
J005268,2026-07-31,T006,G08,G01,09:45,10:15,30,Retarde,254,76.91
J005269,2026-02-10,T012,G07,G06,13:36,13:40,4,Retarde,261,86.58
J005270,2026-08-17,T002,G05,G07,05:36,05:36,0,A l'heure,248,100.22
J005271,2026-08-27,T009,G08,G01,10:36,10:37,1,Retarde,229,77.69
J005272,2026-02-01,T003,G02,G10,12:24,12:24,0,A l'heure,441,113.72
J005273,2026-05-19,T032,G13,G03,19:42,19:44,2,Retarde,90,26.91
J005274,2026-07-07,T024,G01,G08,18:36,18:36,0,A l'heure,201,56.21
J005275,2026-01-06,T004,G13,G06,20:00,20:40,40,Retarde,237,83.23
J005276,2026-04-05,T030,G07,G03,12:42,12:42,0,A l'heure,201,31.44
J005277,2026-06-26,T036,G09,G10,13:18,13:18,0,A l'heure,146,28.77
J005278,2026-01-28,T033,G14,G02,10:45,10:47,2,Retarde,130,15.51
J005279,2026-05-30,T009,G12,G13,13:15,13:23,8,Retarde,354,63.08
J005280,2025-11-21,T013,G06,G08,15:15,15:15,0,A l'heure,267,81.41
J005281,2026-02-24,T002,G09,G11,08:36,08:37,1,Retarde,361,56.04
J005282,2026-06-08,T035,G11,G06,05:54,05:54,0,A l'heure,60,20.22
J005283,2026-05-11,T022,G14,G11,21:30,21:30,0,A l'heure,400,34.29
J005284,2026-04-17,T036,G07,G08,10:24,10:37,13,Retarde,157,18.77
J005285,2026-06-01,T004,G04,G06,06:24,06:26,2,Retarde,109,54.36
J005286,2026-02-09,T009,G12,G04,19:48,19:48,0,A l'heure,339,54.6
J005287,2026-02-28,T032,G11,G12,05:06,05:06,0,A l'heure,99,18.37
J005288,2026-06-17,T027,G01,G08,13:48,13:48,0,A l'heure,156,48.87
J005289,2026-05-23,T010,G02,G05,11:18,11:29,11,Retarde,344,113.36
J005290,2025-11-27,T025,G11,G13,15:45,15:47,2,Retarde,263,48.71
J005291,2025-12-24,T010,G15,G13,05:18,05:21,3,Retarde,294,94.43
J005292,2025-12-09,T035,G10,G05,19:15,19:15,0,A l'heure,124,26.17
J005293,2026-07-01,T011,G13,G02,20:48,21:10,22,Retarde,263,68.04
J005294,2025-12-19,T040,G08,G04,06:36,06:36,0,A l'heure,189,25.2
J005295,2026-04-26,T014,G11,G05,05:21,05:21,0,A l'heure,397,118.43
J005296,2025-09-27,T021,G05,G10,12:45,12:45,0,A l'heure,409,27.35
J005297,2025-11-17,T020,G15,G11,20:42,20:42,0,A l'heure,195,40.17
J005298,2026-02-26,T028,G11,G06,17:15,17:19,4,Retarde,235,52.95
J005299,2026-04-28,T010,G15,G02,13:12,13:12,0,A l'heure,237,83.95
J005300,2025-09-16,T038,G04,G05,08:48,09:06,18,Retarde,157,19.39
J005301,2026-05-31,T033,G13,G11,11:42,11:42,0,A l'heure,125,28.24
J005302,2025-10-28,T011,G06,G05,06:48,06:50,2,Retarde,255,56.79
J005303,2026-05-06,T011,G07,G14,19:24,19:24,0,A l'heure,223,72.14
J005304,2026-02-16,T027,G07,G15,20:30,20:30,0,A l'heure,222,49.51
J005305,2026-06-19,T038,G05,G04,14:48,14:48,0,A l'heure,168,24.31
J005306,2026-05-18,T030,G15,G12,08:00,08:00,0,A l'heure,126,15.0
J005307,2026-04-07,T030,G04,G10,10:48,10:48,0,A l'heure,99,28.02
J005308,2026-04-29,T013,G09,G12,18:00,18:22,22,Retarde,305,79.26
J005309,2026-07-28,T039,G05,G12,08:21,08:21,0,A l'heure,71,22.84
J005310,2026-08-04,T025,G15,G03,05:18,05:18,0,A l'heure,238,46.95
J005311,2025-09-11,T003,G10,G08,20:48,20:48,0,A l'heure,480,103.63
J005312,2025-11-06,T019,G01,G05,08:54,08:54,0,A l'heure,435,29.92
J005313,2026-08-01,T039,G02,G15,22:15,22:15,0,A l'heure,151,29.7
J005314,2026-05-17,T018,G12,G14,19:18,19:18,0,A l'heure,634,36.67
J005315,2025-11-26,T037,G07,G01,17:54,18:03,9,Retarde,95,21.37
J005316,2025-12-01,T031,G09,G10,07:42,07:42,0,A l'heure,145,23.52
J005317,2026-04-12,T018,G01,G02,12:06,12:06,0,A l'heure,598,42.98
J005318,2026-06-06,T015,G11,G02,05:36,05:36,0,A l'heure,423,30.78
J005319,2026-05-07,T036,G09,G06,16:54,17:00,6,Retarde,113,26.33
J005320,2026-03-31,T009,G06,G07,08:42,08:42,0,A l'heure,464,59.28
J005321,2026-03-09,T022,G05,G03,06:00,06:00,0,A l'heure,242,37.65
J005322,2026-06-27,T009,G06,G12,14:21,14:21,0,A l'heure,334,83.92
J005323,2026-04-29,T008,G07,G06,14:48,14:48,0,A l'heure,304,70.32
J005324,2026-01-15,T012,G08,G05,05:54,05:54,0,A l'heure,300,72.87
J005325,2026-05-31,T039,G13,G01,07:00,07:00,0,A l'heure,160,26.63
J005326,2026-07-08,T033,G06,G11,20:12,20:12,0,A l'heure,143,20.95
J005327,2025-12-27,T007,G03,G11,22:48,23:01,13,Retarde,397,67.76
J005328,2026-07-25,T010,G01,G10,13:42,13:42,0,A l'heure,275,95.26
J005329,2026-07-03,T030,G08,G09,09:06,09:06,0,A l'heure,149,25.96
J005330,2025-12-10,T031,G14,G08,21:24,21:24,0,A l'heure,110,24.16
J005331,2025-10-16,T001,G13,G05,10:18,10:18,0,A l'heure,107,90.35
J005332,2026-06-18,T025,G07,G09,13:15,13:19,4,Retarde,216,49.57
J005333,2026-04-22,T005,G07,G05,12:18,12:18,0,A l'heure,220,84.5
J005334,2026-05-21,T037,G13,G02,20:54,20:54,0,A l'heure,136,22.97
J005335,2025-10-14,T039,G03,G07,20:36,20:36,0,A l'heure,106,19.24
J005336,2026-07-12,T009,G02,G14,06:21,06:21,0,A l'heure,283,107.08
J005337,2026-02-25,T031,G14,G05,14:45,14:46,1,Retarde,104,17.94
J005338,2026-07-10,T022,G13,G02,06:21,06:21,0,A l'heure,351,36.8
J005339,2026-02-05,T027,G08,G09,22:36,22:51,15,Retarde,236,31.1
J005340,2025-10-09,T016,G04,G12,10:36,10:36,0,A l'heure,406,42.94
J005341,2026-08-20,T019,G10,G03,19:42,19:42,0,A l'heure,345,24.63
J005342,2026-03-22,T005,G14,G13,09:24,09:24,0,A l'heure,319,115.34
J005343,2026-04-30,T037,G15,G08,08:00,08:03,3,Retarde,135,24.62
J005344,2026-07-27,T008,G03,G11,11:06,11:06,0,A l'heure,405,82.31
J005345,2026-02-08,T012,G04,G06,10:18,10:18,0,A l'heure,268,61.37
J005346,2026-05-23,T021,G10,G11,16:12,16:12,0,A l'heure,266,42.98
J005347,2025-09-15,T013,G11,G05,07:00,07:00,0,A l'heure,469,52.43
J005348,2026-08-04,T018,G07,G02,14:06,14:06,0,A l'heure,264,35.08
J005349,2026-06-24,T040,G01,G11,17:30,17:30,0,A l'heure,101,27.09
J005350,2026-02-09,T004,G09,G13,16:45,16:45,0,A l'heure,351,52.54
J005351,2026-03-03,T033,G08,G05,05:30,05:30,0,A l'heure,53,21.61
J005352,2026-07-17,T016,G06,G15,16:00,16:12,12,Retarde,250,42.11
J005353,2025-09-09,T023,G12,G06,08:30,08:30,0,A l'heure,275,60.58
J005354,2026-05-28,T025,G09,G01,09:30,09:30,0,A l'heure,242,36.53
J005355,2025-12-26,T034,G02,G07,10:36,10:36,0,A l'heure,74,26.57
J005356,2025-10-15,T017,G10,G11,12:30,12:30,0,A l'heure,431,26.33
J005357,2026-02-18,T012,G08,G14,11:48,11:48,0,A l'heure,264,80.05
J005358,2025-10-20,T014,G06,G11,19:24,19:29,5,Retarde,407,101.92
J005359,2026-03-11,T002,G09,G02,11:24,11:24,0,A l'heure,425,85.33
J005360,2025-09-29,T021,G01,G12,16:42,17:01,19,Retarde,401,31.42
J005361,2025-09-09,T031,G03,G14,19:54,19:54,0,A l'heure,131,16.44
J005362,2025-10-25,T009,G06,G01,22:42,,0,Annule,336,84.18
J005363,2025-09-09,T039,G08,G14,21:00,21:00,0,A l'heure,89,19.0
J005364,2025-10-12,T030,G01,G06,14:54,14:56,2,Retarde,157,19.14
J005365,2026-06-30,T033,G08,G01,10:06,10:07,1,Retarde,90,26.05
J005366,2025-11-13,T004,G05,G08,18:42,18:42,0,A l'heure,229,95.64
J005367,2026-02-24,T017,G06,G07,19:36,20:00,24,Retarde,210,42.75
J005368,2026-01-13,T030,G07,G02,16:12,16:18,6,Retarde,145,18.52
J005369,2025-09-22,T022,G12,G02,15:06,15:15,9,Retarde,239,43.91
J005370,2025-09-23,T032,G03,G10,16:12,16:12,0,A l'heure,85,18.83
J005371,2026-06-17,T032,G06,G02,14:54,14:54,0,A l'heure,81,25.34
J005372,2025-10-04,T012,G02,G03,16:06,16:06,0,A l'heure,441,62.07
J005373,2026-02-21,T010,G13,G07,19:45,19:48,3,Retarde,377,98.72
J005374,2026-01-01,T005,G12,G01,06:42,06:57,15,Retarde,375,103.12
J005375,2026-01-18,T039,G09,G12,16:21,16:21,0,A l'heure,129,23.89
J005376,2026-01-20,T034,G05,G03,16:21,16:23,2,Retarde,148,23.46
J005377,2025-11-14,T006,G12,G02,18:48,18:48,0,A l'heure,260,99.71
J005378,2025-11-06,T006,G13,G05,15:21,15:22,1,Retarde,392,80.24
J005379,2026-01-03,T025,G01,G04,21:21,21:21,0,A l'heure,251,44.3
J005380,2026-08-21,T008,G03,G12,09:00,09:00,0,A l'heure,287,65.87
J005381,2026-05-29,T031,G06,G12,19:30,19:30,0,A l'heure,95,20.61
J005382,2026-04-04,T027,G03,G11,17:12,17:12,0,A l'heure,284,38.07
J005383,2026-06-10,T026,G02,G10,12:15,12:15,0,A l'heure,254,54.47
J005384,2026-01-29,T012,G13,G08,05:54,05:54,0,A l'heure,283,59.2
J005385,2026-04-18,T006,G04,G10,20:42,20:42,0,A l'heure,341,110.82
J005386,2026-01-12,T005,G12,G10,13:24,13:24,0,A l'heure,330,64.39
J005387,2025-12-12,T017,G09,G04,16:12,16:16,4,Retarde,155,40.55
J005388,2025-11-01,T002,G12,G05,11:15,11:44,29,Retarde,510,66.55
J005389,2026-03-09,T027,G02,G05,17:30,17:31,1,Retarde,107,33.62
J005390,2025-11-26,T005,G06,G04,19:06,19:08,2,Retarde,168,59.23
J005391,2026-02-12,T028,G02,G06,12:15,12:16,1,Retarde,201,31.24
J005392,2025-10-27,T012,G03,G06,16:00,16:00,0,A l'heure,273,67.83
J005393,2026-08-19,T012,G13,G07,11:54,12:02,8,Retarde,306,72.52
J005394,2026-04-14,T020,G08,G07,07:36,07:36,0,A l'heure,406,36.26
J005395,2025-10-19,T003,G03,G09,13:30,13:30,0,A l'heure,344,62.67
J005396,2026-02-17,T037,G07,G01,16:54,16:54,0,A l'heure,137,17.16
J005397,2026-01-21,T016,G01,G13,21:18,21:18,0,A l'heure,192,36.03
J005398,2026-08-12,T040,G11,G05,06:18,06:18,0,A l'heure,148,28.17
J005399,2025-12-04,T035,G08,G10,08:42,08:49,7,Retarde,121,20.6
J005400,2026-07-09,T006,G13,G14,16:45,16:45,0,A l'heure,299,73.29
J005401,2026-02-16,T030,G02,G13,10:24,10:24,0,A l'heure,123,14.95
J005402,2026-07-24,T025,G02,G15,08:30,08:30,0,A l'heure,280,48.66
J005403,2025-09-07,T036,G06,G13,13:45,13:45,0,A l'heure,128,33.05
J005404,2026-07-03,T007,G15,G03,13:00,13:00,0,A l'heure,236,72.19
J005405,2025-10-20,T004,G15,G01,08:42,08:42,0,A l'heure,311,52.18
J005406,2025-09-22,T012,G08,G02,11:48,12:03,15,Retarde,280,60.98
J005407,2026-02-01,T001,G04,G15,14:48,14:57,9,Retarde,428,107.3
J005408,2025-10-06,T035,G07,G08,14:42,14:42,0,A l'heure,137,24.83
J005409,2026-08-30,T035,G05,G02,09:21,09:21,0,A l'heure,121,22.24
J005410,2026-04-02,T021,G09,G12,08:30,08:30,0,A l'heure,126,23.24
J005411,2026-03-12,T003,G02,G04,14:18,14:18,0,A l'heure,331,81.23
J005412,2026-03-15,T017,G15,G02,10:15,10:15,0,A l'heure,319,49.99
J005413,2026-02-25,T011,G04,G07,07:21,07:21,0,A l'heure,332,100.82
J005414,2026-05-30,T020,G02,G13,08:48,08:48,0,A l'heure,384,41.2
J005415,2026-07-21,T037,G10,G08,21:24,21:24,0,A l'heure,157,15.8
J005416,2026-01-24,T011,G03,G14,13:48,14:07,19,Retarde,261,74.41
J005417,2025-09-18,T038,G12,G09,15:00,15:00,0,A l'heure,112,25.02
J005418,2026-07-01,T025,G14,G15,05:06,05:06,0,A l'heure,218,54.79
J005419,2026-07-22,T025,G05,G12,16:06,16:21,15,Retarde,220,45.72
J005420,2026-05-10,T007,G03,G07,10:48,10:48,0,A l'heure,498,85.96
J005421,2025-10-15,T022,G10,G09,12:54,12:55,1,Retarde,464,44.51
J005422,2026-06-18,T021,G04,G02,06:21,06:21,0,A l'heure,435,31.73
J005423,2025-12-25,T026,G07,G08,06:00,06:00,0,A l'heure,231,48.16
J005424,2025-12-07,T029,G04,G02,17:06,17:06,0,A l'heure,154,21.66
J005425,2026-07-20,T015,G07,G04,09:12,09:12,0,A l'heure,329,41.53
J005426,2025-11-23,T016,G01,G14,07:21,07:21,0,A l'heure,506,43.69
J005427,2026-04-27,T019,G07,G10,13:18,13:18,0,A l'heure,278,29.27
J005428,2026-07-12,T040,G01,G11,06:54,06:54,0,A l'heure,193,29.38
J005429,2025-11-07,T038,G08,G05,20:45,20:45,0,A l'heure,127,22.43
J005430,2026-05-25,T025,G02,G15,09:42,09:42,0,A l'heure,220,45.07
J005431,2025-11-08,T013,G15,G13,16:18,16:18,0,A l'heure,335,86.94
J005432,2026-05-14,T005,G15,G09,19:45,19:52,7,Retarde,424,102.39
J005433,2026-02-12,T025,G14,G03,10:36,10:36,0,A l'heure,214,51.23
J005434,2025-12-24,T026,G07,G13,05:45,05:47,2,Retarde,152,33.95
J005435,2025-10-11,T040,G01,G12,16:18,16:18,0,A l'heure,220,27.46
J005436,2025-11-05,T032,G07,G08,06:21,06:21,0,A l'heure,136,26.07
J005437,2025-10-24,T024,G03,G07,17:12,17:43,31,Retarde,145,53.11
J005438,2026-01-28,T023,G05,G01,20:36,20:36,0,A l'heure,178,34.1
J005439,2025-09-07,T003,G07,G11,18:54,18:54,0,A l'heure,448,97.4
J005440,2026-02-25,T005,G13,G03,22:54,22:54,0,A l'heure,311,94.31
J005441,2026-04-05,T016,G03,G05,19:42,19:48,6,Retarde,416,28.9
J005442,2025-09-07,T024,G15,G08,18:24,18:50,26,Retarde,256,66.85
J005443,2026-08-05,T024,G03,G09,19:15,19:15,0,A l'heure,252,52.77
J005444,2026-01-22,T015,G06,G15,07:48,07:48,0,A l'heure,455,27.65
J005445,2026-03-06,T037,G07,G11,18:24,18:31,7,Retarde,118,16.3
J005446,2026-08-12,T005,G05,G11,19:12,19:12,0,A l'heure,341,82.3
J005447,2026-03-26,T036,G02,G03,20:18,20:18,0,A l'heure,98,17.14
J005448,2026-01-11,T037,G14,G09,09:30,09:30,0,A l'heure,158,20.74
J005449,2025-12-31,T029,G07,G10,09:24,09:26,2,Retarde,114,22.47
J005450,2026-06-16,T005,G01,G02,16:24,16:24,0,A l'heure,378,102.09
J005451,2025-11-02,T017,G05,G15,16:54,17:21,27,Retarde,293,44.41
J005452,2025-12-10,T033,G13,G07,21:15,21:15,0,A l'heure,117,15.43
J005453,2026-04-25,T021,G10,G11,07:30,07:30,0,A l'heure,493,45.36
J005454,2026-04-02,T031,G10,G13,18:00,18:00,0,A l'heure,160,28.1
J005455,2026-01-02,T025,G08,G12,17:00,17:00,0,A l'heure,151,52.84
J005456,2026-03-16,T038,G03,G11,17:18,17:18,0,A l'heure,101,24.95
J005457,2026-04-16,T003,G13,G02,11:45,11:45,0,A l'heure,177,58.94
J005458,2026-07-15,T002,G10,G04,20:54,21:04,10,Retarde,402,92.76
J005459,2026-01-12,T033,G10,G08,13:12,13:13,1,Retarde,163,17.63
J005460,2026-04-18,T029,G15,G14,15:30,15:33,3,Retarde,185,31.8
J005461,2025-11-05,T021,G04,G14,21:18,21:19,1,Retarde,419,26.85
J005462,2025-11-04,T032,G04,G05,18:42,18:42,0,A l'heure,136,23.15
J005463,2026-08-07,T026,G03,G02,22:54,22:54,0,A l'heure,163,31.31
J005464,2025-11-27,T014,G02,G07,09:42,09:42,0,A l'heure,452,61.15
J005465,2026-05-30,T016,G07,G14,22:21,22:23,2,Retarde,294,27.7
J005466,2025-12-26,T022,G08,G15,19:15,19:15,0,A l'heure,301,39.84
J005467,2026-07-23,T006,G03,G09,06:12,06:12,0,A l'heure,274,102.96
J005468,2025-09-24,T037,G14,G06,15:30,15:30,0,A l'heure,121,24.11
J005469,2026-01-04,T022,G08,G01,19:45,19:46,1,Retarde,564,42.9
J005470,2026-04-14,T038,G02,G05,09:12,09:12,0,A l'heure,143,18.05
J005471,2026-02-27,T030,G03,G08,07:00,07:00,0,A l'heure,124,22.79
J005472,2025-09-11,T013,G01,G11,16:18,16:18,0,A l'heure,353,94.99
J005473,2026-01-17,T010,G09,G04,12:48,13:04,16,Retarde,383,70.43
J005474,2026-05-24,T040,G06,G05,10:42,10:53,11,Retarde,191,28.77
J005475,2026-05-28,T002,G08,G14,22:36,22:36,0,A l'heure,330,54.87
J005476,2026-01-28,T039,G14,G02,08:30,08:30,0,A l'heure,132,27.26
J005477,2025-09-26,T013,G08,G10,06:30,06:42,12,Retarde,193,91.35
J005478,2025-09-27,T030,G12,G05,10:54,10:54,0,A l'heure,143,16.76
J005479,2026-07-20,T016,G08,G02,22:15,22:35,20,Retarde,253,36.77
J005480,2026-03-18,T003,G11,G13,07:15,07:15,0,A l'heure,280,56.93
J005481,2026-05-16,T034,G07,G13,10:45,10:45,0,A l'heure,148,18.8
J005482,2026-05-23,T005,G15,G11,09:21,09:21,0,A l'heure,344,85.86
J005483,2025-10-26,T016,G03,G12,14:45,14:45,0,A l'heure,451,26.3
J005484,2026-06-04,T004,G01,G06,18:18,18:18,0,A l'heure,302,99.52
J005485,2026-08-30,T019,G15,G01,09:30,09:30,0,A l'heure,507,49.21
J005486,2025-09-26,T034,G10,G04,17:42,17:42,0,A l'heure,175,17.65
J005487,2026-04-24,T034,G05,G13,14:21,14:21,0,A l'heure,119,27.62
J005488,2026-02-21,T022,G12,G08,16:00,16:00,0,A l'heure,326,30.73
J005489,2025-11-22,T003,G09,G02,14:36,14:36,0,A l'heure,310,60.37
J005490,2026-06-10,T014,G08,G11,14:18,14:18,0,A l'heure,308,82.67
J005491,2026-06-21,T014,G11,G08,09:00,09:00,0,A l'heure,360,71.7
J005492,2026-08-19,T010,G04,G12,06:12,06:12,0,A l'heure,381,97.8
J005493,2026-05-14,T018,G02,G14,18:48,18:59,11,Retarde,402,27.89
J005494,2025-09-08,T008,G08,G15,21:24,21:24,0,A l'heure,241,55.81
J005495,2026-08-08,T032,G11,G15,06:15,06:15,0,A l'heure,99,18.26
J005496,2025-11-26,T010,G07,G03,06:21,06:21,0,A l'heure,240,59.92
J005497,2025-10-19,T015,G04,G07,13:21,13:21,0,A l'heure,393,32.22
J005498,2025-11-01,T020,G14,G07,22:24,22:32,8,Retarde,415,34.41
J005499,2025-11-19,T005,G07,G02,16:36,16:40,4,Retarde,254,68.49
J005500,2026-02-13,T019,G03,G06,06:36,06:36,0,A l'heure,345,29.11
J005501,2026-07-15,T030,G05,G14,06:00,06:00,0,A l'heure,105,24.13
J005502,2025-09-16,T019,G10,G01,13:24,13:24,0,A l'heure,495,42.56
J005503,2025-12-02,T027,G12,G08,15:12,16:26,74,Fortement retarde,227,47.41
J005504,2025-11-17,T035,G05,G09,22:15,22:15,0,A l'heure,128,18.13
J005505,2026-01-03,T038,G05,G07,15:18,15:22,4,Retarde,131,27.98
J005506,2026-06-27,T025,G06,G15,18:18,18:18,0,A l'heure,248,39.73
J005507,2025-12-07,T001,G01,G13,12:12,12:12,0,A l'heure,409,99.47
J005508,2026-06-21,T013,G06,G15,09:21,09:21,0,A l'heure,413,115.69
J005509,2025-12-24,T019,G14,G12,05:24,05:55,31,Retarde,395,25.11
J005510,2025-12-06,T026,G08,G11,08:30,08:32,2,Retarde,172,53.49
J005511,2026-08-02,T032,G09,G13,20:21,20:21,0,A l'heure,135,19.33
J005512,2025-09-28,T033,G14,G08,15:06,15:06,0,A l'heure,124,21.86
J005513,2026-07-29,T034,G06,G04,08:12,08:12,0,A l'heure,127,25.41
J005514,2026-03-19,T024,G14,G01,10:36,10:36,0,A l'heure,270,35.63
J005515,2026-02-14,T013,G02,G14,12:54,12:54,0,A l'heure,433,88.05
J005516,2025-09-30,T032,G10,G12,22:12,22:12,0,A l'heure,105,14.85
J005517,2026-05-15,T011,G12,G14,21:36,21:36,0,A l'heure,367,94.62
J005518,2025-09-07,T012,G12,G06,13:30,13:30,0,A l'heure,447,104.55
J005519,2026-02-01,T032,G03,G08,07:00,07:00,0,A l'heure,178,18.36
J005520,2026-03-24,T026,G14,G08,19:12,19:12,0,A l'heure,113,47.91
J005521,2026-01-27,T014,G03,G01,08:45,08:45,0,A l'heure,240,102.11
J005522,2026-01-30,T035,G07,G09,07:24,07:24,0,A l'heure,147,14.99
J005523,2026-05-14,T014,G04,G12,17:45,18:05,20,Retarde,304,80.66
J005524,2025-11-20,T034,G02,G12,06:06,06:06,0,A l'heure,120,16.12
J005525,2026-04-21,T016,G12,G15,07:00,07:00,0,A l'heure,343,35.06
J005526,2025-09-02,T034,G08,G15,05:24,05:34,10,Retarde,89,17.86
J005527,2025-11-13,T034,G12,G09,17:21,17:21,0,A l'heure,162,23.69
J005528,2026-01-10,T037,G11,G10,22:30,22:42,12,Retarde,104,18.91
J005529,2025-11-16,T001,G01,G04,13:45,13:45,0,A l'heure,396,113.1
J005530,2026-02-26,T021,G14,G08,20:45,20:48,3,Retarde,562,25.94
J005531,2026-02-23,T012,G12,G09,11:48,11:48,0,A l'heure,237,53.76
J005532,2025-10-11,T009,G05,G03,08:24,08:24,0,A l'heure,339,96.67
J005533,2026-07-04,T015,G12,G07,07:21,07:21,0,A l'heure,570,43.16
J005534,2026-05-29,T033,G03,G14,08:00,08:00,0,A l'heure,116,14.89
J005535,2025-09-15,T039,G13,G12,11:42,11:42,0,A l'heure,79,23.51
J005536,2025-11-11,T011,G10,G09,06:30,06:33,3,Retarde,510,90.72
J005537,2026-01-16,T036,G03,G06,13:12,13:12,0,A l'heure,118,22.57
J005538,2026-08-16,T020,G13,G12,08:18,08:19,1,Retarde,547,35.62
J005539,2025-11-26,T023,G03,G02,07:48,07:53,5,Retarde,147,41.38
J005540,2026-07-07,T024,G08,G07,05:24,05:25,1,Retarde,215,34.53
J005541,2026-08-18,T021,G06,G08,09:12,09:12,0,A l'heure,331,23.77
J005542,2025-10-29,T017,G03,G12,19:00,19:16,16,Retarde,372,41.92
J005543,2026-01-14,T024,G12,G14,15:42,15:42,0,A l'heure,299,51.71
J005544,2025-09-04,T039,G14,G04,12:15,12:15,0,A l'heure,193,28.55
J005545,2026-07-17,T028,G02,G08,16:15,16:15,0,A l'heure,224,48.64
J005546,2026-05-09,T007,G06,G03,15:18,15:18,0,A l'heure,506,108.37
J005547,2025-09-15,T031,G04,G07,21:18,21:18,0,A l'heure,148,24.81
J005548,2026-01-30,T037,G06,G14,17:48,17:48,0,A l'heure,158,27.02
J005549,2025-11-19,T028,G06,G08,09:15,09:15,0,A l'heure,215,38.36
J005550,2026-02-05,T028,G01,G07,22:30,22:30,0,A l'heure,154,58.75
J005551,2025-12-13,T038,G10,G02,14:06,14:06,0,A l'heure,89,28.62
J005552,2026-05-18,T017,G12,G06,10:06,10:06,0,A l'heure,399,26.2
J005553,2026-03-01,T013,G11,G15,06:18,06:31,13,Retarde,294,93.04
J005554,2026-08-08,T021,G13,G11,12:42,12:42,0,A l'heure,392,30.57
J005555,2025-10-15,T019,G10,G01,10:00,10:02,2,Retarde,431,44.33
J005556,2025-11-25,T031,G04,G02,21:36,21:36,0,A l'heure,158,18.73
J005557,2025-09-24,T029,G01,G12,10:24,10:24,0,A l'heure,145,17.8
J005558,2026-04-06,T012,G04,G10,21:24,21:24,0,A l'heure,342,60.38
J005559,2026-04-25,T022,G15,G13,22:45,23:04,19,Retarde,432,39.23
J005560,2025-11-16,T033,G15,G10,11:18,11:18,0,A l'heure,172,31.4
J005561,2025-12-08,T014,G07,G09,06:45,06:46,1,Retarde,314,65.64
J005562,2026-08-18,T014,G02,G11,13:45,13:45,0,A l'heure,387,69.42
J005563,2026-07-15,T035,G05,G04,17:42,17:45,3,Retarde,167,28.54
J005564,2025-09-30,T022,G09,G06,21:18,21:25,7,Retarde,453,37.42
J005565,2026-08-29,T006,G02,G05,09:54,09:55,1,Retarde,373,88.09
J005566,2026-08-29,T004,G07,G12,08:21,08:21,0,A l'heure,331,81.9
J005567,2025-12-09,T017,G13,G06,15:36,15:41,5,Retarde,390,23.53
J005568,2025-12-14,T022,G05,G08,18:30,18:33,3,Retarde,396,50.75
J005569,2025-11-25,T006,G05,G06,19:45,19:45,0,A l'heure,273,53.13
J005570,2025-12-28,T029,G13,G14,07:24,07:24,0,A l'heure,116,21.88
J005571,2026-06-06,T021,G14,G09,10:45,10:45,0,A l'heure,463,35.51
J005572,2026-01-21,T026,G07,G03,19:45,19:50,5,Retarde,206,58.31
J005573,2026-01-20,T039,G07,G13,18:45,18:45,0,A l'heure,138,26.85
J005574,2026-05-31,T019,G13,G15,19:45,19:49,4,Retarde,216,41.35
J005575,2026-03-10,T016,G09,G13,08:54,09:12,18,Retarde,484,32.08
J005576,2025-10-25,T016,G15,G13,13:06,13:06,0,A l'heure,324,41.2
J005577,2026-03-12,T040,G13,G08,13:18,13:18,0,A l'heure,159,28.66
J005578,2026-02-11,T036,G13,G10,12:45,12:45,0,A l'heure,109,22.68
J005579,2026-08-15,T024,G14,G04,12:12,12:12,0,A l'heure,310,39.99
J005580,2025-10-21,T012,G08,G15,21:21,21:21,0,A l'heure,217,59.0
J005581,2026-08-31,T023,G10,G05,20:12,20:12,0,A l'heure,211,37.38
J005582,2026-03-06,T020,G01,G04,16:12,16:12,0,A l'heure,455,44.32
J005583,2026-05-29,T028,G07,G01,21:15,21:15,0,A l'heure,296,42.01
J005584,2025-09-08,T035,G11,G03,12:00,12:00,0,A l'heure,156,28.1
J005585,2026-05-18,T019,G02,G14,10:54,10:54,0,A l'heure,307,28.82
J005586,2025-11-29,T026,G07,G06,06:42,06:42,0,A l'heure,200,46.15
J005587,2026-05-10,T010,G09,G13,19:12,19:37,25,Retarde,283,96.87
J005588,2025-12-02,T008,G01,G07,09:30,09:30,0,A l'heure,362,60.08
J005589,2026-07-20,T029,G08,G03,13:54,14:04,10,Retarde,135,17.97
J005590,2025-11-03,T032,G07,G05,13:06,13:12,6,Retarde,136,18.57
J005591,2026-01-24,T016,G04,G01,17:54,17:54,0,A l'heure,431,35.41
J005592,2025-10-28,T033,G14,G10,11:42,11:53,11,Retarde,88,14.71
J005593,2025-11-29,T019,G02,G09,12:42,12:46,4,Retarde,469,45.82
J005594,2026-03-06,T040,G01,G10,15:30,15:30,0,A l'heure,146,20.0
J005595,2026-05-30,T027,G09,G02,22:36,22:56,20,Retarde,167,60.17
J005596,2026-07-24,T030,G08,G10,07:30,07:31,1,Retarde,90,15.11
J005597,2025-12-25,T024,G06,G02,10:21,11:10,49,Retarde,282,56.59
J005598,2026-02-28,T019,G03,G15,20:45,21:03,18,Retarde,297,42.22
J005599,2025-11-15,T002,G09,G15,13:21,13:21,0,A l'heure,423,117.88
J005600,2026-05-01,T001,G10,G03,14:48,15:10,22,Retarde,370,59.75
J005601,2026-06-05,T003,G13,G06,19:42,19:42,0,A l'heure,367,59.6
J005602,2026-08-16,T024,G07,G15,16:00,16:00,0,A l'heure,285,35.31
J005603,2025-09-16,T031,G14,G06,09:30,09:30,0,A l'heure,137,26.86
J005604,2026-04-02,T015,G14,G08,07:21,07:21,0,A l'heure,385,40.54
J005605,2026-02-15,T005,G03,G04,06:18,06:18,0,A l'heure,386,94.92
J005606,2026-01-04,T040,G12,G13,08:12,08:14,2,Retarde,134,30.84
J005607,2026-02-03,T018,G15,G14,05:54,05:54,0,A l'heure,447,35.14
J005608,2025-11-16,T028,G04,G01,15:54,15:54,0,A l'heure,201,37.41
J005609,2026-02-22,T040,G09,G01,20:36,20:36,0,A l'heure,107,21.49
J005610,2026-04-27,T037,G05,G09,07:45,07:45,0,A l'heure,149,25.43
J005611,2026-07-18,T020,G03,G07,08:30,08:30,0,A l'heure,445,44.22
J005612,2026-07-17,T038,G06,G09,09:30,09:30,0,A l'heure,121,26.17
J005613,2026-08-27,T021,G13,G04,11:36,11:36,0,A l'heure,474,23.94
J005614,2026-03-12,T021,G03,G11,15:21,15:21,0,A l'heure,324,35.81
J005615,2026-04-25,T012,G07,G01,05:45,05:45,0,A l'heure,327,107.25
J005616,2026-06-18,T004,G10,G04,06:24,06:24,0,A l'heure,389,89.52
J005617,2025-10-16,T006,G03,G09,18:21,18:21,0,A l'heure,323,90.79
J005618,2025-09-30,T023,G14,G06,13:12,13:35,23,Retarde,249,41.73
J005619,2025-11-29,T011,G02,G14,07:06,07:25,19,Retarde,364,104.59
J005620,2026-06-10,T030,G15,G13,16:54,16:54,0,A l'heure,103,27.27
J005621,2026-05-15,T015,G15,G04,20:21,20:21,0,A l'heure,281,25.09
J005622,2026-01-31,T014,G15,G02,21:21,21:35,14,Retarde,415,113.71
J005623,2025-12-16,T038,G03,G01,22:18,22:18,0,A l'heure,125,20.49
J005624,2026-03-23,T015,G13,G14,12:36,12:36,0,A l'heure,191,24.0
J005625,2025-09-10,T032,G13,G11,20:06,20:06,0,A l'heure,72,25.73
J005626,2026-05-17,T029,G02,G11,19:06,19:06,0,A l'heure,78,21.94
J005627,2025-09-25,T023,G12,G05,18:30,18:30,0,A l'heure,144,32.98
J005628,2026-06-06,T032,G05,G11,20:06,20:06,0,A l'heure,188,30.57
J005629,2025-12-22,T011,G04,G10,17:15,17:15,0,A l'heure,219,61.39
J005630,2026-06-18,T038,G14,G13,11:42,11:42,0,A l'heure,138,17.43
J005631,2026-07-08,T003,G10,G13,21:36,21:48,12,Retarde,325,82.73
J005632,2026-04-22,T006,G10,G12,10:36,10:36,0,A l'heure,213,100.91
J005633,2026-03-23,T020,G10,G15,21:36,21:49,13,Retarde,404,40.7
J005634,2026-05-15,T040,G14,G12,11:48,11:48,0,A l'heure,120,24.09
J005635,2025-09-05,T002,G14,G04,11:15,11:15,0,A l'heure,188,73.36
J005636,2026-07-17,T038,G01,G09,19:06,19:06,0,A l'heure,107,23.19
J005637,2025-11-07,T025,G11,G06,21:12,21:12,0,A l'heure,322,50.05
J005638,2026-08-12,T021,G15,G12,20:24,20:45,21,Retarde,333,22.42
J005639,2026-01-20,T022,G11,G08,07:00,07:36,36,Retarde,275,41.63
J005640,2025-09-20,T002,G10,G08,06:00,06:00,0,A l'heure,316,65.4
J005641,2026-04-20,T007,G02,G11,05:12,05:12,0,A l'heure,249,70.41
J005642,2026-07-14,T016,G09,G08,06:24,06:40,16,Retarde,539,42.44
J005643,2026-06-23,T039,G10,G01,14:21,14:21,0,A l'heure,184,18.75
J005644,2025-12-03,T029,G13,G14,14:48,14:48,0,A l'heure,155,17.02
J005645,2026-02-23,T004,G07,G02,22:54,22:55,1,Retarde,325,87.98
J005646,2026-07-20,T013,G12,G09,08:12,08:12,0,A l'heure,343,86.35
J005647,2026-05-13,T010,G03,G01,11:42,11:42,0,A l'heure,320,103.46
J005648,2025-11-13,T006,G06,G10,15:24,15:25,1,Retarde,309,83.7
J005649,2026-08-01,T020,G15,G07,15:18,15:19,1,Retarde,525,49.95
J005650,2025-10-11,T034,G13,G09,21:54,21:55,1,Retarde,173,27.27
J005651,2025-12-31,T010,G03,G05,19:21,19:30,9,Retarde,276,58.25
J005652,2026-02-06,T008,G05,G04,09:30,09:30,0,A l'heure,410,54.12
J005653,2026-06-09,T023,G03,G14,22:21,22:21,0,A l'heure,269,35.08
J005654,2025-09-09,T017,G04,G11,18:30,18:30,0,A l'heure,461,24.44
J005655,2026-08-20,T034,G03,G02,18:45,18:45,0,A l'heure,56,24.06
J005656,2026-07-31,T021,G02,G13,22:42,22:42,0,A l'heure,356,31.18
J005657,2026-06-22,T009,G15,G02,17:18,17:18,0,A l'heure,222,67.55
J005658,2026-04-15,T002,G04,G11,21:06,21:06,0,A l'heure,354,66.06
J005659,2026-07-07,T023,G04,G13,09:45,09:45,0,A l'heure,295,57.16
J005660,2025-09-02,T019,G10,G13,21:30,21:30,0,A l'heure,344,29.88
J005661,2025-12-23,T010,G11,G12,10:42,10:50,8,Retarde,238,98.17
J005662,2026-04-05,T038,G11,G15,11:45,11:45,0,A l'heure,141,23.25
J005663,2025-09-30,T007,G15,G08,15:54,15:55,1,Retarde,235,90.76
J005664,2026-01-27,T031,G09,G04,13:54,13:54,0,A l'heure,134,22.07
J005665,2026-04-01,T015,G12,G14,06:00,06:00,0,A l'heure,498,28.45
J005666,2026-08-23,T011,G05,G15,17:18,17:18,0,A l'heure,390,94.1
J005667,2025-12-22,T002,G09,G06,18:15,18:16,1,Retarde,130,65.33
J005668,2026-04-01,T005,G06,G03,22:15,22:16,1,Retarde,349,62.83
J005669,2026-08-03,T037,G03,G12,15:45,15:49,4,Retarde,126,28.55
J005670,2026-04-13,T029,G12,G14,16:06,16:06,0,A l'heure,155,24.62
J005671,2026-05-01,T025,G03,G02,12:36,13:07,31,Retarde,229,34.87
J005672,2026-05-08,T008,G15,G06,17:36,17:36,0,A l'heure,345,56.98
J005673,2026-06-16,T033,G06,G09,09:00,09:00,0,A l'heure,170,27.69
J005674,2026-07-29,T033,G02,G03,11:12,11:12,0,A l'heure,168,28.77
J005675,2025-11-08,T037,G05,G07,18:48,18:48,0,A l'heure,209,28.61
J005676,2025-12-13,T028,G14,G03,16:12,16:21,9,Retarde,300,57.02
J005677,2025-11-24,T015,G12,G15,10:18,10:26,8,Retarde,466,28.85
J005678,2026-04-14,T003,G03,G15,15:24,15:24,0,A l'heure,220,59.96
J005679,2026-07-26,T001,G01,G06,13:45,13:45,0,A l'heure,207,90.24
J005680,2026-07-19,T036,G12,G09,08:00,08:00,0,A l'heure,193,19.66
J005681,2025-12-01,T026,G01,G06,16:00,16:39,39,Retarde,176,34.71
J005682,2026-01-21,T014,G05,G09,17:36,17:36,0,A l'heure,356,73.7
J005683,2026-08-26,T038,G04,G03,21:21,21:21,0,A l'heure,190,18.19
J005684,2026-05-29,T034,G11,G07,14:24,14:32,8,Retarde,155,24.54
J005685,2025-10-26,T015,G03,G01,18:24,18:24,0,A l'heure,488,38.77
J005686,2025-11-12,T040,G08,G12,21:24,21:24,0,A l'heure,194,28.04
J005687,2026-06-06,T020,G07,G02,14:06,14:06,0,A l'heure,605,43.81
J005688,2025-10-03,T019,G04,G12,17:42,17:42,0,A l'heure,407,43.37
J005689,2026-08-19,T019,G08,G11,10:18,10:18,0,A l'heure,277,24.63
J005690,2025-12-16,T023,G12,G07,12:24,12:24,0,A l'heure,133,39.68
J005691,2026-04-29,T028,G15,G10,10:45,11:04,19,Retarde,220,47.98
J005692,2026-02-27,T010,G14,G07,07:15,07:15,0,A l'heure,324,102.67
J005693,2026-08-31,T038,G07,G05,17:00,17:03,3,Retarde,133,25.58
J005694,2026-02-02,T027,G06,G14,13:06,13:07,1,Retarde,207,32.77
J005695,2026-03-19,T021,G04,G14,22:00,22:00,0,A l'heure,373,44.64
J005696,2026-07-04,T012,G13,G15,20:54,20:54,0,A l'heure,473,86.99
J005697,2026-03-20,T024,G15,G03,12:06,12:53,47,Retarde,143,32.07
J005698,2026-04-08,T028,G03,G15,12:48,12:48,0,A l'heure,215,59.11
J005699,2025-12-19,T010,G04,G08,05:45,05:50,5,Retarde,282,74.86
J005700,2025-11-17,T034,G02,G08,09:15,09:15,0,A l'heure,167,20.8
J005701,2026-03-08,T007,G09,G13,19:06,19:06,0,A l'heure,393,87.53
J005702,2026-06-17,T011,G11,G05,17:12,17:12,0,A l'heure,237,94.07
J005703,2025-10-23,T024,G03,G07,13:24,13:24,0,A l'heure,279,38.65
J005704,2026-03-29,T007,G14,G02,22:42,22:42,0,A l'heure,337,81.13
J005705,2025-11-27,T019,G13,G04,22:45,22:45,0,A l'heure,488,32.57
J005706,2026-06-06,T005,G11,G02,13:42,13:42,0,A l'heure,299,100.47
J005707,2026-06-29,T031,G06,G13,21:45,21:45,0,A l'heure,163,21.35
J005708,2025-10-12,T006,G13,G06,20:30,20:30,0,A l'heure,375,78.37
J005709,2025-12-03,T021,G11,G10,12:45,12:45,0,A l'heure,206,25.33
J005710,2026-07-07,T033,G01,G06,18:42,18:42,0,A l'heure,157,17.56
J005711,2026-02-19,T033,G11,G05,06:36,06:59,23,Retarde,90,23.74
J005712,2025-12-17,T025,G15,G14,15:06,15:06,0,A l'heure,206,41.69
J005713,2026-08-16,T024,G07,G10,13:24,13:24,0,A l'heure,169,68.85
J005714,2026-04-20,T025,G10,G09,20:30,20:39,9,Retarde,199,30.98
J005715,2026-08-05,T030,G03,G15,17:06,17:06,0,A l'heure,147,16.2
J005716,2026-03-22,T003,G15,G12,17:06,17:06,0,A l'heure,406,79.13
J005717,2026-07-22,T039,G04,G12,21:06,21:27,21,Retarde,143,27.82
J005718,2026-04-14,T031,G05,G09,18:54,18:55,1,Retarde,114,16.0
J005719,2026-06-25,T035,G02,G09,18:18,18:18,0,A l'heure,163,16.47
J005720,2026-06-21,T009,G03,G13,09:21,09:21,0,A l'heure,325,118.81
J005721,2026-02-14,T026,G09,G03,12:21,12:21,0,A l'heure,251,63.35
J005722,2025-09-05,T033,G08,G07,05:24,05:24,0,A l'heure,130,25.56
J005723,2026-07-24,T030,G09,G05,06:18,06:18,0,A l'heure,132,20.13
J005724,2025-10-16,T015,G02,G11,18:24,18:24,0,A l'heure,364,25.37
J005725,2026-02-14,T031,G07,G06,09:48,09:48,0,A l'heure,179,32.31
J005726,2026-08-31,T008,G09,G11,21:12,21:13,1,Retarde,324,59.66
J005727,2025-12-26,T024,G07,G13,13:54,13:54,0,A l'heure,180,37.41
J005728,2025-12-01,T040,G09,G07,16:21,16:25,4,Retarde,206,22.52
J005729,2025-11-21,T039,G12,G08,19:12,19:12,0,A l'heure,150,16.95
J005730,2026-04-18,T003,G02,G15,09:00,09:00,0,A l'heure,362,78.36
J005731,2025-10-25,T009,G04,G03,12:24,12:24,0,A l'heure,307,69.62
J005732,2026-05-16,T008,G09,G12,15:48,15:48,0,A l'heure,214,71.14
J005733,2025-12-12,T038,G15,G06,07:42,07:55,13,Retarde,151,20.44
J005734,2026-05-19,T025,G12,G07,05:21,05:22,1,Retarde,205,49.92
J005735,2025-11-26,T031,G10,G13,07:18,07:18,0,A l'heure,118,17.03
J005736,2026-08-08,T040,G08,G12,20:12,20:26,14,Retarde,220,23.35
J005737,2025-09-18,T033,G12,G13,11:06,11:06,0,A l'heure,150,19.24
J005738,2026-04-06,T030,G15,G10,11:12,11:12,0,A l'heure,177,21.65
J005739,2025-12-07,T024,G03,G06,09:18,09:18,0,A l'heure,255,64.05
J005740,2025-11-13,T039,G02,G13,13:48,13:48,0,A l'heure,93,20.44
J005741,2026-07-17,T037,G06,G02,16:42,16:53,11,Retarde,128,27.11
J005742,2026-05-24,T031,G13,G02,09:48,09:48,0,A l'heure,173,27.27
J005743,2025-11-27,T005,G13,G07,15:00,15:00,0,A l'heure,315,75.44
J005744,2026-01-26,T003,G14,G05,06:18,06:22,4,Retarde,262,67.38
J005745,2026-05-13,T031,G08,G07,05:12,05:12,0,A l'heure,133,27.03
J005746,2026-03-22,T005,G07,G14,21:21,21:21,0,A l'heure,489,88.34
J005747,2025-12-23,T011,G10,G12,15:42,15:45,3,Retarde,387,85.6
J005748,2026-02-03,T015,G03,G07,15:36,15:50,14,Retarde,404,37.5
J005749,2026-07-25,T027,G13,G14,07:54,07:54,0,A l'heure,233,59.89
J005750,2025-10-14,T033,G06,G14,11:42,11:42,0,A l'heure,114,22.65
J005751,2026-07-07,T034,G07,G04,07:18,07:18,0,A l'heure,97,24.74
J005752,2026-01-31,T038,G06,G10,14:24,14:24,0,A l'heure,192,30.06
J005753,2025-12-08,T010,G07,G12,12:06,12:07,1,Retarde,277,59.58
J005754,2026-04-07,T018,G08,G15,11:24,11:24,0,A l'heure,453,31.39
J005755,2025-11-11,T001,G10,G01,18:18,18:25,7,Retarde,323,64.54
J005756,2025-11-15,T035,G03,G04,07:30,07:39,9,Retarde,192,30.68
J005757,2025-10-20,T026,G13,G11,06:45,06:46,1,Retarde,168,53.04
J005758,2025-09-04,T026,G03,G06,13:15,13:39,24,Retarde,134,40.96
J005759,2025-09-03,T005,G13,G01,08:48,08:57,9,Retarde,197,91.82
J005760,2026-03-21,T039,G07,G11,21:21,21:21,0,A l'heure,159,26.33
J005761,2025-09-03,T024,G09,G02,19:21,19:21,0,A l'heure,174,32.86
J005762,2026-02-03,T024,G10,G06,18:21,18:25,4,Retarde,202,31.08
J005763,2026-05-22,T030,G10,G09,16:15,16:15,0,A l'heure,173,24.92
J005764,2026-02-05,T009,G12,G05,16:42,16:42,0,A l'heure,392,59.83
J005765,2026-02-09,T015,G15,G03,13:45,13:49,4,Retarde,353,31.61
J005766,2026-08-03,T019,G07,G04,12:06,12:07,1,Retarde,350,31.03
J005767,2026-01-08,T031,G07,G13,07:00,07:00,0,A l'heure,65,15.76
J005768,2026-01-12,T022,G05,G15,09:12,09:12,0,A l'heure,289,38.79
J005769,2026-03-16,T025,G02,G12,11:48,11:48,0,A l'heure,193,48.88
J005770,2026-07-05,T015,G14,G12,13:48,14:04,16,Retarde,439,33.1
J005771,2026-06-08,T006,G12,G08,21:54,21:54,0,A l'heure,303,96.8
J005772,2026-04-19,T004,G05,G11,08:15,08:30,15,Retarde,335,65.95
J005773,2026-04-19,T001,G03,G06,19:06,19:06,0,A l'heure,333,78.62
J005774,2026-04-22,T013,G07,G01,07:12,07:12,0,A l'heure,336,57.86
J005775,2026-07-21,T037,G09,G07,17:24,17:24,0,A l'heure,117,28.5
J005776,2026-04-10,T028,G12,G01,22:48,22:49,1,Retarde,320,30.51
J005777,2026-03-15,T008,G05,G06,14:42,14:42,0,A l'heure,375,119.06
J005778,2026-07-04,T027,G02,G09,17:54,17:54,0,A l'heure,251,47.22
J005779,2026-03-03,T024,G15,G03,21:24,21:24,0,A l'heure,245,46.78
J005780,2026-04-07,T011,G11,G01,12:00,12:00,0,A l'heure,247,79.81
J005781,2026-01-03,T024,G07,G13,15:54,16:02,8,Retarde,301,51.95
J005782,2026-05-18,T026,G06,G05,09:00,09:00,0,A l'heure,255,60.4
J005783,2025-12-30,T016,G08,G10,06:00,06:00,0,A l'heure,357,44.45
J005784,2025-09-01,T031,G07,G05,06:36,06:36,0,A l'heure,117,22.05
J005785,2026-03-16,T040,G04,G01,20:21,20:21,0,A l'heure,117,14.72
J005786,2025-09-20,T011,G04,G11,05:30,05:30,0,A l'heure,436,73.44
J005787,2025-09-30,T017,G11,G04,17:21,17:30,9,Retarde,395,28.57
J005788,2025-09-23,T036,G13,G02,07:24,07:24,0,A l'heure,119,25.49
J005789,2025-11-15,T015,G02,G12,22:48,22:53,5,Retarde,416,37.02
J005790,2026-07-23,T036,G06,G02,15:21,15:21,0,A l'heure,152,21.65
J005791,2025-10-09,T007,G14,G10,16:21,16:21,0,A l'heure,333,65.61
J005792,2025-12-11,T016,G08,G03,09:42,09:46,4,Retarde,409,43.6
J005793,2026-06-23,T013,G12,G02,18:30,18:33,3,Retarde,300,102.74
J005794,2026-02-25,T012,G04,G10,05:18,05:19,1,Retarde,354,66.09
J005795,2025-11-02,T023,G12,G01,15:54,15:54,0,A l'heure,265,41.74
J005796,2026-01-15,T006,G07,G10,05:45,05:45,0,A l'heure,326,54.24
J005797,2026-04-04,T015,G06,G05,08:24,08:24,0,A l'heure,338,32.3
J005798,2026-05-31,T004,G13,G08,14:15,14:15,0,A l'heure,394,79.01
J005799,2026-01-03,T002,G07,G02,20:54,20:55,1,Retarde,396,95.26
J005800,2026-06-03,T021,G13,G01,11:21,11:21,0,A l'heure,364,22.62
J005801,2026-06-08,T023,G08,G07,17:00,17:00,0,A l'heure,145,38.3
J005802,2026-02-02,T038,G11,G12,07:48,07:48,0,A l'heure,166,16.23
J005803,2025-09-17,T009,G07,G09,10:12,10:12,0,A l'heure,273,52.88
J005804,2026-01-22,T022,G02,G07,09:30,09:30,0,A l'heure,470,23.19
J005805,2025-09-28,T025,G05,G11,16:54,16:54,0,A l'heure,215,58.92
J005806,2025-09-15,T009,G03,G06,10:42,11:16,34,Retarde,286,60.51
J005807,2026-06-08,T016,G06,G12,10:12,10:12,0,A l'heure,336,36.14
J005808,2025-11-20,T037,G05,G03,07:30,07:30,0,A l'heure,115,22.75
J005809,2025-10-21,T023,G06,G10,17:36,17:39,3,Retarde,247,59.69
J005810,2025-12-25,T016,G11,G10,18:12,18:28,16,Retarde,403,41.16
J005811,2026-05-11,T029,G15,G02,15:00,15:00,0,A l'heure,143,22.05
J005812,2026-01-15,T034,G11,G10,21:06,21:37,31,Retarde,146,14.83
J005813,2026-06-26,T032,G05,G07,10:12,10:12,0,A l'heure,33,16.82
J005814,2026-02-23,T016,G01,G10,14:12,14:40,28,Retarde,341,30.49
J005815,2026-07-05,T004,G11,G05,18:30,18:30,0,A l'heure,381,88.39
J005816,2025-12-08,T033,G05,G07,08:45,08:48,3,Retarde,155,20.59
J005817,2026-06-22,T016,G12,G10,17:06,17:06,0,A l'heure,416,23.87
J005818,2025-09-21,T039,G08,G14,17:06,17:07,1,Retarde,126,18.1
J005819,2025-12-07,T028,G10,G05,08:54,08:54,0,A l'heure,206,66.85
J005820,2026-07-06,T039,G11,G02,10:54,11:04,10,Retarde,129,23.51
J005821,2026-08-15,T029,G15,G08,09:00,09:00,0,A l'heure,152,20.12
J005822,2025-12-20,T003,G05,G03,22:45,22:45,0,A l'heure,326,60.16
J005823,2025-09-11,T034,G11,G14,07:45,07:45,0,A l'heure,90,17.67
J005824,2026-01-01,T022,G15,G12,10:48,10:48,0,A l'heure,493,33.98
J005825,2026-06-03,T033,G11,G09,22:21,22:21,0,A l'heure,131,16.52
J005826,2025-09-19,T023,G01,G10,07:45,07:52,7,Retarde,195,30.73
J005827,2026-02-15,T008,G13,G06,08:06,08:06,0,A l'heure,275,96.92
J005828,2025-09-19,T003,G12,G08,15:00,15:00,0,A l'heure,343,56.27
J005829,2026-08-20,T009,G13,G03,11:00,11:12,12,Retarde,249,91.61
J005830,2025-11-06,T014,G15,G13,19:24,19:29,5,Retarde,168,97.34
J005831,2026-03-16,T003,G03,G10,09:24,09:30,6,Retarde,290,71.83
J005832,2026-03-14,T035,G09,G13,18:30,18:30,0,A l'heure,131,28.46
J005833,2026-02-13,T021,G12,G08,06:06,06:06,0,A l'heure,342,35.91
J005834,2026-08-17,T031,G14,G11,14:45,14:46,1,Retarde,87,15.57
J005835,2026-08-12,T004,G14,G12,19:42,19:42,0,A l'heure,403,71.42
J005836,2026-08-25,T034,G09,G11,22:24,22:24,0,A l'heure,156,27.24
J005837,2025-10-25,T006,G14,G01,17:45,17:45,0,A l'heure,351,89.72
J005838,2026-02-14,T013,G05,G06,17:15,17:15,0,A l'heure,448,94.36
J005839,2025-12-27,T037,G10,G15,12:18,12:20,2,Retarde,205,29.64
J005840,2025-11-10,T006,G14,G10,09:15,09:15,0,A l'heure,279,75.37
J005841,2025-11-20,T028,G07,G04,09:15,09:15,0,A l'heure,189,43.76
J005842,2026-06-20,T033,G04,G12,20:12,20:12,0,A l'heure,220,20.91
J005843,2025-11-11,T019,G01,G11,16:54,16:54,0,A l'heure,520,33.96
J005844,2026-08-10,T009,G04,G12,19:30,19:31,1,Retarde,334,64.19
J005845,2025-12-31,T027,G15,G10,21:48,21:48,0,A l'heure,173,34.8
J005846,2026-04-19,T033,G02,G10,15:48,15:49,1,Retarde,166,27.38
J005847,2025-11-22,T033,G12,G05,13:24,13:24,0,A l'heure,124,18.09
J005848,2026-05-24,T012,G12,G01,14:12,14:12,0,A l'heure,158,86.62
J005849,2026-08-28,T003,G11,G13,16:30,16:30,0,A l'heure,337,102.66
J005850,2026-07-29,T018,G07,G04,15:42,15:42,0,A l'heure,355,29.89
J005851,2025-09-30,T008,G04,G02,07:36,07:36,0,A l'heure,291,57.51
J005852,2026-05-31,T003,G13,G02,22:18,22:18,0,A l'heure,377,98.98
J005853,2026-08-17,T038,G04,G14,14:24,14:24,0,A l'heure,150,18.86
J005854,2026-05-29,T025,G04,G15,12:36,12:36,0,A l'heure,273,47.74
J005855,2026-02-12,T021,G13,G15,15:42,16:20,38,Retarde,383,34.16
J005856,2026-08-30,T036,G07,G14,06:54,06:59,5,Retarde,162,23.02
J005857,2026-07-18,T003,G10,G13,05:24,05:25,1,Retarde,382,65.78
J005858,2026-04-01,T034,G10,G04,19:21,19:21,0,A l'heure,152,22.2
J005859,2025-10-06,T010,G03,G13,20:24,20:24,0,A l'heure,295,93.42
J005860,2025-12-03,T029,G05,G07,19:18,19:28,10,Retarde,137,26.06
J005861,2025-12-08,T021,G10,G08,14:24,14:43,19,Retarde,443,39.99
J005862,2026-08-11,T016,G03,G08,20:30,20:56,26,Retarde,255,38.75
J005863,2026-05-23,T022,G02,G10,05:30,05:30,0,A l'heure,480,42.18
J005864,2025-09-07,T005,G06,G04,11:15,11:15,0,A l'heure,477,63.14
J005865,2026-06-20,T039,G02,G07,21:42,21:42,0,A l'heure,167,22.76
J005866,2025-09-26,T011,G11,G12,09:54,09:54,0,A l'heure,454,74.37
J005867,2026-04-23,T034,G10,G07,08:00,08:00,0,A l'heure,33,20.77
J005868,2026-06-28,T010,G01,G13,10:12,10:27,15,Retarde,396,60.4
J005869,2026-01-06,T035,G11,G08,05:21,05:21,0,A l'heure,116,19.73
J005870,2026-04-12,T015,G12,G05,18:00,18:04,4,Retarde,502,38.32
J005871,2025-09-07,T023,G10,G08,14:06,14:08,2,Retarde,258,64.4
J005872,2026-06-18,T013,G07,G11,22:15,22:36,21,Retarde,313,93.11
J005873,2026-02-20,T040,G10,G03,12:00,12:01,1,Retarde,87,28.02
J005874,2025-12-26,T039,G04,G01,06:45,06:45,0,A l'heure,153,19.06
J005875,2026-08-20,T024,G03,G11,09:24,09:56,32,Retarde,195,40.67
J005876,2026-07-29,T004,G14,G13,17:36,17:39,3,Retarde,294,66.33
J005877,2026-03-26,T038,G10,G14,15:18,15:18,0,A l'heure,123,28.58
J005878,2026-05-26,T015,G03,G01,16:45,16:47,2,Retarde,237,29.06
J005879,2026-06-09,T022,G13,G01,18:00,18:00,0,A l'heure,223,27.77
J005880,2026-02-26,T025,G13,G04,20:36,20:36,0,A l'heure,194,31.62
J005881,2025-09-14,T028,G10,G12,17:18,17:18,0,A l'heure,154,60.57
J005882,2026-05-24,T028,G09,G04,08:36,09:24,48,Retarde,255,40.09
J005883,2026-01-30,T017,G09,G01,11:48,11:48,0,A l'heure,300,32.73
J005884,2025-12-12,T037,G11,G05,13:15,13:15,0,A l'heure,200,18.85
J005885,2026-08-17,T014,G04,G01,17:45,17:45,0,A l'heure,329,80.06
J005886,2026-03-05,T019,G05,G15,20:12,20:12,0,A l'heure,350,28.02
J005887,2026-03-21,T007,G14,G10,09:21,09:21,0,A l'heure,328,110.69
J005888,2026-04-30,T019,G13,G05,09:45,10:24,39,Retarde,458,42.69
J005889,2025-11-22,T020,G06,G03,20:36,20:36,0,A l'heure,362,39.12
J005890,2025-09-24,T003,G06,G14,11:12,11:12,0,A l'heure,287,60.67
J005891,2025-09-28,T024,G02,G03,05:30,05:30,0,A l'heure,250,69.88
J005892,2026-08-18,T032,G14,G15,06:24,06:24,0,A l'heure,157,18.3
J005893,2026-05-29,T022,G08,G12,16:12,16:12,0,A l'heure,486,31.74
J005894,2025-10-14,T017,G04,G03,10:36,10:36,0,A l'heure,439,38.68
J005895,2026-05-24,T006,G06,G12,09:06,09:06,0,A l'heure,354,86.24
J005896,2026-01-07,T002,G04,G11,06:54,06:56,2,Retarde,331,63.76
J005897,2026-01-31,T016,G12,G09,19:54,20:13,19,Retarde,634,37.88
J005898,2026-06-26,T011,G13,G12,13:36,13:36,0,A l'heure,326,86.27
J005899,2025-10-30,T016,G06,G07,21:24,21:24,0,A l'heure,407,35.91
J005900,2026-03-01,T028,G01,G13,17:36,17:36,0,A l'heure,260,35.41
J005901,2026-02-12,T015,G14,G06,09:12,09:12,0,A l'heure,453,44.61
J005902,2026-01-11,T040,G13,G07,06:24,,0,Annule,201,17.91
J005903,2025-11-14,T035,G14,G12,12:54,12:54,0,A l'heure,88,28.21
J005904,2025-10-01,T008,G09,G08,14:15,14:15,0,A l'heure,431,69.93
J005905,2025-12-09,T034,G13,G06,13:45,13:45,0,A l'heure,152,21.4
J005906,2026-07-28,T013,G15,G05,07:54,07:54,0,A l'heure,353,52.82
J005907,2026-04-03,T018,G09,G05,18:15,18:15,0,A l'heure,492,24.49
J005908,2026-04-29,T008,G10,G06,21:18,21:18,0,A l'heure,228,68.71
J005909,2026-08-09,T008,G14,G06,08:21,08:21,0,A l'heure,363,85.39
J005910,2025-09-07,T028,G09,G08,06:42,06:42,0,A l'heure,260,69.45
J005911,2025-11-08,T026,G06,G14,12:15,12:15,0,A l'heure,211,62.03
J005912,2026-03-13,T038,G01,G06,08:12,08:12,0,A l'heure,165,21.68
J005913,2026-01-01,T026,G01,G11,08:36,08:36,0,A l'heure,314,45.07
J005914,2026-02-22,T035,G05,G01,06:18,06:20,2,Retarde,173,32.66
J005915,2025-11-30,T022,G03,G09,18:30,18:30,0,A l'heure,247,39.24
J005916,2025-09-15,T036,G11,G07,21:06,21:06,0,A l'heure,64,26.79
J005917,2025-12-21,T032,G04,G07,19:12,19:25,13,Retarde,127,32.36
J005918,2026-02-09,T036,G11,G14,06:48,06:48,0,A l'heure,137,26.66
J005919,2026-08-02,T037,G13,G15,19:45,19:45,0,A l'heure,159,29.72
J005920,2026-02-22,T022,G13,G03,19:48,19:56,8,Retarde,479,41.05
J005921,2025-12-11,T022,G13,G10,09:48,09:48,0,A l'heure,399,31.79
J005922,2026-04-03,T015,G03,G10,10:18,10:18,0,A l'heure,397,27.74
J005923,2026-01-22,T011,G01,G02,14:15,14:15,0,A l'heure,352,95.24
J005924,2025-10-31,T004,G03,G07,20:24,20:24,0,A l'heure,250,65.69
J005925,2026-03-08,T012,G10,G04,09:48,09:48,0,A l'heure,419,96.97
J005926,2026-02-07,T003,G08,G05,21:18,21:18,0,A l'heure,409,94.55
J005927,2025-11-08,T016,G14,G10,22:45,22:45,0,A l'heure,293,45.28
J005928,2026-01-09,T012,G13,G08,08:21,08:21,0,A l'heure,186,98.16
J005929,2026-05-27,T009,G04,G07,15:06,15:06,0,A l'heure,245,53.92
J005930,2026-01-30,T035,G14,G10,18:48,18:56,8,Retarde,90,24.71
J005931,2025-10-08,T032,G14,G12,19:42,19:42,0,A l'heure,121,16.19
J005932,2026-08-20,T017,G03,G09,16:18,16:18,0,A l'heure,390,25.61
J005933,2026-07-03,T034,G09,G04,11:12,11:12,0,A l'heure,140,17.93
J005934,2026-01-23,T003,G07,G01,07:06,07:06,0,A l'heure,173,99.65
J005935,2025-12-12,T001,G12,G11,22:48,22:48,0,A l'heure,357,86.93
J005936,2026-08-08,T018,G10,G03,12:45,12:57,12,Retarde,412,40.09
J005937,2026-01-14,T024,G01,G10,12:30,12:43,13,Retarde,248,35.56
J005938,2026-07-07,T004,G06,G05,10:48,10:48,0,A l'heure,291,60.98
J005939,2026-08-15,T032,G06,G04,05:24,05:24,0,A l'heure,177,19.8
J005940,2026-07-12,T035,G02,G09,07:30,07:30,0,A l'heure,143,17.94
J005941,2025-11-09,T001,G14,G09,07:00,07:01,1,Retarde,377,107.93
J005942,2026-06-29,T016,G12,G11,18:54,18:54,0,A l'heure,211,23.22
J005943,2026-05-28,T034,G15,G05,17:00,17:00,0,A l'heure,120,26.86
J005944,2026-02-24,T022,G09,G14,14:45,14:52,7,Retarde,347,33.45
J005945,2025-11-12,T009,G03,G05,06:54,06:54,0,A l'heure,510,89.8
J005946,2026-06-19,T039,G05,G02,09:42,09:42,0,A l'heure,67,22.6
J005947,2025-10-29,T004,G12,G11,09:15,09:15,0,A l'heure,296,54.12
J005948,2026-06-06,T026,G12,G07,05:36,05:36,0,A l'heure,285,49.47
J005949,2025-10-29,T004,G03,G08,19:36,19:36,0,A l'heure,167,77.64
J005950,2025-12-22,T028,G15,G09,11:12,11:30,18,Retarde,211,35.95
J005951,2026-08-31,T037,G07,G13,07:06,07:06,0,A l'heure,157,28.09
J005952,2026-05-16,T040,G10,G03,18:36,18:36,0,A l'heure,193,27.43
J005953,2025-12-31,T014,G04,G15,14:12,14:12,0,A l'heure,348,52.87
J005954,2025-09-28,T029,G10,G02,05:15,05:15,0,A l'heure,131,26.0
J005955,2026-03-08,T008,G02,G12,19:48,19:48,0,A l'heure,460,106.72
J005956,2026-03-19,T016,G14,G02,21:45,22:09,24,Retarde,476,40.94
J005957,2026-07-23,T021,G07,G08,21:45,21:45,0,A l'heure,307,27.27
J005958,2026-05-04,T020,G01,G09,19:21,19:21,0,A l'heure,359,35.81
J005959,2025-10-13,T038,G07,G06,15:42,15:42,0,A l'heure,105,28.67
J005960,2026-08-01,T001,G11,G13,21:48,21:54,6,Retarde,283,114.92
J005961,2025-12-27,T038,G02,G15,12:42,12:42,0,A l'heure,146,21.57
J005962,2025-12-22,T005,G15,G12,20:21,20:22,1,Retarde,274,52.08
J005963,2026-07-31,T009,G04,G11,19:54,19:54,0,A l'heure,366,94.98
J005964,2025-09-07,T001,G11,G14,05:48,05:48,0,A l'heure,377,83.68
J005965,2025-11-02,T003,G14,G10,16:24,16:28,4,Retarde,420,87.74
J005966,2026-01-09,T032,G11,G10,09:36,09:36,0,A l'heure,118,27.23
J005967,2025-09-03,T019,G12,G01,13:54,13:54,0,A l'heure,365,24.74
J005968,2026-07-04,T032,G02,G13,17:18,17:18,0,A l'heure,152,24.31
J005969,2026-01-31,T023,G13,G05,21:15,22:03,48,Retarde,287,66.54
J005970,2026-04-14,T032,G06,G10,16:18,16:18,0,A l'heure,103,27.65
J005971,2026-05-31,T031,G05,G09,06:45,06:45,0,A l'heure,179,22.22
J005972,2026-07-13,T020,G01,G05,20:36,20:46,10,Retarde,460,43.6
J005973,2026-08-30,T022,G07,G01,11:18,11:22,4,Retarde,557,47.43
J005974,2026-05-02,T003,G04,G10,07:18,07:18,0,A l'heure,425,113.4
J005975,2025-11-10,T012,G05,G13,11:06,11:06,0,A l'heure,232,73.2
J005976,2026-05-27,T028,G07,G14,14:18,14:18,0,A l'heure,253,38.04
J005977,2026-06-12,T018,G02,G08,06:00,06:00,0,A l'heure,410,22.66
J005978,2025-11-09,T021,G07,G14,17:48,17:48,0,A l'heure,556,26.67
J005979,2026-01-29,T029,G02,G09,11:24,11:46,22,Retarde,124,16.71
J005980,2025-09-23,T001,G14,G05,11:00,11:05,5,Retarde,365,100.64
J005981,2026-07-25,T037,G11,G03,21:00,21:17,17,Retarde,155,20.21
J005982,2026-04-16,T032,G11,G04,17:00,17:00,0,A l'heure,42,24.26
J005983,2026-01-24,T001,G11,G15,12:54,12:54,0,A l'heure,448,98.62
J005984,2026-06-11,T031,G03,G02,17:12,17:16,4,Retarde,155,22.07
J005985,2026-03-18,T021,G14,G12,13:42,13:42,0,A l'heure,318,41.34
J005986,2025-11-11,T010,G11,G05,06:06,06:08,2,Retarde,379,58.71
J005987,2026-06-01,T007,G11,G07,14:12,14:12,0,A l'heure,151,77.66
J005988,2026-03-23,T006,G05,G04,16:45,16:46,1,Retarde,76,67.64
J005989,2026-07-10,T002,G04,G11,12:06,12:06,0,A l'heure,352,84.28
J005990,2025-10-31,T038,G04,G09,15:42,15:42,0,A l'heure,148,25.68
J005991,2026-01-19,T016,G02,G01,18:30,18:30,0,A l'heure,384,31.92
J005992,2025-11-23,T001,G14,G08,14:45,14:45,0,A l'heure,316,111.52
J005993,2026-06-23,T040,G14,G01,17:24,17:24,0,A l'heure,135,22.15
J005994,2026-03-27,T011,G08,G14,10:00,10:00,0,A l'heure,358,71.08
J005995,2025-12-01,T010,G02,G04,14:48,15:00,12,Retarde,300,56.37
J005996,2025-09-20,T038,G04,G12,20:42,20:42,0,A l'heure,207,21.86
J005997,2026-06-17,T004,G13,G14,17:12,17:12,0,A l'heure,302,58.9
J005998,2025-12-02,T037,G13,G12,17:42,17:42,0,A l'heure,85,24.94
J005999,2026-04-10,T002,G09,G04,09:42,09:42,0,A l'heure,237,71.92
J006000,2026-02-12,T035,G02,G13,13:15,13:15,0,A l'heure,114,24.18
J006001,2025-09-23,T040,G14,G03,06:24,06:24,0,A l'heure,100,25.02
J006002,2026-08-19,T030,G10,G14,06:42,06:52,10,Retarde,136,26.19
J006003,2025-10-08,T024,G01,G12,07:18,07:40,22,Retarde,257,43.9
J006004,2025-10-19,T040,G15,G14,08:06,08:06,0,A l'heure,179,21.99
J006005,2025-10-04,T006,G10,G05,11:12,11:16,4,Retarde,378,94.12
J006006,2025-10-03,T018,G12,G10,05:42,05:49,7,Retarde,634,23.5
J006007,2026-01-28,T012,G10,G12,12:42,12:55,13,Retarde,220,80.15
J006008,2026-02-07,T004,G05,G01,06:30,06:41,11,Retarde,438,109.64
J006009,2026-05-09,T036,G14,G15,07:48,07:48,0,A l'heure,152,18.96
J006010,2025-12-17,T029,G10,G04,11:45,11:45,0,A l'heure,93,25.2
J006011,2026-01-31,T032,G10,G04,19:30,19:30,0,A l'heure,218,25.88
J006012,2026-01-12,T039,G03,G01,18:21,18:21,0,A l'heure,159,18.23
J006013,2026-04-06,T002,G15,G06,12:15,12:18,3,Retarde,400,81.88
J006014,2026-01-14,T034,G09,G04,12:24,12:24,0,A l'heure,168,14.62
J006015,2026-06-19,T006,G11,G15,06:45,06:45,0,A l'heure,314,86.89
J006016,2026-01-08,T028,G04,G12,10:12,10:34,22,Retarde,208,54.78
J006017,2026-03-23,T033,G09,G15,14:12,14:25,13,Retarde,125,27.52
J006018,2026-02-22,T026,G15,G14,12:00,12:31,31,Retarde,221,59.22
J006019,2026-07-31,T039,G05,G14,10:54,10:54,0,A l'heure,167,28.44
J006020,2026-03-12,T036,G03,G09,09:00,09:00,0,A l'heure,99,24.05
J006021,2026-08-09,T032,G02,G15,19:30,19:30,0,A l'heure,125,30.49
J006022,2026-08-27,T028,G09,G08,08:24,08:24,0,A l'heure,203,59.55
J006023,2025-11-16,T024,G08,G11,22:15,22:15,0,A l'heure,290,42.62
J006024,2025-12-07,T017,G05,G11,13:30,13:33,3,Retarde,384,33.93
J006025,2026-01-17,T035,G14,G03,13:54,13:54,0,A l'heure,155,30.29
J006026,2025-12-10,T004,G05,G06,10:54,10:54,0,A l'heure,358,72.61
J006027,2026-07-30,T034,G08,G12,10:54,10:57,3,Retarde,143,26.7
J006028,2026-03-20,T001,G09,G08,07:30,07:30,0,A l'heure,327,94.92
J006029,2026-04-04,T031,G03,G14,10:30,10:30,0,A l'heure,131,18.11
J006030,2026-01-24,T009,G05,G09,10:30,10:30,0,A l'heure,303,79.09
J006031,2025-09-15,T038,G08,G01,08:24,08:24,0,A l'heure,78,19.38
J006032,2026-08-02,T035,G10,G01,08:24,08:38,14,Retarde,134,18.14
J006033,2026-03-08,T006,G14,G01,19:24,19:24,0,A l'heure,405,85.3
J006034,2025-12-29,T011,G03,G04,10:06,10:06,0,A l'heure,194,94.92
J006035,2026-08-19,T008,G05,G12,14:15,14:45,30,Retarde,399,73.26
J006036,2026-07-02,T010,G01,G02,15:30,15:38,8,Retarde,232,61.53
J006037,2026-08-11,T004,G09,G01,11:15,11:15,0,A l'heure,199,89.88
J006038,2026-05-10,T036,G04,G08,13:21,13:21,0,A l'heure,160,27.55
J006039,2026-05-28,T015,G10,G06,12:54,12:54,0,A l'heure,368,26.01
J006040,2026-05-03,T032,G03,G10,21:06,21:06,0,A l'heure,127,22.85
J006041,2025-09-22,T001,G03,G04,10:54,10:54,0,A l'heure,254,66.01
J006042,2025-12-16,T002,G03,G05,08:12,08:20,8,Retarde,369,95.38
J006043,2025-10-21,T016,G06,G11,12:54,12:54,0,A l'heure,124,43.14
J006044,2025-09-15,T021,G01,G06,08:00,08:00,0,A l'heure,396,44.19
J006045,2026-05-28,T008,G08,G05,21:48,21:48,0,A l'heure,95,64.21
J006046,2025-11-07,T016,G06,G07,12:00,12:00,0,A l'heure,421,44.29
J006047,2025-09-01,T006,G15,G10,21:06,21:06,0,A l'heure,158,63.63
J006048,2026-06-06,T029,G02,G03,07:18,07:18,0,A l'heure,149,24.18
J006049,2025-10-06,T002,G08,G11,19:48,19:48,0,A l'heure,276,76.18
J006050,2025-12-09,T040,G08,G04,06:24,06:24,0,A l'heure,130,27.28
J006051,2026-02-21,T016,G02,G14,09:36,09:36,0,A l'heure,366,51.44
J006052,2026-05-11,T019,G12,G09,06:48,06:51,3,Retarde,497,36.32
J006053,2026-05-30,T029,G08,G02,21:18,21:18,0,A l'heure,122,25.8
J006054,2026-05-14,T010,G02,G03,17:42,17:42,0,A l'heure,461,75.48
J006055,2026-07-06,T003,G10,G07,17:30,17:32,2,Retarde,444,63.03
J006056,2026-02-12,T021,G02,G15,22:24,22:24,0,A l'heure,177,36.47
J006057,2025-11-03,T014,G15,G01,19:54,20:18,24,Retarde,433,82.36
J006058,2025-11-19,T028,G14,G03,16:18,16:18,0,A l'heure,164,54.21
J006059,2025-09-19,T026,G03,G10,15:18,15:18,0,A l'heure,246,56.46
J006060,2026-01-19,T014,G01,G03,14:54,14:54,0,A l'heure,449,80.47
J006061,2025-09-03,T033,G15,G10,21:21,21:31,10,Retarde,103,27.38
J006062,2026-03-26,T026,G04,G11,13:21,13:44,23,Retarde,249,46.69
J006063,2026-01-30,T026,G07,G03,05:00,05:07,7,Retarde,204,53.86
J006064,2026-03-17,T025,G14,G12,17:21,17:22,1,Retarde,194,44.91
J006065,2026-05-26,T002,G07,G05,09:48,09:48,0,A l'heure,400,66.39
J006066,2026-06-03,T021,G06,G01,08:18,08:18,0,A l'heure,342,23.8
J006067,2025-11-07,T012,G07,G01,21:36,21:36,0,A l'heure,435,54.97
J006068,2025-10-10,T022,G03,G08,06:06,06:30,24,Retarde,400,34.92
J006069,2026-08-25,T016,G01,G03,17:21,17:22,1,Retarde,243,42.73
J006070,2025-10-06,T008,G01,G08,16:24,16:24,0,A l'heure,249,78.75
J006071,2026-06-08,T038,G05,G04,07:18,07:19,1,Retarde,202,17.64
J006072,2026-08-04,T018,G12,G13,05:21,05:21,0,A l'heure,414,22.83
J006073,2026-03-27,T001,G03,G11,14:30,14:30,0,A l'heure,237,73.37
J006074,2026-08-05,T039,G10,G09,20:42,20:42,0,A l'heure,118,22.53
J006075,2026-05-30,T026,G14,G11,05:18,05:18,0,A l'heure,241,55.11
J006076,2025-10-31,T036,G09,G07,22:06,22:06,0,A l'heure,155,25.12
J006077,2026-01-01,T028,G10,G12,08:48,08:55,7,Retarde,224,34.66
J006078,2026-06-13,T025,G06,G04,15:30,15:30,0,A l'heure,181,67.54
J006079,2026-06-17,T016,G12,G05,16:24,16:24,0,A l'heure,476,25.85
J006080,2026-03-15,T031,G10,G01,15:21,15:21,0,A l'heure,144,20.69
J006081,2026-04-14,T016,G06,G08,12:21,12:22,1,Retarde,315,44.44
J006082,2026-04-05,T003,G01,G08,19:15,19:43,28,Retarde,351,91.27
J006083,2026-06-25,T008,G01,G14,17:48,17:48,0,A l'heure,334,58.57
J006084,2025-10-22,T038,G14,G06,15:06,15:06,0,A l'heure,180,19.7
J006085,2025-12-22,T024,G14,G11,05:15,05:15,0,A l'heure,280,32.14
J006086,2025-09-23,T023,G03,G01,12:42,12:48,6,Retarde,166,32.5
J006087,2026-08-18,T016,G03,G07,09:06,09:28,22,Retarde,288,26.59
J006088,2026-08-25,T022,G03,G05,12:30,12:59,29,Retarde,284,37.54
J006089,2026-08-24,T016,G09,G13,05:36,05:36,0,A l'heure,449,25.72
J006090,2026-02-12,T010,G01,G11,16:54,16:54,0,A l'heure,349,103.47
J006091,2025-09-26,T037,G11,G09,05:36,05:39,3,Retarde,99,25.32
J006092,2026-03-01,T016,G02,G05,12:12,12:12,0,A l'heure,316,42.74
J006093,2026-04-21,T031,G09,G03,14:21,14:21,0,A l'heure,150,18.85
J006094,2025-10-09,T002,G05,G06,18:42,18:42,0,A l'heure,306,56.42
J006095,2026-07-25,T015,G04,G12,07:15,07:15,0,A l'heure,412,46.28
J006096,2025-11-14,T039,G15,G08,20:21,20:21,0,A l'heure,100,17.82
J006097,2026-03-15,T029,G02,G12,05:06,05:06,0,A l'heure,125,19.93
J006098,2025-12-29,T019,G12,G03,15:45,15:45,0,A l'heure,411,34.99
J006099,2026-02-21,T019,G06,G15,09:24,09:25,1,Retarde,352,43.96
J006100,2025-12-14,T012,G03,G09,16:42,16:42,0,A l'heure,294,98.85
J006101,2026-05-13,T024,G05,G12,18:30,18:30,0,A l'heure,164,57.5
J006102,2026-06-21,T040,G07,G06,06:30,06:35,5,Retarde,176,26.42
J006103,2026-02-01,T020,G03,G09,11:54,12:22,28,Retarde,319,44.66
J006104,2026-01-06,T015,G06,G07,09:48,09:48,0,A l'heure,247,42.39
J006105,2026-01-02,T019,G11,G04,06:06,06:06,0,A l'heure,408,30.64
J006106,2026-04-27,T017,G05,G03,16:18,16:29,11,Retarde,279,34.71
J006107,2025-09-07,T005,G14,G12,11:21,11:21,0,A l'heure,254,71.32
J006108,2026-07-18,T008,G09,G01,11:48,11:48,0,A l'heure,355,73.46
J006109,2026-05-10,T006,G09,G04,10:00,10:00,0,A l'heure,229,100.19
J006110,2026-01-27,T025,G02,G03,20:36,21:35,59,Retarde,302,36.39
J006111,2026-04-18,T039,G08,G06,21:00,21:00,0,A l'heure,152,30.64
J006112,2025-12-17,T020,G04,G12,12:45,12:45,0,A l'heure,475,40.06
J006113,2025-10-08,T015,G09,G04,18:21,18:21,0,A l'heure,369,33.98
J006114,2026-04-14,T005,G08,G14,13:15,13:17,2,Retarde,263,77.98
J006115,2026-05-23,T036,G03,G14,12:06,12:06,0,A l'heure,187,28.04
J006116,2026-04-01,T033,G08,G15,05:15,05:15,0,A l'heure,132,19.47
J006117,2025-09-06,T004,G14,G01,05:45,05:49,4,Retarde,377,111.43
J006118,2026-01-03,T026,G10,G03,06:24,06:24,0,A l'heure,157,56.64
J006119,2026-03-29,T015,G15,G11,10:45,10:45,0,A l'heure,496,40.8
J006120,2026-01-05,T034,G14,G09,07:00,07:00,0,A l'heure,127,22.94
J006121,2025-10-13,T024,G04,G10,08:24,08:24,0,A l'heure,168,33.09
J006122,2026-01-07,T036,G15,G05,11:42,11:42,0,A l'heure,140,17.58
J006123,2025-12-24,T033,G12,G13,17:45,17:47,2,Retarde,145,20.59
J006124,2026-06-16,T004,G09,G04,14:21,14:29,8,Retarde,293,92.53
J006125,2025-09-12,T028,G15,G02,11:54,11:54,0,A l'heure,310,56.69
J006126,2026-01-03,T024,G15,G08,19:21,19:21,0,A l'heure,202,63.27
J006127,2025-10-10,T027,G06,G07,21:18,21:19,1,Retarde,244,41.67
J006128,2026-01-19,T034,G09,G03,21:12,21:43,31,Retarde,84,18.89
J006129,2026-08-04,T038,G02,G05,15:12,15:15,3,Retarde,93,21.41
J006130,2025-11-03,T035,G13,G15,20:45,20:45,0,A l'heure,169,21.99
J006131,2026-08-20,T018,G12,G11,22:54,22:54,0,A l'heure,505,29.02
J006132,2025-11-07,T008,G02,G10,12:48,12:49,1,Retarde,386,79.13
J006133,2026-03-17,T011,G03,G04,12:06,12:06,0,A l'heure,174,81.74
J006134,2025-10-13,T013,G12,G10,09:18,09:18,0,A l'heure,299,85.52
J006135,2025-11-07,T009,G01,G14,14:00,14:00,0,A l'heure,331,74.42
J006136,2026-02-16,T011,G06,G02,05:48,05:48,0,A l'heure,137,96.4
J006137,2026-07-04,T008,G13,G09,08:15,08:15,0,A l'heure,399,67.93
J006138,2026-04-25,T025,G13,G15,05:18,05:18,0,A l'heure,262,43.33
J006139,2025-11-10,T001,G01,G15,15:48,15:48,0,A l'heure,343,78.31
J006140,2026-02-01,T031,G04,G14,13:00,13:00,0,A l'heure,121,24.16
J006141,2026-05-21,T031,G11,G05,15:00,15:00,0,A l'heure,159,24.53
J006142,2026-05-11,T004,G11,G09,14:24,14:24,0,A l'heure,278,102.9
J006143,2026-05-07,T025,G15,G08,10:00,10:05,5,Retarde,331,33.29
J006144,2026-01-16,T008,G12,G08,12:24,12:24,0,A l'heure,355,81.0
J006145,2026-06-30,T031,G06,G04,06:54,06:54,0,A l'heure,109,24.1
J006146,2026-04-05,T019,G05,G14,14:18,14:18,0,A l'heure,517,37.89
J006147,2025-12-21,T004,G03,G04,05:12,05:12,0,A l'heure,375,86.52
J006148,2025-11-06,T020,G10,G14,09:54,09:54,0,A l'heure,255,30.21
J006149,2026-04-14,T034,G04,G07,14:18,14:18,0,A l'heure,174,23.73
J006150,2026-02-05,T006,G05,G02,12:18,12:39,21,Retarde,380,55.71
J006151,2026-05-09,T014,G14,G03,20:21,20:21,0,A l'heure,201,107.96
J006152,2026-05-04,T017,G08,G12,14:06,14:07,1,Retarde,413,44.12
J006153,2025-09-14,T033,G13,G15,17:48,17:48,0,A l'heure,181,29.75
J006154,2026-02-14,T020,G15,G09,16:24,16:27,3,Retarde,400,38.49
J006155,2026-08-12,T006,G11,G09,17:36,17:53,17,Retarde,459,88.31
J006156,2026-05-17,T014,G12,G06,19:36,19:36,0,A l'heure,300,68.49
J006157,2026-08-28,T027,G13,G06,17:15,17:15,0,A l'heure,179,42.63
J006158,2025-09-07,T026,G05,G08,09:30,09:30,0,A l'heure,350,54.55
J006159,2025-09-17,T020,G08,G15,19:36,19:36,0,A l'heure,294,43.73
J006160,2026-04-05,T016,G01,G10,09:24,09:24,0,A l'heure,491,28.94
J006161,2025-11-14,T001,G07,G14,17:18,17:32,14,Retarde,180,98.75
J006162,2026-02-19,T030,G08,G12,16:30,16:30,0,A l'heure,85,23.13
J006163,2026-08-16,T009,G05,G08,22:12,22:12,0,A l'heure,344,87.88
J006164,2025-11-01,T008,G09,G11,19:18,19:18,0,A l'heure,417,84.6
J006165,2025-11-18,T031,G04,G13,10:06,10:07,1,Retarde,109,28.51
J006166,2026-02-11,T010,G09,G05,05:21,05:27,6,Retarde,271,69.78
J006167,2026-07-28,T006,G08,G07,13:42,13:42,0,A l'heure,329,85.48
J006168,2025-12-13,T036,G14,G01,15:45,15:45,0,A l'heure,155,22.44
J006169,2026-05-29,T028,G05,G06,10:06,10:06,0,A l'heure,264,50.36
J006170,2026-06-24,T005,G12,G03,10:24,10:32,8,Retarde,291,65.65
J006171,2026-03-08,T024,G08,G06,13:18,13:18,0,A l'heure,298,68.28
J006172,2026-03-07,T036,G01,G11,06:30,06:30,0,A l'heure,67,28.49
J006173,2026-05-26,T035,G13,G07,16:21,16:21,0,A l'heure,83,23.74
J006174,2026-08-15,T003,G03,G01,18:54,18:54,0,A l'heure,356,118.06
J006175,2025-11-16,T014,G06,G04,16:45,16:45,0,A l'heure,496,84.76
J006176,2025-11-28,T004,G10,G01,10:15,10:15,0,A l'heure,197,71.05
J006177,2025-12-14,T012,G15,G08,13:12,13:12,0,A l'heure,458,99.73
J006178,2026-06-13,T021,G10,G11,11:42,11:56,14,Retarde,325,47.48
J006179,2026-08-22,T039,G05,G11,08:18,08:18,0,A l'heure,145,28.78
J006180,2026-01-26,T007,G04,G01,12:48,12:48,0,A l'heure,463,63.05
J006181,2026-02-22,T006,G06,G07,14:54,14:54,0,A l'heure,286,102.23
J006182,2026-01-10,T033,G08,G12,15:15,15:15,0,A l'heure,102,30.89
J006183,2025-11-02,T007,G09,G01,10:36,10:36,0,A l'heure,351,63.84
J006184,2026-01-06,T035,G11,G01,21:06,21:06,0,A l'heure,149,23.24
J006185,2026-07-11,T033,G06,G07,19:12,19:12,0,A l'heure,186,20.62
J006186,2026-07-28,T037,G01,G11,14:45,14:49,4,Retarde,131,24.57
J006187,2026-02-24,T018,G07,G13,12:21,12:21,0,A l'heure,517,34.55
J006188,2026-08-15,T032,G12,G15,14:45,14:45,0,A l'heure,163,31.89
J006189,2026-02-08,T028,G03,G01,20:06,20:13,7,Retarde,236,53.49
J006190,2026-04-05,T040,G01,G06,05:18,05:18,0,A l'heure,218,22.83
J006191,2025-12-14,T033,G11,G09,19:18,19:27,9,Retarde,134,32.71
J006192,2026-05-04,T029,G10,G15,14:36,14:36,0,A l'heure,165,19.29
J006193,2026-01-03,T025,G03,G12,12:30,12:55,25,Retarde,240,51.71
J006194,2025-11-10,T022,G05,G13,19:18,19:18,0,A l'heure,445,25.86
J006195,2025-10-18,T022,G14,G07,16:24,16:24,0,A l'heure,412,43.46
J006196,2026-02-22,T010,G12,G14,22:45,22:45,0,A l'heure,386,67.8
J006197,2025-12-07,T021,G11,G09,22:15,22:19,4,Retarde,356,44.9
J006198,2026-08-11,T034,G05,G07,10:54,10:56,2,Retarde,164,22.61
J006199,2026-03-20,T010,G06,G15,08:06,08:06,0,A l'heure,361,90.39
J006200,2026-01-22,T014,G02,G12,21:48,22:02,14,Retarde,455,65.16
J006201,2026-04-15,T011,G06,G15,19:18,19:18,0,A l'heure,184,69.75
J006202,2025-10-02,T040,G13,G08,15:06,15:06,0,A l'heure,115,19.04
J006203,2026-08-12,T007,G01,G06,10:45,10:45,0,A l'heure,259,79.25
J006204,2026-07-29,T024,G03,G06,16:36,16:36,0,A l'heure,186,47.28
J006205,2025-11-07,T032,G04,G03,08:06,08:06,0,A l'heure,137,28.37
J006206,2026-02-07,T024,G15,G05,10:12,10:12,0,A l'heure,292,46.11
J006207,2026-03-09,T008,G05,G14,10:54,10:54,0,A l'heure,319,65.36
J006208,2025-09-23,T035,G11,G14,11:21,11:21,0,A l'heure,118,17.34
J006209,2026-04-27,T011,G11,G06,05:48,05:50,2,Retarde,222,74.23
J006210,2026-02-03,T022,G14,G07,17:06,17:06,0,A l'heure,272,35.33
J006211,2026-05-17,T012,G12,G15,16:00,16:06,6,Retarde,425,106.76
J006212,2026-04-14,T015,G12,G01,14:18,14:21,3,Retarde,536,33.81
J006213,2025-10-29,T009,G11,G02,19:30,19:30,0,A l'heure,358,102.52
J006214,2026-06-04,T013,G05,G12,05:54,05:54,0,A l'heure,352,101.1
J006215,2026-08-27,T021,G08,G01,18:15,19:07,52,Retarde,286,25.6
J006216,2025-09-18,T035,G01,G04,21:00,21:00,0,A l'heure,182,22.32
J006217,2025-12-18,T025,G14,G12,20:42,20:57,15,Retarde,113,59.18
J006218,2025-09-29,T016,G11,G02,21:21,22:40,79,Fortement retarde,294,24.94
J006219,2025-10-09,T006,G10,G03,16:48,16:48,0,A l'heure,190,95.17
J006220,2025-12-17,T019,G04,G08,16:45,16:45,0,A l'heure,343,29.17
J006221,2026-07-08,T037,G05,G08,09:12,09:12,0,A l'heure,110,24.99
J006222,2025-10-18,T002,G14,G06,16:45,16:54,9,Retarde,360,89.27
J006223,2026-01-22,T007,G08,G10,15:00,15:01,1,Retarde,386,100.28
J006224,2026-02-05,T035,G02,G11,06:00,06:00,0,A l'heure,144,25.82
J006225,2025-09-13,T011,G11,G08,08:21,08:21,0,A l'heure,330,89.4
J006226,2026-03-04,T016,G09,G07,17:48,17:48,0,A l'heure,422,29.35
J006227,2026-08-26,T034,G10,G13,17:24,17:24,0,A l'heure,81,23.96
J006228,2025-12-23,T006,G07,G14,22:18,22:19,1,Retarde,331,83.59
J006229,2026-07-30,T034,G03,G13,12:54,12:54,0,A l'heure,114,14.77
J006230,2026-08-19,T019,G13,G15,06:54,06:54,0,A l'heure,540,31.73
J006231,2025-12-07,T040,G06,G08,13:15,13:15,0,A l'heure,165,31.79
J006232,2025-09-23,T033,G03,G09,19:45,19:45,0,A l'heure,145,22.03
J006233,2026-03-19,T019,G07,G05,21:48,21:48,0,A l'heure,313,26.32
J006234,2025-11-24,T040,G12,G10,08:00,08:00,0,A l'heure,159,15.94
J006235,2025-11-23,T017,G10,G12,16:06,16:54,48,Retarde,485,45.47
J006236,2025-12-16,T033,G04,G13,06:12,06:12,0,A l'heure,178,15.69
J006237,2026-06-17,T015,G03,G01,13:48,13:48,0,A l'heure,428,42.77
J006238,2026-03-09,T035,G09,G02,13:48,13:48,0,A l'heure,191,14.44
J006239,2026-03-17,T002,G05,G07,14:15,14:15,0,A l'heure,317,65.82
J006240,2025-09-13,T021,G05,G08,13:15,13:20,5,Retarde,454,49.71
J006241,2026-08-27,T034,G10,G11,20:18,20:18,0,A l'heure,108,27.48
J006242,2026-07-08,T007,G15,G03,12:36,12:36,0,A l'heure,283,87.03
J006243,2026-05-16,T024,G12,G04,05:54,05:54,0,A l'heure,254,36.66
J006244,2026-06-21,T035,G03,G08,15:24,15:24,0,A l'heure,156,26.06
J006245,2025-12-21,T030,G07,G10,05:00,05:01,1,Retarde,69,26.72
J006246,2026-06-27,T033,G01,G05,10:15,10:15,0,A l'heure,136,30.04
J006247,2026-01-07,T020,G15,G01,16:42,16:43,1,Retarde,292,34.68
J006248,2026-08-27,T037,G15,G07,12:21,12:21,0,A l'heure,135,15.38
J006249,2025-10-27,T003,G03,G13,08:48,08:48,0,A l'heure,331,57.76
J006250,2025-12-24,T036,G08,G07,16:36,16:36,0,A l'heure,61,17.09
J006251,2026-08-17,T038,G05,G14,14:48,14:48,0,A l'heure,117,20.87
J006252,2026-02-21,T014,G13,G06,16:48,16:48,0,A l'heure,362,67.49
J006253,2026-03-10,T002,G07,G03,12:06,12:06,0,A l'heure,284,78.47
J006254,2025-11-27,T023,G01,G11,15:21,15:21,0,A l'heure,175,48.97
J006255,2026-01-07,T026,G11,G15,06:12,06:39,27,Retarde,142,49.95
J006256,2025-09-21,T035,G07,G10,17:12,17:12,0,A l'heure,185,27.5
J006257,2026-01-07,T033,G08,G11,09:36,09:37,1,Retarde,114,26.04
J006258,2026-04-17,T017,G11,G09,09:36,09:49,13,Retarde,368,43.85
J006259,2026-02-04,T031,G06,G02,14:48,14:48,0,A l'heure,168,25.36
J006260,2026-08-08,T020,G07,G13,17:00,17:01,1,Retarde,367,45.96
J006261,2025-12-02,T005,G09,G05,22:15,,0,Annule,425,95.32
J006262,2026-03-24,T037,G05,G11,07:36,08:06,30,Retarde,102,28.3
J006263,2026-02-13,T023,G10,G01,21:45,21:45,0,A l'heure,155,52.87
J006264,2025-09-04,T024,G15,G11,11:15,11:15,0,A l'heure,267,44.1
J006265,2025-11-27,T010,G09,G06,18:36,18:36,0,A l'heure,226,86.47
J006266,2026-06-14,T009,G12,G15,13:48,14:01,13,Retarde,270,76.77
J006267,2026-02-10,T006,G02,G10,05:36,05:38,2,Retarde,366,82.67
J006268,2026-01-06,T005,G03,G01,10:48,10:56,8,Retarde,338,53.74
J006269,2025-12-14,T039,G12,G06,17:00,17:00,0,A l'heure,199,17.97
J006270,2026-03-21,T020,G03,G01,13:06,13:06,0,A l'heure,451,33.14
J006271,2025-10-17,T021,G01,G15,18:54,19:03,9,Retarde,406,26.67
J006272,2026-01-01,T036,G10,G14,14:15,14:15,0,A l'heure,116,15.27
J006273,2025-09-04,T009,G05,G07,08:36,08:36,0,A l'heure,257,54.36
J006274,2026-05-02,T020,G15,G04,10:15,10:15,0,A l'heure,575,29.65
J006275,2026-02-19,T030,G02,G12,11:45,11:45,0,A l'heure,151,27.09
J006276,2025-12-25,T014,G10,G13,21:15,21:18,3,Retarde,456,55.19
J006277,2026-03-03,T025,G15,G09,08:42,08:42,0,A l'heure,157,44.04
J006278,2025-10-20,T012,G10,G11,08:54,08:58,4,Retarde,353,72.64
J006279,2026-08-06,T004,G13,G04,12:24,12:41,17,Retarde,142,100.52
J006280,2026-01-26,T007,G10,G11,22:48,22:48,0,A l'heure,181,99.89
J006281,2026-03-18,T018,G14,G06,05:00,05:00,0,A l'heure,428,32.48
J006282,2025-09-12,T026,G08,G01,21:15,21:21,6,Retarde,163,38.82
J006283,2026-07-09,T011,G02,G14,13:15,13:15,0,A l'heure,448,77.24
J006284,2025-09-28,T033,G14,G02,15:48,15:48,0,A l'heure,111,24.76
J006285,2025-09-21,T011,G03,G09,06:36,06:36,0,A l'heure,382,99.59
J006286,2025-10-08,T029,G05,G12,21:12,21:12,0,A l'heure,126,15.22
J006287,2026-06-06,T018,G02,G06,17:42,17:42,0,A l'heure,438,49.2
J006288,2025-11-30,T005,G13,G09,21:12,21:33,21,Retarde,302,76.65
J006289,2025-09-25,T022,G10,G13,20:21,20:21,0,A l'heure,419,39.56
J006290,2026-01-31,T028,G03,G10,14:42,15:40,58,Retarde,281,65.14
J006291,2025-12-29,T039,G14,G12,21:24,21:27,3,Retarde,167,17.68
J006292,2026-01-04,T040,G06,G10,07:12,07:21,9,Retarde,159,27.98
J006293,2026-01-28,T021,G10,G03,09:30,09:30,0,A l'heure,297,24.85
J006294,2026-04-25,T026,G14,G05,08:18,08:18,0,A l'heure,284,36.68
J006295,2026-08-13,T008,G15,G05,12:24,12:24,0,A l'heure,361,103.41
J006296,2026-01-02,T011,G03,G13,11:54,11:54,0,A l'heure,225,53.72
J006297,2026-03-07,T024,G05,G09,22:21,22:31,10,Retarde,282,58.28
J006298,2026-08-21,T024,G11,G14,07:48,07:48,0,A l'heure,207,37.1
J006299,2026-05-13,T008,G04,G14,11:30,11:31,1,Retarde,248,97.33
J006300,2026-08-25,T015,G03,G14,18:42,18:59,17,Retarde,156,23.7
J006301,2026-01-26,T024,G02,G14,15:42,15:50,8,Retarde,142,37.92
J006302,2025-09-09,T005,G02,G05,17:36,17:36,0,A l'heure,339,101.59
J006303,2026-03-24,T027,G12,G06,13:15,13:15,0,A l'heure,213,45.02
J006304,2026-02-18,T017,G02,G08,11:45,11:45,0,A l'heure,277,33.5
J006305,2025-11-28,T024,G05,G08,05:12,05:15,3,Retarde,168,44.17
J006306,2026-07-27,T002,G04,G07,19:12,19:12,0,A l'heure,381,81.0
J006307,2026-02-25,T024,G04,G07,17:12,17:12,0,A l'heure,174,47.92
J006308,2026-03-26,T020,G01,G15,09:12,09:12,0,A l'heure,340,36.66
J006309,2025-09-18,T040,G03,G10,05:54,05:58,4,Retarde,103,22.21
J006310,2025-11-23,T019,G05,G11,05:36,05:36,0,A l'heure,334,38.82
J006311,2025-10-26,T033,G11,G01,22:21,22:26,5,Retarde,180,20.48
J006312,2025-11-26,T036,G05,G09,07:45,07:57,12,Retarde,122,17.8
J006313,2026-03-04,T030,G15,G12,18:42,18:42,0,A l'heure,139,14.79
J006314,2026-07-13,T010,G12,G13,18:18,18:18,0,A l'heure,333,85.79
J006315,2025-11-10,T028,G11,G03,18:00,18:11,11,Retarde,266,48.15
J006316,2026-08-09,T022,G06,G01,20:15,20:15,0,A l'heure,500,48.8
J006317,2025-12-12,T032,G10,G04,18:36,18:36,0,A l'heure,98,19.67
J006318,2026-05-23,T014,G01,G10,15:36,15:36,0,A l'heure,266,73.53
J006319,2026-06-27,T040,G09,G02,19:24,19:24,0,A l'heure,157,30.59
J006320,2025-11-30,T014,G10,G12,13:30,13:30,0,A l'heure,380,103.31
J006321,2026-03-24,T030,G11,G05,07:24,07:24,0,A l'heure,100,16.33
J006322,2026-05-08,T003,G10,G01,14:42,15:02,20,Retarde,503,80.36
J006323,2025-10-31,T032,G13,G05,18:00,18:00,0,A l'heure,92,22.85
J006324,2025-10-13,T007,G06,G09,15:45,15:45,0,A l'heure,260,60.74
J006325,2026-04-09,T034,G12,G11,08:15,08:15,0,A l'heure,107,22.49
J006326,2026-07-13,T025,G01,G14,16:45,16:45,0,A l'heure,201,44.57
J006327,2026-05-19,T030,G13,G03,20:12,20:12,0,A l'heure,80,24.17
J006328,2026-07-16,T029,G13,G03,07:24,07:24,0,A l'heure,84,22.74
J006329,2026-05-19,T031,G03,G13,21:12,21:12,0,A l'heure,129,14.44
J006330,2025-09-25,T020,G08,G03,07:54,07:57,3,Retarde,151,34.58
J006331,2025-09-06,T012,G10,G13,20:21,20:21,0,A l'heure,397,100.99
J006332,2026-08-28,T008,G08,G09,14:45,14:56,11,Retarde,299,83.05
J006333,2026-07-08,T025,G01,G10,14:21,14:42,21,Retarde,220,33.72
J006334,2026-03-27,T022,G03,G13,18:54,18:54,0,A l'heure,217,34.2
J006335,2026-06-01,T025,G12,G07,14:18,14:18,0,A l'heure,222,41.09
J006336,2026-04-13,T033,G13,G10,05:15,05:15,0,A l'heure,136,19.1
J006337,2026-01-05,T033,G15,G01,20:48,20:48,0,A l'heure,128,14.76
J006338,2025-09-30,T021,G03,G14,07:48,07:58,10,Retarde,191,36.44
J006339,2026-02-20,T021,G03,G04,11:15,11:37,22,Retarde,370,25.42
J006340,2025-09-09,T024,G07,G02,12:24,13:02,38,Retarde,235,57.44
J006341,2026-06-29,T036,G13,G12,09:45,09:45,0,A l'heure,127,25.03
J006342,2025-12-25,T016,G09,G02,14:21,14:24,3,Retarde,477,39.59
J006343,2026-04-13,T002,G08,G02,16:45,16:45,0,A l'heure,247,73.18
J006344,2025-10-08,T001,G13,G11,08:48,08:49,1,Retarde,318,73.27
J006345,2026-06-29,T019,G09,G04,13:54,13:59,5,Retarde,367,27.28
J006346,2025-10-14,T007,G15,G03,15:30,15:30,0,A l'heure,442,89.55
J006347,2025-11-21,T017,G13,G03,12:30,12:30,0,A l'heure,264,29.35
J006348,2026-05-15,T039,G15,G13,17:36,17:36,0,A l'heure,86,24.92
J006349,2025-11-24,T009,G06,G15,14:54,14:54,0,A l'heure,104,103.22
J006350,2025-10-02,T029,G15,G01,15:54,16:10,16,Retarde,90,14.68
J006351,2025-10-27,T028,G12,G14,08:48,08:48,0,A l'heure,206,46.21
J006352,2026-03-20,T030,G13,G03,06:42,06:42,0,A l'heure,164,27.87
J006353,2025-09-17,T011,G07,G08,14:45,14:46,1,Retarde,305,83.8
J006354,2025-11-05,T036,G04,G03,20:06,20:21,15,Retarde,166,23.27
J006355,2026-07-04,T040,G13,G12,22:54,22:54,0,A l'heure,180,23.0
J006356,2025-10-11,T025,G08,G07,10:21,10:21,0,A l'heure,345,67.4
J006357,2026-02-15,T004,G10,G12,10:24,10:24,0,A l'heure,301,90.93
J006358,2025-12-31,T017,G11,G01,12:54,12:55,1,Retarde,347,40.08
J006359,2026-06-11,T027,G13,G07,17:21,17:21,0,A l'heure,334,31.69
J006360,2025-12-09,T011,G12,G07,22:00,22:00,0,A l'heure,392,73.21
J006361,2025-12-17,T038,G15,G04,06:18,06:18,0,A l'heure,134,14.41
J006362,2026-01-16,T020,G04,G08,06:21,06:29,8,Retarde,497,24.13
J006363,2025-11-28,T031,G12,G09,06:15,06:15,0,A l'heure,88,14.72
J006364,2025-11-07,T032,G14,G11,11:24,11:25,1,Retarde,117,18.08
J006365,2025-12-30,T011,G01,G12,12:30,12:31,1,Retarde,322,76.12
J006366,2026-03-29,T001,G06,G10,05:54,06:00,6,Retarde,380,91.32
J006367,2026-03-03,T020,G07,G08,08:30,08:30,0,A l'heure,281,24.78
J006368,2026-04-02,T016,G07,G13,09:54,10:01,7,Retarde,609,30.02
J006369,2025-12-27,T032,G08,G10,08:42,08:42,0,A l'heure,181,27.43
J006370,2026-05-26,T038,G07,G11,06:21,06:21,0,A l'heure,79,18.33
J006371,2025-12-07,T030,G01,G02,13:36,13:36,0,A l'heure,158,19.88
J006372,2026-02-17,T019,G05,G09,20:06,20:23,17,Retarde,395,28.9
J006373,2025-11-07,T034,G11,G05,16:24,16:24,0,A l'heure,77,24.88
J006374,2025-09-21,T007,G09,G06,10:00,10:00,0,A l'heure,431,100.14
J006375,2025-12-24,T004,G11,G08,05:21,05:21,0,A l'heure,372,56.1
J006376,2026-01-27,T005,G01,G15,10:21,10:21,0,A l'heure,385,86.57
J006377,2025-11-04,T011,G09,G03,14:36,14:42,6,Retarde,254,80.92
J006378,2026-08-08,T008,G12,G06,06:30,06:30,0,A l'heure,158,94.45
J006379,2025-10-02,T030,G12,G05,13:30,13:30,0,A l'heure,181,21.69
J006380,2025-11-25,T023,G08,G07,20:48,20:51,3,Retarde,205,59.54
J006381,2026-01-25,T037,G08,G04,08:45,08:50,5,Retarde,151,22.83
J006382,2025-11-22,T024,G06,G12,16:42,17:17,35,Retarde,320,38.93
J006383,2026-01-06,T018,G10,G07,17:30,17:30,0,A l'heure,337,37.11
J006384,2026-01-05,T036,G12,G11,10:42,10:42,0,A l'heure,140,26.9
J006385,2025-12-18,T037,G08,G12,07:42,07:42,0,A l'heure,54,24.85
J006386,2026-05-12,T006,G09,G06,07:12,07:13,1,Retarde,322,100.68
J006387,2026-08-13,T022,G05,G07,11:15,11:15,0,A l'heure,322,26.73
J006388,2026-02-16,T008,G12,G01,21:24,21:25,1,Retarde,289,100.18
J006389,2026-03-09,T006,G14,G03,07:15,07:15,0,A l'heure,347,60.5
J006390,2026-01-16,T019,G15,G02,08:15,08:15,0,A l'heure,253,28.82
J006391,2025-10-05,T013,G09,G14,07:12,07:12,0,A l'heure,361,93.62
J006392,2026-01-04,T014,G09,G08,13:12,13:12,0,A l'heure,261,100.87
J006393,2026-07-06,T038,G05,G10,09:00,09:00,0,A l'heure,55,22.82
J006394,2026-04-04,T009,G14,G12,10:30,10:37,7,Retarde,320,78.21
J006395,2026-07-30,T006,G05,G04,09:00,09:00,0,A l'heure,375,63.12
J006396,2026-05-23,T026,G10,G12,17:12,17:12,0,A l'heure,207,47.4
J006397,2026-08-20,T016,G11,G09,21:36,21:36,0,A l'heure,196,27.13
J006398,2026-02-01,T031,G13,G10,19:18,19:44,26,Retarde,174,27.22
J006399,2025-11-04,T009,G07,G11,16:54,16:58,4,Retarde,288,92.51
J006400,2026-08-10,T028,G15,G12,05:48,05:57,9,Retarde,263,44.0
J006401,2026-02-22,T029,G03,G14,16:15,16:15,0,A l'heure,107,32.24
J006402,2025-09-03,T007,G02,G01,14:24,14:24,0,A l'heure,265,59.99
J006403,2026-04-30,T010,G08,G03,17:54,17:54,0,A l'heure,385,61.0
J006404,2026-03-06,T001,G03,G01,09:45,09:45,0,A l'heure,338,77.02
J006405,2025-09-11,T017,G06,G03,11:24,11:24,0,A l'heure,256,41.87
J006406,2025-10-13,T032,G06,G15,21:21,21:21,0,A l'heure,100,27.04
J006407,2026-04-13,T014,G11,G15,11:54,11:54,0,A l'heure,369,54.66
J006408,2026-02-22,T036,G08,G12,22:36,22:36,0,A l'heure,81,29.58
J006409,2026-05-30,T004,G07,G08,09:54,09:54,0,A l'heure,437,63.8
J006410,2026-01-14,T027,G13,G04,19:42,19:42,0,A l'heure,173,34.44
J006411,2026-07-08,T009,G07,G12,07:54,07:54,0,A l'heure,299,102.48
J006412,2026-04-26,T013,G12,G09,17:00,17:00,0,A l'heure,324,91.11
J006413,2026-02-09,T006,G03,G15,16:24,16:24,0,A l'heure,431,77.02
J006414,2025-12-03,T019,G05,G09,05:15,05:22,7,Retarde,373,39.04
J006415,2026-02-18,T029,G09,G12,10:24,10:28,4,Retarde,184,19.6
J006416,2026-05-03,T034,G09,G03,15:36,15:36,0,A l'heure,116,19.35
J006417,2026-06-16,T016,G06,G14,08:00,08:01,1,Retarde,330,34.74
J006418,2026-07-17,T018,G12,G01,22:12,22:12,0,A l'heure,352,39.7
J006419,2026-04-05,T004,G04,G14,12:12,12:12,0,A l'heure,450,61.9
J006420,2025-09-04,T025,G05,G15,15:06,15:54,48,Retarde,217,47.03
J006421,2026-04-28,T022,G01,G03,05:15,05:22,7,Retarde,427,43.74
J006422,2026-07-03,T001,G12,G14,16:24,16:46,22,Retarde,379,73.27
J006423,2025-10-09,T010,G06,G03,12:24,12:24,0,A l'heure,351,79.37
J006424,2026-07-29,T030,G10,G09,09:21,09:21,0,A l'heure,149,18.34
J006425,2025-11-06,T036,G02,G14,12:15,12:15,0,A l'heure,129,20.32
J006426,2025-11-30,T040,G04,G09,12:30,12:30,0,A l'heure,165,27.23
J006427,2026-02-26,T004,G12,G07,10:24,10:24,0,A l'heure,316,76.49
J006428,2026-04-29,T025,G10,G12,06:00,06:00,0,A l'heure,61,55.62
J006429,2026-07-28,T035,G01,G09,20:42,20:43,1,Retarde,88,18.74
J006430,2026-08-08,T039,G03,G12,22:42,22:42,0,A l'heure,176,31.68
J006431,2025-12-21,T004,G11,G02,18:12,18:12,0,A l'heure,335,115.55
J006432,2025-11-22,T032,G10,G15,07:21,07:21,0,A l'heure,195,25.04
J006433,2026-06-22,T032,G01,G02,07:54,07:54,0,A l'heure,110,26.77
J006434,2026-08-04,T036,G02,G04,14:00,14:00,0,A l'heure,187,15.26
J006435,2025-11-14,T036,G07,G01,09:06,09:19,13,Retarde,53,24.41
J006436,2025-11-02,T017,G06,G03,08:30,08:32,2,Retarde,483,43.5
J006437,2026-06-10,T020,G10,G04,05:36,05:36,0,A l'heure,375,30.87
J006438,2026-02-05,T032,G15,G04,14:42,14:42,0,A l'heure,147,25.08
J006439,2025-12-16,T001,G05,G15,16:21,16:21,0,A l'heure,367,62.81
J006440,2026-01-09,T025,G01,G03,08:18,09:03,45,Retarde,143,53.61
J006441,2026-06-05,T040,G08,G14,14:42,14:42,0,A l'heure,158,22.22
J006442,2025-09-09,T004,G01,G05,07:00,07:00,0,A l'heure,388,58.96
J006443,2026-04-04,T033,G03,G01,09:06,09:06,0,A l'heure,181,19.01
J006444,2025-12-31,T002,G05,G12,22:06,22:06,0,A l'heure,76,62.55
J006445,2025-11-23,T011,G11,G12,05:48,05:48,0,A l'heure,450,81.1
J006446,2026-04-21,T007,G03,G10,19:54,19:54,0,A l'heure,279,64.32
J006447,2025-10-22,T017,G08,G02,08:36,08:45,9,Retarde,398,23.3
J006448,2025-11-29,T005,G09,G11,07:00,07:00,0,A l'heure,419,110.96
J006449,2025-11-16,T004,G15,G08,05:48,05:48,0,A l'heure,294,116.97
J006450,2026-08-12,T028,G14,G08,09:06,09:06,0,A l'heure,233,32.56
J006451,2026-06-21,T007,G08,G02,12:30,12:30,0,A l'heure,457,112.14
J006452,2025-11-04,T039,G10,G12,16:24,16:24,0,A l'heure,170,28.62
J006453,2026-04-12,T031,G12,G07,14:00,14:00,0,A l'heure,171,25.73
J006454,2026-04-17,T025,G13,G05,07:24,07:24,0,A l'heure,131,42.49
J006455,2026-04-25,T038,G05,G14,14:24,14:24,0,A l'heure,187,33.02
J006456,2026-08-06,T034,G04,G15,17:06,17:06,0,A l'heure,116,25.47
J006457,2026-02-14,T036,G06,G15,12:00,12:31,31,Retarde,172,26.54
J006458,2026-01-10,T004,G04,G08,19:45,19:45,0,A l'heure,389,75.94
J006459,2026-06-12,T033,G12,G01,06:30,06:46,16,Retarde,95,14.74
J006460,2026-04-15,T025,G10,G11,16:30,16:30,0,A l'heure,135,57.25
J006461,2026-07-01,T029,G13,G04,10:15,10:28,13,Retarde,47,20.91
J006462,2026-01-07,T039,G06,G14,06:21,06:30,9,Retarde,117,18.52
J006463,2026-06-21,T030,G01,G03,10:36,10:36,0,A l'heure,135,25.04
J006464,2025-11-29,T023,G04,G14,08:24,08:24,0,A l'heure,264,60.6
J006465,2025-12-08,T012,G13,G08,20:45,20:58,13,Retarde,446,80.36
J006466,2026-03-01,T027,G09,G04,16:30,16:30,0,A l'heure,350,63.55
J006467,2025-12-07,T024,G06,G04,22:21,22:21,0,A l'heure,284,48.12
J006468,2026-03-07,T020,G07,G01,15:45,15:45,0,A l'heure,416,38.52
J006469,2025-11-04,T022,G06,G02,20:54,20:54,0,A l'heure,520,22.59
J006470,2026-08-26,T031,G03,G10,12:06,12:06,0,A l'heure,107,17.13
J006471,2026-01-14,T028,G01,G15,16:24,16:24,0,A l'heure,214,52.84
J006472,2026-08-06,T007,G01,G09,20:18,20:27,9,Retarde,401,75.02
J006473,2025-10-12,T018,G02,G10,08:30,08:30,0,A l'heure,453,26.11
J006474,2025-12-24,T020,G07,G03,12:30,12:41,11,Retarde,278,34.35
J006475,2025-12-06,T012,G09,G06,07:42,07:42,0,A l'heure,327,63.42
J006476,2026-02-14,T035,G06,G13,21:30,21:46,16,Retarde,139,19.89
J006477,2026-02-25,T019,G09,G13,18:54,18:54,0,A l'heure,411,37.52
J006478,2026-07-13,T003,G01,G04,17:45,17:59,14,Retarde,285,63.5
J006479,2026-03-30,T021,G15,G02,09:18,09:28,10,Retarde,310,39.31
J006480,2025-11-09,T021,G07,G15,16:42,16:42,0,A l'heure,417,36.56
J006481,2026-08-26,T039,G11,G12,22:30,22:30,0,A l'heure,178,21.34
J006482,2026-08-19,T003,G10,G14,20:12,20:12,0,A l'heure,184,61.15
J006483,2025-09-04,T002,G09,G02,11:15,11:15,0,A l'heure,194,61.31
J006484,2026-08-18,T011,G01,G14,08:45,08:45,0,A l'heure,407,98.41
J006485,2026-04-01,T027,G12,G09,07:36,07:36,0,A l'heure,181,39.76
J006486,2026-02-13,T039,G07,G04,21:06,21:17,11,Retarde,121,23.23
J006487,2026-04-07,T024,G08,G10,06:12,06:12,0,A l'heure,230,35.57
J006488,2026-02-24,T018,G13,G04,22:12,22:12,0,A l'heure,473,26.59
J006489,2026-02-22,T021,G01,G09,19:30,19:30,0,A l'heure,338,36.67
J006490,2026-06-12,T013,G12,G10,20:12,20:12,0,A l'heure,270,55.0
J006491,2025-11-24,T001,G05,G08,07:12,07:18,6,Retarde,390,76.14
J006492,2026-03-30,T029,G06,G07,11:00,11:00,0,A l'heure,103,15.82
J006493,2026-04-10,T033,G09,G06,22:15,22:15,0,A l'heure,97,18.43
J006494,2026-04-24,T015,G13,G02,05:54,05:54,0,A l'heure,414,32.2
J006495,2026-04-11,T028,G08,G12,19:42,19:42,0,A l'heure,267,50.56
J006496,2025-09-24,T010,G07,G12,21:54,21:58,4,Retarde,305,59.02
J006497,2025-11-30,T012,G01,G06,22:24,22:24,0,A l'heure,375,92.91
J006498,2025-11-18,T018,G10,G01,15:15,15:32,17,Retarde,338,40.69
J006499,2025-12-24,T039,G11,G07,18:15,18:15,0,A l'heure,92,22.29
J006500,2025-12-02,T014,G03,G02,20:54,20:54,0,A l'heure,277,87.59
J006501,2026-08-03,T007,G15,G13,12:48,12:59,11,Retarde,325,84.38
J006502,2026-04-10,T004,G11,G10,22:24,22:24,0,A l'heure,309,55.38
J006503,2025-10-15,T029,G05,G13,08:24,08:26,2,Retarde,141,14.5
J006504,2026-01-09,T030,G02,G12,06:12,06:19,7,Retarde,118,27.6
J006505,2025-10-03,T007,G10,G06,05:30,05:36,6,Retarde,431,88.22
J006506,2026-06-10,T020,G11,G01,12:54,12:57,3,Retarde,332,41.39
J006507,2026-02-28,T029,G15,G04,15:48,15:48,0,A l'heure,167,18.34
J006508,2026-03-01,T021,G13,G07,11:18,11:18,0,A l'heure,447,28.21
J006509,2025-10-15,T024,G07,G06,20:24,20:24,0,A l'heure,185,42.12
J006510,2026-01-15,T036,G03,G12,11:15,11:21,6,Retarde,66,23.6
J006511,2025-09-20,T005,G09,G13,14:00,14:24,24,Retarde,450,87.23
J006512,2025-12-02,T035,G02,G10,19:45,19:45,0,A l'heure,129,17.0
J006513,2026-07-28,T006,G08,G12,10:48,10:51,3,Retarde,184,82.89
J006514,2026-02-10,T024,G10,G14,13:21,13:21,0,A l'heure,220,56.19
J006515,2026-07-16,T016,G04,G14,22:54,23:28,34,Retarde,255,35.73
J006516,2025-12-21,T002,G11,G15,14:00,14:00,0,A l'heure,264,77.29
J006517,2026-08-27,T034,G15,G07,14:30,14:30,0,A l'heure,85,24.99
J006518,2026-06-17,T032,G02,G12,13:45,13:45,0,A l'heure,129,28.5
J006519,2025-09-09,T007,G10,G09,12:45,12:48,3,Retarde,192,88.3
J006520,2026-02-01,T012,G01,G10,17:12,17:12,0,A l'heure,361,99.16
J006521,2026-04-05,T017,G12,G07,09:36,09:43,7,Retarde,360,36.04
J006522,2026-02-01,T026,G13,G07,20:00,20:26,26,Retarde,252,48.13
J006523,2026-03-07,T038,G14,G10,05:45,05:45,0,A l'heure,165,19.19
J006524,2025-12-03,T009,G05,G02,05:42,05:54,12,Retarde,404,92.69
J006525,2026-07-03,T029,G04,G09,05:45,06:02,17,Retarde,61,16.65
J006526,2026-07-25,T006,G10,G02,21:00,21:00,0,A l'heure,361,118.24
J006527,2025-12-13,T019,G07,G14,17:45,18:02,17,Retarde,472,50.17
J006528,2026-08-28,T026,G02,G05,13:24,13:24,0,A l'heure,116,58.13
J006529,2026-05-10,T026,G02,G06,21:30,21:30,0,A l'heure,262,53.4
J006530,2025-10-31,T003,G04,G10,13:42,13:43,1,Retarde,190,90.24
J006531,2026-05-03,T019,G15,G06,18:54,18:54,0,A l'heure,352,48.3
J006532,2026-01-25,T018,G08,G15,11:15,11:33,18,Retarde,514,48.09
J006533,2026-08-20,T030,G05,G15,12:30,12:30,0,A l'heure,81,19.63
J006534,2026-07-24,T025,G02,G07,08:54,08:54,0,A l'heure,60,52.8
J006535,2025-11-30,T017,G02,G15,15:45,15:45,0,A l'heure,404,42.59
J006536,2026-02-12,T001,G04,G02,18:18,18:43,25,Retarde,272,58.02
J006537,2026-06-04,T006,G01,G02,20:45,20:50,5,Retarde,222,63.65
J006538,2026-04-27,T006,G04,G02,21:00,21:05,5,Retarde,279,68.92
J006539,2026-07-21,T002,G08,G11,21:36,21:36,0,A l'heure,167,93.26
J006540,2026-05-10,T016,G06,G13,08:15,08:15,0,A l'heure,413,25.87
J006541,2026-04-04,T009,G13,G12,13:18,13:18,0,A l'heure,390,67.74
J006542,2026-03-17,T003,G10,G15,17:21,17:21,0,A l'heure,303,58.58
J006543,2026-08-16,T028,G02,G08,06:21,06:27,6,Retarde,299,41.25
J006544,2026-06-25,T012,G01,G04,05:18,05:18,0,A l'heure,258,67.39
J006545,2026-08-14,T011,G15,G13,19:21,19:21,0,A l'heure,339,80.09
J006546,2026-06-21,T001,G07,G08,11:48,11:48,0,A l'heure,326,72.47
J006547,2026-01-26,T005,G13,G05,06:24,06:24,0,A l'heure,281,101.16
J006548,2026-05-15,T032,G07,G03,18:36,18:36,0,A l'heure,118,22.34
J006549,2026-03-21,T018,G02,G06,05:36,07:05,89,Fortement retarde,288,42.59
J006550,2026-03-16,T015,G05,G10,18:48,18:48,0,A l'heure,481,22.83
J006551,2025-11-16,T038,G14,G03,15:24,15:35,11,Retarde,163,21.44
J006552,2025-09-23,T026,G01,G11,22:15,22:15,0,A l'heure,207,58.24
J006553,2026-02-05,T040,G08,G13,10:48,10:48,0,A l'heure,132,23.43
J006554,2025-11-08,T029,G07,G15,08:21,08:21,0,A l'heure,164,27.29
J006555,2025-11-18,T002,G03,G15,13:00,13:00,0,A l'heure,325,56.95
J006556,2026-05-01,T039,G04,G01,15:00,15:00,0,A l'heure,137,21.54
J006557,2025-11-11,T010,G02,G07,20:06,20:06,0,A l'heure,467,84.88
J006558,2025-12-13,T002,G11,G09,05:54,06:00,6,Retarde,434,77.73
J006559,2026-04-01,T007,G02,G05,07:24,07:27,3,Retarde,471,53.19
J006560,2026-05-03,T008,G03,G13,19:36,19:36,0,A l'heure,261,75.56
J006561,2026-06-29,T038,G13,G02,13:24,13:27,3,Retarde,182,20.73
J006562,2026-07-31,T023,G06,G14,18:12,18:13,1,Retarde,153,31.59
J006563,2026-03-28,T036,G10,G06,09:54,09:54,0,A l'heure,189,32.26
J006564,2026-02-11,T031,G10,G05,06:24,06:24,0,A l'heure,175,17.95
J006565,2026-06-07,T026,G06,G14,13:36,14:04,28,Retarde,350,61.18
J006566,2025-11-17,T029,G07,G06,18:21,18:22,1,Retarde,177,17.71
J006567,2026-03-02,T004,G02,G07,19:24,19:24,0,A l'heure,249,76.06
J006568,2025-09-17,T040,G10,G02,09:00,09:00,0,A l'heure,183,15.36
J006569,2026-02-11,T014,G05,G03,16:21,16:21,0,A l'heure,231,77.35
J006570,2025-09-02,T012,G04,G13,18:18,18:18,0,A l'heure,462,69.27
J006571,2026-08-22,T036,G08,G04,10:21,10:29,8,Retarde,130,18.65
J006572,2026-05-11,T009,G09,G13,09:54,,0,Annule,381,74.78
J006573,2025-10-21,T024,G10,G11,20:45,20:45,0,A l'heure,216,53.58
J006574,2026-02-11,T009,G04,G12,15:12,15:15,3,Retarde,270,65.07
J006575,2026-02-08,T022,G08,G11,12:15,12:15,0,A l'heure,389,43.61
J006576,2025-12-23,T023,G05,G11,06:54,07:32,38,Retarde,238,38.34
J006577,2026-05-27,T014,G06,G02,08:00,08:04,4,Retarde,318,90.87
J006578,2026-08-14,T027,G10,G13,10:30,10:30,0,A l'heure,228,34.28
J006579,2025-11-17,T032,G13,G15,05:48,05:48,0,A l'heure,143,28.52
J006580,2026-02-28,T036,G05,G11,05:48,05:49,1,Retarde,128,26.75
J006581,2026-01-08,T021,G04,G13,20:12,20:12,0,A l'heure,372,37.15
J006582,2025-09-24,T039,G12,G14,09:45,09:45,0,A l'heure,89,16.88
J006583,2025-12-29,T027,G11,G01,16:15,16:15,0,A l'heure,194,30.49
J006584,2025-11-02,T030,G06,G12,19:15,19:15,0,A l'heure,128,20.75
J006585,2026-01-14,T003,G10,G07,06:21,06:22,1,Retarde,306,78.5
J006586,2026-08-26,T024,G04,G10,08:15,08:15,0,A l'heure,234,57.8
J006587,2026-02-03,T005,G03,G09,21:24,21:29,5,Retarde,202,64.39
J006588,2026-01-09,T004,G10,G04,18:24,18:24,0,A l'heure,384,70.64
J006589,2026-08-19,T003,G04,G13,15:15,15:15,0,A l'heure,258,91.17
J006590,2026-07-01,T040,G13,G06,20:00,20:00,0,A l'heure,123,15.4
J006591,2025-12-02,T016,G08,G05,11:36,11:36,0,A l'heure,478,26.33
J006592,2026-08-31,T034,G14,G10,21:15,21:15,0,A l'heure,164,26.4
J006593,2026-05-26,T005,G05,G06,17:21,17:21,0,A l'heure,250,97.84
J006594,2026-04-16,T019,G05,G06,18:54,18:54,0,A l'heure,577,35.82
J006595,2025-11-12,T037,G09,G13,12:21,12:21,0,A l'heure,128,24.27
J006596,2026-07-03,T021,G12,G14,08:15,08:29,14,Retarde,167,31.64
J006597,2026-06-02,T034,G04,G09,08:24,08:30,6,Retarde,138,21.44
J006598,2026-05-27,T002,G10,G11,13:42,13:43,1,Retarde,341,69.96
J006599,2026-04-05,T021,G07,G12,08:15,08:15,0,A l'heure,546,51.32
J006600,2026-01-21,T033,G04,G05,21:12,21:12,0,A l'heure,157,19.06
J006601,2026-01-15,T027,G01,G13,13:45,13:47,2,Retarde,109,36.88
J006602,2026-02-16,T016,G08,G03,20:30,20:31,1,Retarde,300,23.72
J006603,2025-09-03,T019,G12,G14,09:15,09:38,23,Retarde,448,28.46
J006604,2026-07-29,T021,G10,G15,14:36,14:55,19,Retarde,300,38.98
J006605,2025-10-17,T030,G03,G15,10:54,10:54,0,A l'heure,91,15.88
J006606,2025-10-02,T024,G08,G03,17:18,17:19,1,Retarde,156,48.34
J006607,2025-11-19,T026,G05,G15,21:42,21:42,0,A l'heure,208,44.19
J006608,2026-08-12,T002,G02,G03,20:21,20:36,15,Retarde,280,77.49
J006609,2026-05-16,T014,G13,G01,14:30,14:30,0,A l'heure,338,119.45
J006610,2026-06-29,T029,G08,G03,10:36,10:36,0,A l'heure,33,25.23
J006611,2026-08-17,T003,G11,G14,22:42,23:21,39,Retarde,364,77.59
J006612,2025-11-15,T022,G14,G06,05:48,05:48,0,A l'heure,461,42.18
J006613,2026-02-26,T031,G13,G03,12:24,12:24,0,A l'heure,114,17.0
J006614,2026-02-27,T006,G10,G08,12:42,12:51,9,Retarde,319,56.44
J006615,2026-02-10,T017,G09,G02,13:42,13:42,0,A l'heure,222,34.6
J006616,2025-10-26,T028,G06,G08,06:06,06:06,0,A l'heure,184,56.4
J006617,2026-07-20,T026,G03,G05,13:42,14:05,23,Retarde,141,45.58
J006618,2026-08-12,T012,G07,G15,12:18,12:39,21,Retarde,263,74.85
J006619,2026-01-08,T028,G06,G01,11:30,11:30,0,A l'heure,204,54.62
J006620,2026-05-08,T026,G10,G05,05:45,05:58,13,Retarde,279,47.18
J006621,2026-06-13,T032,G04,G11,09:06,09:06,0,A l'heure,153,29.07
J006622,2025-10-31,T014,G05,G15,05:48,05:48,0,A l'heure,280,92.77
J006623,2026-03-07,T017,G02,G11,09:45,09:45,0,A l'heure,512,37.52
J006624,2026-04-29,T032,G06,G07,07:42,08:01,19,Retarde,152,28.8
J006625,2026-07-10,T024,G03,G01,15:06,15:25,19,Retarde,274,35.46
J006626,2025-10-06,T006,G08,G02,06:36,06:36,0,A l'heure,197,95.46
J006627,2026-07-17,T020,G08,G07,12:54,12:54,0,A l'heure,448,26.92
J006628,2025-12-14,T009,G03,G08,07:12,07:21,9,Retarde,322,82.03
J006629,2026-06-28,T040,G13,G09,11:00,11:00,0,A l'heure,126,26.33
J006630,2026-01-23,T032,G14,G04,06:18,06:23,5,Retarde,90,23.55
J006631,2026-07-26,T033,G08,G10,06:54,06:54,0,A l'heure,160,25.37
J006632,2026-03-01,T031,G06,G13,15:21,15:21,0,A l'heure,111,30.64
J006633,2025-11-24,T010,G02,G08,13:00,13:26,26,Retarde,329,59.78
J006634,2026-07-01,T033,G14,G13,17:12,17:12,0,A l'heure,119,16.68
J006635,2025-12-06,T002,G15,G08,07:12,07:29,17,Retarde,399,60.06
J006636,2026-05-25,T037,G06,G04,16:54,16:54,0,A l'heure,189,14.42
J006637,2026-03-02,T004,G01,G10,20:00,20:22,22,Retarde,510,58.97
J006638,2025-09-10,T038,G11,G09,07:12,07:12,0,A l'heure,124,22.01
J006639,2026-03-04,T012,G08,G06,07:30,07:39,9,Retarde,463,95.98
J006640,2026-08-11,T036,G08,G15,17:15,17:36,21,Retarde,203,20.63
J006641,2025-11-20,T038,G14,G02,16:48,16:48,0,A l'heure,134,15.41
J006642,2026-02-18,T006,G03,G14,09:15,09:15,0,A l'heure,269,81.99
J006643,2026-06-17,T001,G09,G04,18:00,18:00,0,A l'heure,299,93.43
J006644,2026-03-09,T012,G03,G14,07:18,07:18,0,A l'heure,168,94.1
J006645,2026-08-10,T015,G01,G11,09:18,09:18,0,A l'heure,371,37.13
J006646,2026-01-11,T015,G05,G06,19:24,19:47,23,Retarde,197,32.7
J006647,2026-01-05,T036,G15,G10,16:18,16:19,1,Retarde,170,19.75
J006648,2026-06-20,T002,G13,G03,05:18,05:18,0,A l'heure,275,95.04
J006649,2026-02-09,T006,G10,G13,14:54,15:05,11,Retarde,298,101.11
J006650,2026-06-25,T030,G09,G04,12:00,12:00,0,A l'heure,140,25.79
J006651,2026-04-04,T021,G15,G03,13:00,13:01,1,Retarde,335,45.31
J006652,2026-07-06,T007,G10,G09,13:36,13:40,4,Retarde,305,73.32
J006653,2025-10-09,T032,G14,G05,11:00,11:00,0,A l'heure,157,27.41
J006654,2026-06-14,T031,G15,G01,22:42,22:42,0,A l'heure,151,26.81
J006655,2025-12-18,T026,G14,G13,18:30,18:30,0,A l'heure,265,44.82
J006656,2026-01-14,T038,G08,G13,11:15,11:15,0,A l'heure,177,15.71
J006657,2026-08-25,T023,G14,G02,14:00,14:00,0,A l'heure,227,36.07
J006658,2025-09-13,T033,G02,G03,08:15,08:15,0,A l'heure,141,16.95
J006659,2026-08-13,T009,G08,G01,05:18,05:18,0,A l'heure,386,74.47
J006660,2026-03-19,T026,G10,G06,18:06,18:06,0,A l'heure,188,33.8
J006661,2025-09-09,T020,G15,G05,09:06,09:24,18,Retarde,299,35.24
J006662,2026-01-09,T008,G01,G10,19:45,19:46,1,Retarde,247,78.14
J006663,2026-01-31,T023,G13,G02,11:18,11:54,36,Retarde,251,58.88
J006664,2026-08-05,T039,G06,G11,11:42,11:42,0,A l'heure,113,19.46
J006665,2026-05-27,T040,G02,G13,08:15,08:15,0,A l'heure,77,18.8
J006666,2026-06-12,T004,G06,G15,06:42,06:42,0,A l'heure,316,59.14
J006667,2026-04-15,T010,G13,G06,16:24,16:24,0,A l'heure,85,71.77
J006668,2025-12-19,T004,G01,G12,08:48,08:48,0,A l'heure,334,95.87
J006669,2026-02-17,T038,G07,G08,15:24,15:24,0,A l'heure,54,16.23
J006670,2025-12-13,T029,G14,G08,18:48,18:49,1,Retarde,189,24.4
J006671,2026-05-01,T030,G01,G10,06:36,06:36,0,A l'heure,174,16.92
J006672,2026-07-27,T022,G09,G15,17:21,17:21,0,A l'heure,409,24.42
J006673,2026-03-08,T010,G08,G11,19:15,19:15,0,A l'heure,326,60.39
J006674,2026-02-18,T037,G07,G12,16:45,16:45,0,A l'heure,143,17.12
J006675,2025-11-07,T026,G07,G03,14:15,14:15,0,A l'heure,253,59.91
J006676,2025-11-20,T021,G13,G07,18:48,18:48,0,A l'heure,446,29.08
J006677,2025-09-13,T019,G07,G08,19:54,20:17,23,Retarde,436,45.52
J006678,2026-02-05,T016,G09,G07,14:36,14:36,0,A l'heure,481,32.34
J006679,2026-01-04,T019,G06,G08,15:36,16:11,35,Retarde,500,29.74
J006680,2026-04-20,T022,G11,G05,12:48,12:48,0,A l'heure,449,27.14
J006681,2025-09-27,T028,G07,G01,16:42,17:01,19,Retarde,350,39.68
J006682,2025-12-18,T023,G12,G06,06:24,06:24,0,A l'heure,294,58.79
J006683,2026-06-11,T002,G05,G09,10:12,10:12,0,A l'heure,304,59.06
J006684,2026-05-15,T024,G09,G14,06:45,06:45,0,A l'heure,288,45.67
J006685,2026-03-27,T017,G13,G10,18:06,18:06,0,A l'heure,326,41.81
J006686,2026-05-05,T005,G08,G09,18:36,18:36,0,A l'heure,349,71.62
J006687,2026-02-13,T004,G13,G11,14:45,14:52,7,Retarde,432,58.67
J006688,2026-06-26,T010,G15,G11,08:06,08:06,0,A l'heure,450,88.67
J006689,2026-07-15,T027,G10,G12,09:06,09:06,0,A l'heure,139,57.88
J006690,2025-11-17,T027,G08,G06,07:24,07:24,0,A l'heure,293,38.9
J006691,2026-04-19,T030,G12,G10,09:45,09:45,0,A l'heure,220,21.58
J006692,2026-04-10,T005,G11,G04,09:24,09:24,0,A l'heure,376,98.98
J006693,2026-06-15,T039,G10,G04,12:48,12:48,0,A l'heure,146,27.91
J006694,2026-01-15,T016,G02,G07,13:15,13:24,9,Retarde,414,32.39
J006695,2025-11-26,T021,G03,G02,08:42,09:21,39,Retarde,419,26.44
J006696,2026-01-25,T039,G12,G13,10:18,10:33,15,Retarde,150,25.15
J006697,2025-09-16,T025,G12,G01,14:21,14:21,0,A l'heure,243,37.76
J006698,2026-07-08,T017,G15,G07,11:00,11:00,0,A l'heure,634,30.36
J006699,2026-07-05,T007,G12,G13,16:42,16:42,0,A l'heure,411,104.54
J006700,2026-01-17,T030,G13,G05,18:15,18:20,5,Retarde,190,22.65
J006701,2026-05-05,T029,G05,G07,06:48,06:48,0,A l'heure,136,27.25
J006702,2026-07-29,T001,G09,G06,16:48,16:48,0,A l'heure,282,94.16
J006703,2026-08-12,T039,G12,G15,08:18,08:18,0,A l'heure,102,19.78
J006704,2026-02-22,T037,G11,G14,06:36,06:36,0,A l'heure,123,31.34
J006705,2025-11-29,T029,G07,G09,13:48,13:48,0,A l'heure,201,19.59
J006706,2025-12-03,T027,G14,G05,17:12,17:12,0,A l'heure,185,38.14
J006707,2026-01-28,T010,G08,G04,15:00,15:13,13,Retarde,286,93.92
J006708,2025-09-16,T023,G14,G10,06:00,06:00,0,A l'heure,237,34.69
J006709,2025-09-02,T036,G11,G13,11:30,11:30,0,A l'heure,155,27.15
J006710,2026-06-17,T029,G03,G01,22:42,22:42,0,A l'heure,108,15.13
J006711,2026-02-02,T017,G04,G05,14:48,14:48,0,A l'heure,634,25.79
J006712,2026-02-12,T012,G06,G03,22:48,22:48,0,A l'heure,134,53.8
J006713,2025-11-14,T011,G03,G12,19:54,19:54,0,A l'heure,331,73.74
J006714,2026-03-04,T002,G14,G08,12:42,12:45,3,Retarde,344,99.09
J006715,2025-10-27,T004,G04,G13,21:12,21:14,2,Retarde,213,98.65
J006716,2025-12-21,T002,G14,G01,18:45,18:45,0,A l'heure,409,89.84
J006717,2025-12-02,T027,G15,G09,13:00,13:55,55,Retarde,163,32.38
J006718,2026-06-07,T023,G05,G08,16:36,17:01,25,Retarde,331,37.9
J006719,2026-06-23,T031,G12,G09,12:18,12:18,0,A l'heure,120,24.58
J006720,2026-05-25,T035,G07,G01,10:06,10:06,0,A l'heure,164,25.71
J006721,2026-06-25,T030,G09,G05,18:48,18:48,0,A l'heure,75,16.72
J006722,2026-08-15,T003,G10,G02,08:54,08:54,0,A l'heure,379,71.69
J006723,2026-02-23,T040,G05,G09,13:48,13:48,0,A l'heure,116,15.9
J006724,2025-12-29,T035,G14,G04,21:21,21:23,2,Retarde,135,27.94
J006725,2026-01-06,T016,G04,G13,07:45,08:00,15,Retarde,321,38.13
J006726,2025-10-21,T033,G12,G04,18:15,18:15,0,A l'heure,134,18.41
J006727,2026-03-13,T025,G07,G08,07:00,07:00,0,A l'heure,142,55.73
J006728,2026-02-08,T039,G04,G12,15:21,15:21,0,A l'heure,158,24.73
J006729,2025-11-11,T012,G13,G09,10:54,10:55,1,Retarde,361,72.19
J006730,2026-02-12,T019,G15,G03,19:42,,0,Annule,514,26.24
J006731,2026-08-25,T032,G14,G01,09:36,09:36,0,A l'heure,62,23.76
J006732,2026-06-13,T030,G11,G13,08:18,08:18,0,A l'heure,187,17.12
J006733,2026-01-20,T026,G15,G14,16:24,16:24,0,A l'heure,183,52.24
J006734,2026-01-29,T016,G11,G02,07:30,07:37,7,Retarde,428,26.2
J006735,2026-05-01,T016,G12,G04,19:48,19:48,0,A l'heure,454,26.0
J006736,2026-04-28,T006,G05,G10,10:15,10:15,0,A l'heure,304,99.45
J006737,2025-12-18,T032,G01,G13,18:21,18:21,0,A l'heure,157,23.15
J006738,2025-11-22,T018,G05,G04,18:45,18:45,0,A l'heure,474,50.3
J006739,2026-07-14,T013,G12,G04,21:45,21:51,6,Retarde,291,74.95
J006740,2026-08-03,T028,G02,G05,19:48,20:30,42,Retarde,101,32.55
J006741,2025-11-25,T021,G12,G06,09:30,09:32,2,Retarde,279,36.36
J006742,2026-04-15,T007,G04,G01,15:18,15:18,0,A l'heure,270,91.08
J006743,2026-06-22,T007,G10,G03,13:36,13:36,0,A l'heure,242,80.43
J006744,2025-11-28,T034,G06,G01,05:00,05:00,0,A l'heure,138,19.5
J006745,2025-12-28,T034,G01,G10,11:21,11:26,5,Retarde,154,23.31
J006746,2025-09-27,T005,G09,G10,07:18,07:18,0,A l'heure,409,60.3
J006747,2025-09-24,T028,G10,G04,19:48,19:48,0,A l'heure,222,49.98
J006748,2026-05-27,T014,G15,G07,14:06,14:06,0,A l'heure,157,103.81
J006749,2025-09-13,T028,G06,G01,17:21,17:44,23,Retarde,289,57.6
J006750,2025-11-22,T028,G03,G01,05:12,05:15,3,Retarde,274,38.84
J006751,2025-12-19,T009,G12,G11,12:48,12:52,4,Retarde,299,66.73
J006752,2025-12-27,T036,G06,G15,18:24,18:24,0,A l'heure,99,28.12
J006753,2026-02-24,T017,G04,G07,19:36,19:36,0,A l'heure,296,32.35
J006754,2025-09-10,T001,G12,G11,08:18,08:18,0,A l'heure,275,94.89
J006755,2026-02-01,T010,G14,G11,09:18,09:19,1,Retarde,382,106.83
J006756,2026-04-10,T012,G08,G02,09:06,09:06,0,A l'heure,255,85.54
J006757,2026-07-15,T020,G15,G13,14:42,14:42,0,A l'heure,301,25.48
J006758,2025-12-11,T004,G01,G02,07:42,07:42,0,A l'heure,340,55.3
J006759,2025-11-05,T034,G13,G04,11:36,11:41,5,Retarde,136,16.23
J006760,2026-04-02,T014,G03,G01,21:00,21:00,0,A l'heure,308,59.85
J006761,2025-12-13,T039,G04,G09,21:21,21:21,0,A l'heure,156,20.23
J006762,2026-03-06,T015,G04,G09,15:24,15:24,0,A l'heure,452,30.17
J006763,2026-01-21,T018,G03,G08,16:42,17:14,32,Retarde,481,35.09
J006764,2026-02-19,T006,G15,G08,19:24,19:38,14,Retarde,423,102.2
J006765,2026-05-15,T040,G13,G05,14:30,14:30,0,A l'heure,70,26.42
J006766,2026-01-01,T031,G10,G04,12:15,12:15,0,A l'heure,167,27.17
J006767,2026-06-11,T019,G09,G14,11:00,11:00,0,A l'heure,377,36.5
J006768,2026-02-04,T037,G11,G09,12:42,12:50,8,Retarde,129,25.88
J006769,2026-03-08,T030,G12,G11,20:24,20:24,0,A l'heure,185,19.13
J006770,2026-03-25,T039,G05,G02,22:42,22:42,0,A l'heure,84,18.22
J006771,2026-06-28,T020,G04,G13,05:42,05:42,0,A l'heure,474,51.3
J006772,2025-11-29,T017,G10,G07,05:21,05:21,0,A l'heure,412,41.84
J006773,2026-02-16,T032,G06,G09,09:21,09:21,0,A l'heure,123,17.52
J006774,2026-08-28,T026,G02,G07,19:06,19:13,7,Retarde,219,44.85
J006775,2026-02-13,T004,G15,G01,16:36,16:36,0,A l'heure,259,62.43
J006776,2026-05-27,T006,G08,G14,19:00,19:00,0,A l'heure,283,63.65
J006777,2025-12-08,T002,G08,G03,13:06,13:09,3,Retarde,299,102.9
J006778,2025-11-01,T017,G06,G07,11:21,11:21,0,A l'heure,402,50.3
J006779,2026-04-02,T024,G10,G05,16:21,16:43,22,Retarde,214,49.88
J006780,2026-01-31,T026,G03,G12,19:42,19:42,0,A l'heure,239,52.01
J006781,2026-01-01,T025,G15,G03,22:21,22:25,4,Retarde,272,40.55
J006782,2025-11-04,T017,G02,G14,20:48,20:48,0,A l'heure,163,41.14
J006783,2026-02-11,T028,G04,G08,13:36,14:06,30,Retarde,261,58.12
J006784,2026-03-12,T026,G04,G08,14:06,14:06,0,A l'heure,225,51.19
J006785,2025-11-13,T006,G13,G02,17:00,17:00,0,A l'heure,272,84.71
J006786,2025-11-25,T031,G08,G04,06:21,06:21,0,A l'heure,126,27.63
J006787,2026-04-08,T011,G05,G08,06:30,06:30,0,A l'heure,271,65.95
J006788,2025-11-15,T036,G13,G14,09:42,09:42,0,A l'heure,168,17.9
J006789,2026-05-25,T026,G13,G15,16:00,17:10,70,Fortement retarde,327,43.54
J006790,2025-09-19,T002,G03,G14,06:21,06:21,0,A l'heure,360,57.77
J006791,2025-11-15,T034,G03,G14,17:24,17:31,7,Retarde,187,29.57
J006792,2026-08-28,T023,G11,G07,06:42,06:42,0,A l'heure,109,47.0
J006793,2026-01-25,T020,G09,G03,19:24,19:24,0,A l'heure,505,30.49
J006794,2026-05-16,T016,G05,G01,09:24,09:24,0,A l'heure,401,35.64
J006795,2025-11-03,T020,G04,G07,08:54,09:02,8,Retarde,357,29.26
J006796,2025-11-22,T025,G04,G12,16:18,16:18,0,A l'heure,225,63.79
J006797,2025-12-26,T003,G08,G14,08:42,08:42,0,A l'heure,334,80.4
J006798,2026-04-14,T001,G09,G01,14:45,14:45,0,A l'heure,162,54.2
J006799,2026-02-25,T024,G01,G05,15:45,15:45,0,A l'heure,193,39.56
J006800,2025-11-29,T018,G09,G12,21:45,21:45,0,A l'heure,622,26.32
J006801,2026-06-03,T036,G10,G12,06:00,06:00,0,A l'heure,159,25.94
J006802,2026-02-03,T039,G01,G14,19:45,19:46,1,Retarde,117,27.37
J006803,2026-02-05,T030,G11,G03,21:06,21:06,0,A l'heure,125,27.81
J006804,2025-11-18,T015,G06,G03,05:12,05:12,0,A l'heure,316,27.83
J006805,2025-11-10,T028,G11,G04,05:24,05:26,2,Retarde,303,52.23
J006806,2026-05-31,T027,G13,G07,09:12,09:18,6,Retarde,219,46.62
J006807,2026-01-17,T003,G05,G07,19:21,19:21,0,A l'heure,292,93.26
J006808,2025-10-02,T021,G06,G07,08:30,08:30,0,A l'heure,224,25.81
J006809,2025-10-01,T028,G06,G01,10:42,10:42,0,A l'heure,266,42.46
J006810,2025-10-07,T001,G04,G11,10:18,10:49,31,Retarde,368,73.05
J006811,2026-05-09,T038,G04,G07,21:15,21:15,0,A l'heure,133,26.06
J006812,2026-05-10,T017,G08,G01,17:06,17:07,1,Retarde,538,40.3
J006813,2025-12-06,T001,G05,G11,19:18,19:31,13,Retarde,457,83.08
J006814,2026-01-27,T020,G06,G11,09:12,09:14,2,Retarde,444,34.85
J006815,2026-07-02,T037,G09,G10,17:36,17:36,0,A l'heure,82,24.55
J006816,2026-05-28,T032,G02,G04,16:21,16:21,0,A l'heure,72,17.64
J006817,2025-12-23,T001,G08,G14,10:00,10:00,0,A l'heure,275,63.78
J006818,2026-05-03,T028,G01,G09,10:54,10:54,0,A l'heure,326,64.14
J006819,2026-03-18,T002,G13,G15,21:42,21:42,0,A l'heure,264,73.72
J006820,2025-10-11,T013,G12,G04,05:54,06:02,8,Retarde,413,113.05
J006821,2026-08-02,T026,G03,G15,08:00,08:29,29,Retarde,246,41.67
J006822,2026-07-18,T023,G10,G02,10:42,10:55,13,Retarde,230,46.27
J006823,2025-12-07,T028,G12,G03,19:36,19:37,1,Retarde,241,54.26
J006824,2026-04-13,T036,G04,G07,20:18,20:18,0,A l'heure,181,14.84
J006825,2026-08-11,T023,G08,G13,09:45,10:07,22,Retarde,195,45.29
J006826,2026-06-26,T040,G11,G05,05:21,05:21,0,A l'heure,113,18.84
J006827,2025-12-31,T006,G06,G04,12:36,12:36,0,A l'heure,492,94.04
J006828,2026-04-11,T007,G15,G03,09:36,09:36,0,A l'heure,233,92.46
J006829,2026-01-06,T025,G14,G15,13:00,13:00,0,A l'heure,193,49.81
J006830,2026-03-07,T016,G12,G11,14:45,14:45,0,A l'heure,507,42.89
J006831,2025-10-13,T026,G04,G14,22:48,22:48,0,A l'heure,216,47.55
J006832,2026-03-20,T009,G02,G09,22:42,22:42,0,A l'heure,290,63.34
J006833,2026-03-03,T039,G12,G13,15:00,15:00,0,A l'heure,113,16.93
J006834,2026-03-01,T024,G09,G12,16:30,16:30,0,A l'heure,216,61.19
J006835,2026-03-24,T010,G04,G06,17:15,17:15,0,A l'heure,425,73.18
J006836,2026-07-22,T023,G09,G14,16:36,16:36,0,A l'heure,151,59.34
J006837,2026-07-12,T029,G09,G03,12:00,12:00,0,A l'heure,128,20.77
J006838,2026-07-10,T032,G05,G02,16:06,16:06,0,A l'heure,124,23.43
J006839,2026-04-17,T001,G12,G01,05:00,05:01,1,Retarde,228,77.37
J006840,2025-11-08,T002,G05,G03,22:18,22:18,0,A l'heure,320,107.37
J006841,2026-03-02,T008,G15,G03,09:00,09:00,0,A l'heure,343,67.75
J006842,2026-02-11,T002,G04,G12,18:21,18:21,0,A l'heure,384,97.84
J006843,2026-03-02,T018,G14,G13,18:30,18:30,0,A l'heure,203,33.76
J006844,2026-08-20,T009,G06,G07,14:00,14:00,0,A l'heure,294,67.74
J006845,2026-01-16,T024,G14,G13,19:36,19:36,0,A l'heure,232,42.01
J006846,2026-05-07,T010,G03,G14,15:48,15:48,0,A l'heure,292,102.03
J006847,2025-10-29,T004,G14,G08,09:12,09:12,0,A l'heure,412,79.33
J006848,2026-06-14,T007,G11,G03,16:18,16:18,0,A l'heure,451,66.64
J006849,2026-04-21,T008,G07,G11,19:36,19:37,1,Retarde,300,97.35
J006850,2026-06-20,T005,G15,G01,17:42,17:42,0,A l'heure,272,78.45
J006851,2025-11-18,T001,G01,G11,14:48,14:48,0,A l'heure,304,86.79
J006852,2026-08-22,T021,G01,G07,17:54,17:54,0,A l'heure,522,26.9
J006853,2025-11-06,T035,G07,G03,12:36,12:36,0,A l'heure,75,27.29
J006854,2026-04-25,T021,G13,G07,19:06,19:09,3,Retarde,401,41.99
J006855,2025-09-07,T004,G05,G08,13:18,13:18,0,A l'heure,291,81.48
J006856,2026-04-27,T010,G09,G03,20:48,20:48,0,A l'heure,294,78.56
J006857,2026-02-10,T030,G13,G15,22:18,22:24,6,Retarde,132,24.9
J006858,2026-01-31,T014,G14,G11,06:12,06:37,25,Retarde,345,119.23
J006859,2026-02-10,T025,G12,G06,22:00,22:00,0,A l'heure,275,35.86
J006860,2026-06-10,T021,G14,G13,06:00,06:00,0,A l'heure,317,24.62
J006861,2026-04-19,T024,G06,G10,22:21,22:40,19,Retarde,228,62.21
J006862,2026-02-16,T015,G14,G02,18:42,18:52,10,Retarde,507,38.31
J006863,2025-10-25,T040,G13,G02,19:45,19:46,1,Retarde,139,21.11
J006864,2025-09-23,T033,G04,G10,17:54,17:54,0,A l'heure,67,14.78
J006865,2026-03-28,T030,G15,G08,07:45,07:45,0,A l'heure,81,26.87
J006866,2025-11-18,T032,G07,G01,05:15,05:15,0,A l'heure,130,28.4
J006867,2025-10-23,T013,G01,G14,19:06,19:06,0,A l'heure,366,63.39
J006868,2026-04-13,T012,G05,G02,14:18,14:36,18,Retarde,291,86.22
J006869,2026-02-19,T002,G09,G02,08:12,08:12,0,A l'heure,289,65.74
J006870,2026-03-27,T010,G15,G07,18:36,18:36,0,A l'heure,173,64.59
J006871,2025-10-11,T039,G13,G06,21:36,21:36,0,A l'heure,154,19.5
J006872,2026-03-18,T033,G09,G02,14:12,14:12,0,A l'heure,68,17.92
J006873,2026-04-20,T031,G15,G02,12:36,12:36,0,A l'heure,123,14.59
J006874,2025-12-12,T024,G04,G05,19:54,19:54,0,A l'heure,334,53.24
J006875,2026-01-06,T019,G03,G10,21:21,21:21,0,A l'heure,411,36.02
J006876,2025-11-17,T003,G07,G09,12:21,12:21,0,A l'heure,401,86.12
J006877,2025-10-07,T023,G01,G12,10:42,10:42,0,A l'heure,229,59.46
J006878,2026-08-18,T022,G01,G15,18:15,18:15,0,A l'heure,343,42.5
J006879,2026-02-02,T011,G03,G08,17:06,17:06,0,A l'heure,277,89.14
J006880,2026-07-14,T019,G06,G04,16:21,16:21,0,A l'heure,347,25.88
J006881,2025-09-08,T011,G14,G06,11:48,11:48,0,A l'heure,291,81.97
J006882,2026-01-10,T038,G13,G03,13:48,13:48,0,A l'heure,129,25.93
J006883,2026-06-23,T038,G08,G10,19:06,19:06,0,A l'heure,140,19.53
J006884,2026-06-29,T015,G15,G14,13:00,13:22,22,Retarde,364,30.46
J006885,2025-12-29,T008,G02,G14,17:12,17:12,0,A l'heure,304,99.59
J006886,2026-01-07,T005,G06,G07,17:15,17:15,0,A l'heure,491,86.82
J006887,2026-04-07,T030,G06,G04,12:24,12:24,0,A l'heure,152,23.0
J006888,2026-04-20,T008,G15,G02,17:00,17:00,0,A l'heure,286,94.46
J006889,2026-08-13,T039,G08,G14,05:21,05:21,0,A l'heure,113,17.59
J006890,2026-07-29,T037,G08,G13,19:12,19:12,0,A l'heure,185,27.87
J006891,2026-04-28,T011,G15,G10,13:54,13:58,4,Retarde,238,85.83
J006892,2025-09-07,T011,G01,G14,15:42,15:56,14,Retarde,366,69.74
J006893,2026-08-05,T013,G14,G02,08:54,08:54,0,A l'heure,255,95.52
J006894,2026-01-27,T004,G09,G03,12:00,12:13,13,Retarde,183,60.9
J006895,2025-10-21,T002,G07,G10,19:54,19:58,4,Retarde,331,60.76
J006896,2025-10-26,T020,G05,G09,13:24,13:28,4,Retarde,276,32.51
J006897,2026-06-25,T030,G07,G04,05:36,05:36,0,A l'heure,103,26.29
J006898,2025-11-04,T027,G07,G09,14:42,14:42,0,A l'heure,106,44.43
J006899,2025-09-08,T019,G06,G09,09:54,09:59,5,Retarde,454,25.74
J006900,2025-09-19,T011,G15,G02,12:36,12:36,0,A l'heure,274,70.88
J006901,2025-11-08,T009,G03,G09,07:00,07:00,0,A l'heure,313,73.81
J006902,2025-09-09,T026,G05,G07,21:21,21:30,9,Retarde,164,60.25
J006903,2026-06-14,T024,G08,G11,15:30,15:30,0,A l'heure,208,51.33
J006904,2026-06-17,T038,G10,G13,13:12,13:12,0,A l'heure,124,19.12
J006905,2026-02-09,T022,G07,G01,09:21,09:26,5,Retarde,473,30.25
J006906,2026-01-26,T023,G11,G10,11:00,11:00,0,A l'heure,189,32.74
J006907,2025-11-01,T031,G05,G03,05:00,05:15,15,Retarde,195,23.46
J006908,2025-11-02,T018,G04,G01,07:42,07:42,0,A l'heure,392,43.95
J006909,2026-03-29,T011,G11,G04,11:48,11:48,0,A l'heure,352,108.9
J006910,2026-04-07,T021,G01,G02,09:45,09:45,0,A l'heure,372,31.58
J006911,2025-09-06,T019,G01,G08,16:18,16:35,17,Retarde,369,43.93
J006912,2025-10-30,T026,G06,G04,15:15,15:15,0,A l'heure,119,42.43
J006913,2025-12-31,T035,G12,G06,19:18,19:39,21,Retarde,127,19.38
J006914,2026-07-06,T019,G12,G03,06:21,06:21,0,A l'heure,340,35.22
J006915,2026-02-21,T031,G03,G08,05:45,06:07,22,Retarde,124,19.91
J006916,2026-04-17,T010,G09,G03,17:00,17:00,0,A l'heure,345,73.8
J006917,2026-05-27,T026,G07,G11,20:12,20:19,7,Retarde,225,58.34
J006918,2026-05-13,T031,G13,G05,21:45,21:45,0,A l'heure,105,24.07
J006919,2026-04-04,T011,G12,G06,09:54,09:54,0,A l'heure,332,78.29
J006920,2025-12-12,T006,G09,G08,20:15,20:20,5,Retarde,193,96.08
J006921,2025-12-08,T037,G01,G13,09:36,09:36,0,A l'heure,64,17.87
J006922,2026-03-30,T039,G15,G05,13:06,13:06,0,A l'heure,178,23.9
J006923,2025-12-21,T036,G08,G11,07:15,07:15,0,A l'heure,220,32.25
J006924,2025-11-03,T016,G12,G01,06:21,06:21,0,A l'heure,379,34.39
J006925,2026-06-28,T014,G07,G02,10:15,10:15,0,A l'heure,358,109.4
J006926,2026-08-27,T031,G03,G12,11:18,11:18,0,A l'heure,182,27.66
J006927,2026-01-28,T039,G01,G09,21:36,21:36,0,A l'heure,184,22.6
J006928,2026-08-02,T038,G05,G06,08:45,08:46,1,Retarde,162,18.6
J006929,2025-12-26,T008,G04,G08,07:21,07:34,13,Retarde,213,56.07
J006930,2026-07-07,T017,G03,G10,05:54,05:58,4,Retarde,568,38.1
J006931,2026-03-11,T005,G05,G03,22:42,22:43,1,Retarde,257,52.81
J006932,2026-06-23,T013,G06,G05,19:00,19:00,0,A l'heure,288,56.57
J006933,2026-08-02,T008,G03,G04,22:18,22:18,0,A l'heure,381,87.8
J006934,2026-01-05,T013,G05,G01,09:54,09:56,2,Retarde,214,94.89
J006935,2026-03-13,T039,G02,G01,19:06,19:06,0,A l'heure,87,22.27
J006936,2026-07-13,T024,G08,G03,16:42,16:42,0,A l'heure,201,31.72
J006937,2026-08-31,T021,G09,G10,06:42,06:42,0,A l'heure,283,22.48
J006938,2025-09-24,T001,G09,G15,07:00,07:00,0,A l'heure,264,101.12
J006939,2026-05-07,T015,G12,G03,10:00,10:00,0,A l'heure,196,28.0
J006940,2026-04-14,T013,G05,G04,09:54,09:55,1,Retarde,215,96.52
J006941,2026-05-02,T024,G14,G13,07:36,07:36,0,A l'heure,273,52.08
J006942,2026-01-20,T014,G13,G02,20:06,20:13,7,Retarde,323,72.38
J006943,2025-09-08,T001,G06,G11,19:21,19:21,0,A l'heure,311,94.82
J006944,2026-08-13,T034,G08,G07,18:36,18:36,0,A l'heure,98,21.89
J006945,2025-11-21,T035,G11,G02,17:18,17:21,3,Retarde,147,16.39
J006946,2025-10-16,T002,G11,G07,13:42,13:42,0,A l'heure,114,84.25
J006947,2026-01-27,T015,G12,G02,14:00,14:00,0,A l'heure,445,36.78
J006948,2025-10-27,T023,G14,G10,11:48,12:08,20,Retarde,218,60.52
J006949,2026-08-17,T032,G05,G07,07:18,07:18,0,A l'heure,163,23.93
J006950,2025-09-30,T039,G15,G04,05:24,05:24,0,A l'heure,97,20.43
J006951,2025-09-27,T032,G13,G02,11:45,11:45,0,A l'heure,138,32.4
J006952,2025-11-03,T033,G14,G13,20:45,20:45,0,A l'heure,51,28.45
J006953,2025-12-28,T038,G13,G04,19:24,19:24,0,A l'heure,176,30.3
J006954,2026-03-11,T018,G06,G14,19:12,19:42,30,Retarde,276,26.11
J006955,2026-02-26,T036,G15,G05,08:06,08:06,0,A l'heure,172,20.43
J006956,2025-10-28,T017,G08,G05,21:18,21:37,19,Retarde,137,35.23
J006957,2026-06-23,T031,G13,G07,16:12,16:12,0,A l'heure,158,23.73
J006958,2026-07-22,T006,G10,G05,19:15,19:15,0,A l'heure,244,69.44
J006959,2026-02-13,T003,G08,G04,21:24,21:24,0,A l'heure,228,97.07
J006960,2026-06-16,T033,G09,G15,13:21,13:27,6,Retarde,113,20.7
J006961,2025-12-07,T010,G03,G14,19:42,19:55,13,Retarde,216,103.07
J006962,2025-11-30,T026,G02,G10,20:21,20:25,4,Retarde,262,68.95
J006963,2026-01-18,T008,G12,G09,19:36,19:36,0,A l'heure,452,85.61
J006964,2025-11-24,T015,G11,G08,22:30,22:36,6,Retarde,412,42.15
J006965,2026-06-30,T008,G14,G02,21:12,21:12,0,A l'heure,395,65.66
J006966,2026-08-17,T003,G05,G14,22:48,22:48,0,A l'heure,320,76.73
J006967,2025-09-23,T026,G04,G06,20:00,20:00,0,A l'heure,189,58.11
J006968,2025-12-21,T014,G08,G14,09:12,09:20,8,Retarde,281,112.48
J006969,2026-05-22,T038,G08,G13,11:18,11:18,0,A l'heure,167,22.12
J006970,2025-09-25,T040,G06,G01,05:06,,0,Annule,165,18.86
J006971,2026-01-04,T003,G03,G07,09:18,09:18,0,A l'heure,386,65.61
J006972,2026-05-25,T013,G10,G15,08:54,08:54,0,A l'heure,294,68.81
J006973,2025-12-03,T029,G14,G08,12:21,12:21,0,A l'heure,127,17.12
J006974,2025-09-07,T014,G06,G12,10:15,10:15,0,A l'heure,388,112.15
J006975,2026-01-25,T036,G14,G02,22:54,22:54,0,A l'heure,205,32.66
J006976,2026-08-12,T035,G03,G02,08:45,08:45,0,A l'heure,82,20.33
J006977,2026-05-16,T030,G06,G11,11:36,11:36,0,A l'heure,187,24.72
J006978,2025-10-30,T009,G11,G07,19:06,19:07,1,Retarde,264,77.26
J006979,2026-04-09,T034,G09,G08,13:24,13:24,0,A l'heure,121,27.96
J006980,2026-06-09,T012,G15,G05,18:48,18:50,2,Retarde,229,80.71
J006981,2026-07-31,T004,G03,G06,12:36,12:36,0,A l'heure,346,82.58
J006982,2025-11-16,T006,G09,G04,09:21,09:21,0,A l'heure,363,97.7
J006983,2026-03-05,T039,G05,G15,19:54,19:54,0,A l'heure,80,22.87
J006984,2026-02-05,T024,G13,G11,11:06,11:31,25,Retarde,120,45.06
J006985,2026-05-09,T024,G06,G10,07:18,07:18,0,A l'heure,257,43.58
J006986,2026-06-08,T021,G10,G04,09:00,09:00,0,A l'heure,433,25.5
J006987,2025-09-08,T010,G14,G11,16:48,16:48,0,A l'heure,191,70.02
J006988,2026-01-10,T036,G04,G06,19:24,19:24,0,A l'heure,184,31.97
J006989,2025-09-10,T023,G07,G11,17:21,17:21,0,A l'heure,223,50.74
J006990,2026-04-01,T007,G13,G01,15:21,,0,Annule,224,60.77
J006991,2026-05-21,T033,G08,G10,10:12,10:12,0,A l'heure,164,17.27
J006992,2026-04-10,T035,G15,G11,21:36,21:36,0,A l'heure,111,23.31
J006993,2025-09-17,T010,G08,G01,09:48,09:48,0,A l'heure,312,72.04
J006994,2026-01-31,T035,G15,G11,14:54,14:58,4,Retarde,155,29.87
J006995,2026-02-27,T014,G05,G13,13:00,13:01,1,Retarde,222,76.23
J006996,2025-09-07,T006,G01,G04,16:54,16:54,0,A l'heure,480,89.77
J006997,2026-07-27,T031,G09,G06,14:18,14:18,0,A l'heure,151,21.22
J006998,2026-07-25,T019,G02,G05,16:21,16:21,0,A l'heure,584,49.71
J006999,2025-12-06,T001,G02,G08,17:06,17:06,0,A l'heure,328,79.23
J007000,2026-01-27,T034,G09,G01,08:12,08:21,9,Retarde,121,17.6
J007001,2025-11-12,T011,G09,G02,20:06,20:06,0,A l'heure,364,58.92
J007002,2026-05-26,T017,G02,G15,21:00,21:17,17,Retarde,272,35.26
J007003,2026-05-31,T020,G05,G12,15:06,15:18,12,Retarde,532,29.27
J007004,2026-05-17,T037,G09,G11,20:42,20:42,0,A l'heure,137,22.33
J007005,2026-07-12,T039,G04,G03,21:15,21:15,0,A l'heure,136,17.09
J007006,2026-03-26,T033,G08,G01,09:12,09:12,0,A l'heure,163,26.55
J007007,2026-07-15,T006,G12,G04,22:15,22:15,0,A l'heure,247,54.17
J007008,2026-03-12,T008,G14,G15,19:48,19:48,0,A l'heure,335,53.82
J007009,2026-01-04,T020,G09,G11,08:21,09:06,45,Retarde,382,42.93
J007010,2026-08-13,T013,G06,G08,07:45,07:45,0,A l'heure,314,52.17
J007011,2026-01-22,T013,G11,G12,15:15,15:16,1,Retarde,355,53.25
J007012,2026-01-19,T038,G15,G04,08:36,08:36,0,A l'heure,185,22.45
J007013,2026-02-28,T017,G08,G01,22:12,22:12,0,A l'heure,533,26.32
J007014,2025-12-13,T023,G04,G15,15:36,15:36,0,A l'heure,210,41.5
J007015,2025-09-20,T013,G01,G03,11:00,11:00,0,A l'heure,459,67.78
J007016,2026-08-20,T021,G08,G01,05:18,05:19,1,Retarde,566,36.92
J007017,2026-03-07,T018,G10,G01,18:45,18:45,0,A l'heure,258,27.8
J007018,2025-10-01,T035,G14,G13,09:21,09:21,0,A l'heure,109,20.41
J007019,2026-08-20,T030,G08,G15,18:45,18:45,0,A l'heure,152,26.71
J007020,2026-01-01,T033,G01,G09,16:06,16:06,0,A l'heure,141,16.12
J007021,2026-03-15,T027,G15,G10,22:54,22:54,0,A l'heure,242,34.96
J007022,2025-09-11,T016,G08,G13,10:30,10:30,0,A l'heure,329,24.91
J007023,2025-11-15,T024,G04,G15,11:24,11:28,4,Retarde,202,55.41
J007024,2025-09-29,T019,G03,G14,08:30,08:30,0,A l'heure,396,23.2
J007025,2026-05-04,T025,G05,G09,17:24,17:24,0,A l'heure,268,30.68
J007026,2026-01-31,T039,G01,G12,22:15,22:20,5,Retarde,106,19.04
J007027,2026-01-09,T005,G09,G04,22:15,22:24,9,Retarde,276,64.09
J007028,2025-11-25,T032,G05,G15,05:00,05:00,0,A l'heure,115,23.44
J007029,2025-12-26,T013,G12,G08,06:00,,0,Annule,301,65.87
J007030,2025-12-31,T013,G09,G14,06:48,07:04,16,Retarde,269,59.74
J007031,2026-05-30,T029,G05,G03,16:21,16:21,0,A l'heure,182,21.71
J007032,2026-02-28,T036,G04,G03,15:54,15:54,0,A l'heure,164,23.82
J007033,2026-06-21,T027,G06,G01,08:21,08:21,0,A l'heure,256,46.2
J007034,2026-06-09,T012,G02,G08,11:54,11:54,0,A l'heure,261,53.26
J007035,2026-08-30,T010,G04,G06,14:24,14:24,0,A l'heure,376,111.33
J007036,2026-07-10,T036,G15,G07,09:54,09:54,0,A l'heure,143,18.86
J007037,2026-06-19,T010,G10,G04,15:45,15:49,4,Retarde,193,73.84
J007038,2026-04-13,T014,G15,G13,16:18,16:23,5,Retarde,290,56.25
J007039,2026-03-03,T022,G08,G13,18:12,18:12,0,A l'heure,185,29.03
J007040,2026-01-14,T023,G02,G11,21:54,21:54,0,A l'heure,131,35.42
J007041,2026-07-23,T006,G14,G11,09:06,09:06,0,A l'heure,344,55.61
J007042,2026-04-02,T009,G11,G07,14:12,14:12,0,A l'heure,204,67.73
J007043,2025-12-12,T032,G01,G15,15:48,15:48,0,A l'heure,140,24.94
J007044,2026-03-09,T008,G05,G10,11:54,11:54,0,A l'heure,246,71.71
J007045,2026-08-18,T025,G02,G10,11:06,11:06,0,A l'heure,226,41.54
J007046,2026-07-25,T015,G14,G06,19:45,19:50,5,Retarde,569,33.89
J007047,2026-08-24,T029,G08,G11,19:12,19:12,0,A l'heure,173,17.4
J007048,2026-07-25,T002,G14,G13,20:06,20:10,4,Retarde,332,80.8
J007049,2026-08-23,T001,G07,G01,08:30,08:30,0,A l'heure,466,81.64
J007050,2025-12-10,T037,G06,G08,16:48,16:49,1,Retarde,109,18.27
J007051,2025-09-19,T039,G13,G11,16:21,16:21,0,A l'heure,88,25.54
J007052,2026-04-19,T027,G02,G03,06:30,06:30,0,A l'heure,205,51.43
J007053,2026-05-24,T006,G09,G07,16:36,16:36,0,A l'heure,455,116.84
J007054,2025-12-28,T020,G14,G01,18:30,18:30,0,A l'heure,439,30.71
J007055,2026-01-15,T002,G15,G02,16:36,16:41,5,Retarde,387,83.36
J007056,2025-11-10,T005,G10,G15,16:48,16:48,0,A l'heure,213,57.1
J007057,2025-09-20,T040,G15,G01,15:42,15:57,15,Retarde,220,28.98
J007058,2026-08-15,T007,G02,G07,12:36,12:36,0,A l'heure,255,70.47
J007059,2025-09-19,T026,G11,G08,14:54,15:02,8,Retarde,177,58.83
J007060,2026-01-13,T035,G12,G10,17:48,17:48,0,A l'heure,163,15.27
J007061,2026-04-30,T010,G08,G14,16:30,16:42,12,Retarde,219,92.42
J007062,2026-02-27,T004,G11,G04,19:24,19:24,0,A l'heure,343,72.2
J007063,2026-06-03,T039,G11,G12,07:45,07:51,6,Retarde,117,17.76
J007064,2026-05-22,T014,G01,G12,18:42,18:59,17,Retarde,330,63.58
J007065,2026-05-05,T022,G03,G14,16:48,16:48,0,A l'heure,225,31.63
J007066,2025-10-27,T002,G05,G02,21:18,21:18,0,A l'heure,265,59.36
J007067,2026-01-20,T001,G14,G09,22:48,22:56,8,Retarde,335,83.54
J007068,2026-06-07,T030,G01,G12,10:48,10:48,0,A l'heure,116,18.41
J007069,2026-06-24,T003,G09,G02,12:48,12:48,0,A l'heure,334,64.69
J007070,2025-10-25,T030,G11,G13,07:54,07:54,0,A l'heure,153,22.35
J007071,2026-08-20,T017,G05,G04,20:06,20:06,0,A l'heure,224,37.79
J007072,2026-03-26,T020,G10,G12,22:48,22:48,0,A l'heure,366,41.63
J007073,2026-03-19,T006,G04,G01,18:42,18:42,0,A l'heure,240,90.09
J007074,2026-05-19,T006,G05,G06,20:45,20:45,0,A l'heure,395,96.67
J007075,2026-06-26,T031,G01,G15,22:00,22:03,3,Retarde,106,19.23
J007076,2026-01-10,T010,G10,G11,22:54,22:59,5,Retarde,206,81.74
J007077,2026-01-18,T014,G08,G10,15:54,16:01,7,Retarde,461,96.54
J007078,2026-04-18,T009,G15,G02,08:42,08:42,0,A l'heure,365,68.0
J007079,2026-06-10,T035,G08,G13,12:54,12:54,0,A l'heure,149,16.73
J007080,2025-11-20,T007,G15,G13,19:54,19:54,0,A l'heure,329,83.65
J007081,2026-08-26,T014,G03,G04,14:06,14:06,0,A l'heure,246,97.62
J007082,2026-05-22,T003,G09,G11,06:21,06:47,26,Retarde,352,52.98
J007083,2025-09-13,T006,G15,G05,14:18,14:18,0,A l'heure,298,60.4
J007084,2026-04-12,T002,G01,G05,16:42,16:42,0,A l'heure,304,90.61
J007085,2025-10-15,T008,G07,G10,21:42,21:42,0,A l'heure,327,93.11
J007086,2026-05-14,T030,G03,G05,21:12,21:12,0,A l'heure,190,20.02
J007087,2026-07-18,T017,G08,G13,13:12,13:14,2,Retarde,527,46.32
J007088,2026-08-16,T005,G06,G14,20:45,20:45,0,A l'heure,419,76.27
J007089,2026-06-03,T015,G03,G07,16:18,16:18,0,A l'heure,322,30.97
J007090,2025-10-09,T004,G08,G09,06:06,06:06,0,A l'heure,158,99.58
J007091,2026-04-30,T023,G15,G06,15:12,15:14,2,Retarde,222,40.92
J007092,2026-07-15,T015,G05,G06,07:18,07:20,2,Retarde,448,34.43
J007093,2025-10-19,T026,G05,G03,16:24,16:55,31,Retarde,290,37.35
J007094,2025-11-14,T005,G01,G06,05:21,05:21,0,A l'heure,257,60.64
J007095,2025-12-16,T029,G02,G05,09:21,09:26,5,Retarde,114,25.03
J007096,2026-03-16,T039,G07,G10,21:42,21:42,0,A l'heure,128,16.8
J007097,2025-11-18,T035,G10,G03,14:00,14:00,0,A l'heure,98,23.22
J007098,2026-06-27,T016,G04,G02,13:15,13:15,0,A l'heure,487,34.52
J007099,2026-08-18,T027,G06,G05,10:15,10:15,0,A l'heure,241,40.15
J007100,2026-08-06,T020,G07,G05,05:15,05:15,0,A l'heure,292,41.95
J007101,2026-02-07,T030,G08,G05,14:45,14:45,0,A l'heure,126,25.57
J007102,2026-05-05,T020,G10,G09,18:21,18:22,1,Retarde,518,28.15
J007103,2026-05-31,T002,G02,G10,18:42,18:42,0,A l'heure,461,107.96
J007104,2025-09-01,T032,G08,G14,20:36,,0,Annule,139,14.56
J007105,2025-11-04,T035,G08,G06,12:30,12:30,0,A l'heure,101,23.5
J007106,2025-09-16,T011,G05,G10,18:15,18:15,0,A l'heure,272,99.42
J007107,2026-03-26,T025,G01,G14,17:48,17:48,0,A l'heure,257,34.73
J007108,2026-04-06,T013,G12,G15,17:45,18:07,22,Retarde,267,55.78
J007109,2025-10-26,T022,G13,G14,16:42,16:42,0,A l'heure,416,34.73
J007110,2026-01-11,T001,G09,G06,14:00,14:00,0,A l'heure,391,64.7
J007111,2025-09-16,T024,G12,G02,05:21,05:24,3,Retarde,223,31.42
J007112,2026-08-27,T007,G10,G01,08:21,08:21,0,A l'heure,248,68.54
J007113,2026-04-26,T030,G01,G13,16:30,16:30,0,A l'heure,220,21.23
J007114,2025-11-12,T035,G13,G03,17:06,17:06,0,A l'heure,88,27.23
J007115,2026-03-17,T037,G05,G10,14:45,,0,Annule,68,21.56
J007116,2026-02-13,T027,G13,G01,11:18,11:18,0,A l'heure,215,54.96
J007117,2026-07-14,T022,G09,G13,10:54,10:54,0,A l'heure,515,27.74
J007118,2025-12-13,T010,G07,G13,08:54,08:54,0,A l'heure,471,117.54
J007119,2025-10-04,T025,G11,G07,13:15,13:15,0,A l'heure,299,55.48
J007120,2026-02-05,T033,G15,G07,20:12,20:12,0,A l'heure,77,24.0
J007121,2025-12-11,T016,G06,G08,17:12,17:12,0,A l'heure,303,38.49
J007122,2025-11-19,T037,G10,G14,13:24,13:24,0,A l'heure,125,25.51
J007123,2025-11-22,T002,G04,G05,05:00,05:00,0,A l'heure,261,73.05
J007124,2026-05-07,T036,G11,G15,09:36,10:00,24,Retarde,126,16.79
J007125,2026-04-25,T024,G03,G15,14:42,15:09,27,Retarde,178,45.55
J007126,2026-01-25,T029,G08,G12,06:48,06:48,0,A l'heure,163,22.79
J007127,2026-05-28,T029,G05,G09,05:21,05:21,0,A l'heure,135,20.07
J007128,2025-12-07,T013,G03,G07,22:54,22:54,0,A l'heure,282,65.39
J007129,2026-07-15,T027,G04,G02,08:45,08:45,0,A l'heure,192,34.55
J007130,2025-10-15,T021,G14,G11,12:45,12:45,0,A l'heure,230,24.12
J007131,2025-09-16,T019,G03,G15,11:36,11:36,0,A l'heure,391,36.81
J007132,2026-07-08,T002,G11,G05,05:24,05:24,0,A l'heure,364,69.48
J007133,2026-06-21,T022,G10,G13,09:24,09:24,0,A l'heure,534,30.07
J007134,2026-05-26,T040,G09,G15,07:00,07:00,0,A l'heure,151,18.4
J007135,2026-03-27,T006,G03,G14,12:30,12:30,0,A l'heure,509,65.55
J007136,2026-04-21,T016,G15,G05,11:36,12:15,39,Retarde,388,40.75
J007137,2026-07-09,T029,G05,G01,19:54,19:54,0,A l'heure,115,20.46
J007138,2026-03-03,T005,G07,G04,15:42,15:42,0,A l'heure,359,65.27
J007139,2026-03-06,T026,G04,G11,07:18,07:24,6,Retarde,52,42.04
J007140,2026-01-30,T036,G15,G10,10:06,10:06,0,A l'heure,75,21.01
J007141,2026-06-04,T022,G05,G12,20:21,20:21,0,A l'heure,162,22.62
J007142,2025-09-20,T002,G10,G13,20:21,20:21,0,A l'heure,345,83.87
J007143,2026-08-09,T022,G08,G02,09:48,09:48,0,A l'heure,417,28.62
J007144,2026-05-30,T005,G11,G03,08:18,08:32,14,Retarde,383,95.27
J007145,2025-12-14,T003,G05,G07,19:15,19:29,14,Retarde,368,69.2
J007146,2025-09-12,T004,G07,G11,21:45,21:45,0,A l'heure,311,100.47
J007147,2026-01-15,T015,G14,G02,12:24,12:43,19,Retarde,357,33.24
J007148,2026-08-05,T005,G14,G15,15:15,15:19,4,Retarde,253,64.86
J007149,2026-03-09,T005,G12,G15,07:42,07:58,16,Retarde,337,72.5
J007150,2025-09-02,T014,G04,G03,21:45,21:45,0,A l'heure,299,100.16
J007151,2026-03-26,T026,G06,G08,05:42,05:43,1,Retarde,281,57.37
J007152,2026-07-13,T036,G08,G01,14:18,14:18,0,A l'heure,114,20.48
J007153,2026-08-05,T001,G06,G04,22:54,22:55,1,Retarde,168,97.32
J007154,2025-11-25,T019,G03,G14,06:36,06:36,0,A l'heure,458,35.22
J007155,2026-05-09,T009,G14,G13,07:42,07:42,0,A l'heure,372,90.77
J007156,2025-09-19,T036,G06,G13,07:54,07:54,0,A l'heure,102,22.63
J007157,2026-06-24,T021,G09,G11,13:42,13:42,0,A l'heure,297,37.98
J007158,2026-02-12,T030,G02,G04,08:42,08:43,1,Retarde,122,18.66
J007159,2026-04-18,T031,G12,G11,06:12,06:15,3,Retarde,179,32.44
J007160,2025-12-24,T030,G15,G14,17:48,17:48,0,A l'heure,161,19.92
J007161,2026-04-12,T031,G12,G08,15:48,15:48,0,A l'heure,145,31.57
J007162,2026-08-03,T011,G11,G06,08:12,08:12,0,A l'heure,351,98.63
J007163,2026-03-07,T019,G03,G13,14:00,14:00,0,A l'heure,494,29.96
J007164,2026-07-19,T010,G07,G13,20:06,20:06,0,A l'heure,318,81.13
J007165,2026-02-13,T015,G02,G03,17:48,18:25,37,Retarde,311,28.85
J007166,2026-01-04,T027,G07,G10,17:24,17:24,0,A l'heure,235,55.06
J007167,2026-02-01,T009,G06,G04,11:21,11:21,0,A l'heure,338,66.55
J007168,2026-04-09,T003,G09,G08,14:24,14:24,0,A l'heure,187,75.37
J007169,2026-01-08,T029,G04,G13,09:45,09:59,14,Retarde,122,19.6
J007170,2026-05-24,T027,G04,G05,10:42,10:42,0,A l'heure,337,53.55
J007171,2025-10-20,T005,G15,G05,22:54,22:54,0,A l'heure,290,66.91
J007172,2026-01-16,T019,G02,G11,18:54,19:13,19,Retarde,336,40.26
J007173,2025-12-15,T005,G11,G01,15:00,15:00,0,A l'heure,130,66.63
J007174,2025-11-20,T030,G02,G11,10:21,10:21,0,A l'heure,83,22.55
J007175,2026-06-18,T007,G08,G11,06:21,06:21,0,A l'heure,340,83.64
J007176,2025-12-01,T029,G15,G03,05:15,05:15,0,A l'heure,165,23.97
J007177,2026-05-27,T004,G06,G10,19:06,19:06,0,A l'heure,329,77.05
J007178,2026-02-23,T007,G01,G15,06:45,06:45,0,A l'heure,286,82.06
J007179,2025-10-09,T028,G02,G07,18:42,18:54,12,Retarde,273,47.06
J007180,2025-12-13,T001,G07,G15,14:36,14:36,0,A l'heure,510,116.58
J007181,2026-03-12,T020,G08,G11,14:06,14:12,6,Retarde,402,24.66
J007182,2026-07-13,T027,G11,G10,19:18,19:18,0,A l'heure,87,55.7
J007183,2025-09-23,T009,G13,G02,05:06,05:30,24,Retarde,265,89.46
J007184,2025-11-20,T036,G04,G07,14:42,14:42,0,A l'heure,134,19.35
J007185,2026-08-03,T017,G04,G06,08:42,08:42,0,A l'heure,276,28.27
J007186,2026-05-26,T034,G08,G14,11:00,11:00,0,A l'heure,100,26.72
J007187,2025-09-24,T033,G11,G02,16:24,16:24,0,A l'heure,113,17.88
J007188,2026-01-08,T003,G08,G03,07:24,07:24,0,A l'heure,425,90.82
J007189,2026-07-01,T002,G12,G14,18:12,18:12,0,A l'heure,330,57.83
J007190,2025-09-12,T017,G15,G04,06:54,07:04,10,Retarde,306,44.17
J007191,2026-03-23,T028,G12,G08,10:00,10:00,0,A l'heure,241,31.05
J007192,2026-04-15,T032,G13,G02,21:36,21:36,0,A l'heure,140,26.43
J007193,2026-01-12,T016,G09,G08,07:24,07:24,0,A l'heure,198,30.89
J007194,2026-08-22,T034,G14,G06,19:18,19:18,0,A l'heure,138,20.56
J007195,2025-10-06,T010,G07,G04,13:00,13:05,5,Retarde,226,57.16
J007196,2025-10-20,T040,G07,G05,05:45,,0,Annule,131,17.3
J007197,2026-03-15,T038,G11,G02,08:48,08:48,0,A l'heure,137,27.31
J007198,2026-07-02,T013,G07,G04,14:12,14:12,0,A l'heure,380,69.22
J007199,2026-03-31,T004,G11,G04,15:06,15:06,0,A l'heure,363,52.51
J007200,2025-09-14,T015,G04,G13,16:06,16:06,0,A l'heure,328,37.4
J007201,2026-01-04,T028,G05,G14,07:15,07:39,24,Retarde,257,49.21
J007202,2025-10-16,T018,G07,G14,19:48,20:00,12,Retarde,440,35.52
J007203,2026-03-01,T025,G03,G02,22:36,22:36,0,A l'heure,214,65.78
J007204,2026-04-21,T030,G06,G03,11:18,11:18,0,A l'heure,105,26.25
J007205,2025-10-30,T024,G01,G12,12:42,12:42,0,A l'heure,213,44.0
J007206,2026-08-20,T017,G01,G07,07:21,07:21,0,A l'heure,323,23.61
J007207,2025-11-20,T020,G08,G05,21:06,21:06,0,A l'heure,307,42.53
J007208,2026-06-18,T017,G07,G10,17:12,17:42,30,Retarde,261,38.02
J007209,2025-11-27,T003,G11,G10,10:00,10:00,0,A l'heure,203,82.2
J007210,2026-07-20,T013,G05,G12,11:15,11:16,1,Retarde,290,102.91
J007211,2025-11-16,T033,G02,G15,10:12,10:12,0,A l'heure,125,27.36
J007212,2026-01-24,T028,G06,G04,15:15,15:15,0,A l'heure,307,57.66
J007213,2026-06-27,T003,G07,G04,10:24,10:24,0,A l'heure,347,76.91
J007214,2026-02-21,T019,G04,G02,22:45,23:47,62,Fortement retarde,281,42.84
J007215,2026-07-28,T009,G11,G04,11:54,11:54,0,A l'heure,331,90.91
J007216,2025-11-03,T040,G15,G05,08:36,08:36,0,A l'heure,88,19.01
J007217,2026-07-29,T020,G03,G05,14:30,14:30,0,A l'heure,452,43.17
J007218,2026-05-01,T024,G12,G10,18:00,18:00,0,A l'heure,298,31.21
J007219,2025-12-27,T018,G08,G04,21:48,21:48,0,A l'heure,473,39.67
J007220,2026-07-03,T014,G07,G14,20:30,20:55,25,Retarde,387,68.55
J007221,2025-09-10,T005,G06,G13,11:45,11:45,0,A l'heure,263,86.26
J007222,2025-09-22,T033,G13,G02,05:45,05:45,0,A l'heure,72,24.08
J007223,2026-06-04,T026,G14,G13,22:00,23:00,60,Fortement retarde,121,56.29
J007224,2025-10-23,T026,G12,G14,11:18,11:18,0,A l'heure,207,37.51
J007225,2026-05-12,T036,G01,G04,10:00,10:00,0,A l'heure,151,20.36
J007226,2026-07-23,T038,G04,G13,12:42,12:42,0,A l'heure,76,14.83
J007227,2025-10-02,T035,G05,G15,12:42,12:42,0,A l'heure,157,27.09
J007228,2026-08-08,T036,G11,G12,13:15,13:18,3,Retarde,176,20.81
J007229,2026-08-18,T008,G13,G05,21:54,21:55,1,Retarde,365,99.41
J007230,2025-12-07,T018,G15,G09,14:45,14:48,3,Retarde,592,40.13
J007231,2026-05-26,T019,G05,G08,10:36,10:36,0,A l'heure,511,44.01
J007232,2026-07-31,T039,G11,G07,10:36,10:37,1,Retarde,142,28.48
J007233,2026-03-02,T003,G01,G03,20:24,20:26,2,Retarde,412,89.79
J007234,2026-07-29,T007,G01,G12,12:36,12:36,0,A l'heure,278,85.24
J007235,2025-12-11,T039,G15,G08,06:15,06:15,0,A l'heure,104,28.55
J007236,2025-12-14,T015,G05,G07,08:45,08:47,2,Retarde,397,50.06
J007237,2026-08-03,T009,G14,G07,18:45,18:52,7,Retarde,371,58.46
J007238,2025-11-05,T005,G09,G14,08:18,08:18,0,A l'heure,440,61.04
J007239,2026-07-08,T007,G13,G02,15:06,15:10,4,Retarde,266,92.81
J007240,2026-05-02,T033,G09,G13,16:18,16:18,0,A l'heure,173,25.68
J007241,2026-08-02,T019,G10,G14,07:15,07:15,0,A l'heure,504,27.26
J007242,2026-06-04,T010,G02,G12,18:45,18:45,0,A l'heure,357,94.84
J007243,2026-07-15,T025,G12,G01,22:06,22:06,0,A l'heure,270,52.59
J007244,2026-02-18,T027,G14,G06,14:00,14:44,44,Retarde,181,57.23
J007245,2026-02-18,T040,G03,G12,18:24,18:24,0,A l'heure,189,14.46
J007246,2025-10-17,T004,G02,G15,08:54,08:54,0,A l'heure,362,67.66
J007247,2025-12-24,T031,G13,G07,06:06,06:11,5,Retarde,118,24.15
J007248,2025-11-23,T009,G06,G13,12:24,12:24,0,A l'heure,345,83.19
J007249,2026-01-16,T025,G01,G03,16:42,16:42,0,A l'heure,214,54.08
J007250,2025-12-08,T033,G09,G14,10:48,11:05,17,Retarde,57,22.04
J007251,2025-12-24,T030,G13,G03,14:48,14:49,1,Retarde,200,26.86
J007252,2026-04-05,T013,G08,G04,17:18,17:18,0,A l'heure,311,108.48
J007253,2026-02-20,T036,G07,G01,12:24,12:24,0,A l'heure,93,23.32
J007254,2026-05-11,T016,G13,G09,06:21,06:21,0,A l'heure,433,40.4
J007255,2026-02-24,T036,G12,G06,06:42,06:42,0,A l'heure,116,24.17
J007256,2026-07-01,T007,G08,G11,15:48,15:48,0,A l'heure,325,76.41
J007257,2025-10-27,T013,G04,G11,09:24,09:24,0,A l'heure,408,66.93
J007258,2025-12-13,T022,G10,G04,14:45,14:45,0,A l'heure,322,42.3
J007259,2026-06-15,T033,G11,G10,17:42,17:42,0,A l'heure,148,28.79
J007260,2026-05-09,T038,G13,G01,22:48,22:48,0,A l'heure,141,18.5
J007261,2026-02-28,T013,G09,G08,07:12,07:12,0,A l'heure,450,72.51
J007262,2025-11-16,T005,G01,G15,15:15,15:15,0,A l'heure,508,102.67
J007263,2026-01-06,T039,G05,G15,16:54,16:54,0,A l'heure,159,20.4
J007264,2025-10-23,T017,G11,G05,08:06,08:06,0,A l'heure,456,31.63
J007265,2026-04-16,T004,G05,G06,19:54,20:06,12,Retarde,348,81.08
J007266,2025-10-08,T032,G07,G08,20:06,20:06,0,A l'heure,143,17.72
J007267,2026-01-31,T015,G04,G11,21:45,21:52,7,Retarde,392,50.02
J007268,2026-03-25,T037,G13,G10,20:45,20:49,4,Retarde,144,15.11
J007269,2025-12-23,T028,G10,G11,13:12,13:16,4,Retarde,135,37.3
J007270,2026-05-17,T017,G01,G14,13:15,13:15,0,A l'heure,297,27.38
J007271,2026-04-30,T031,G10,G06,09:45,09:45,0,A l'heure,69,28.38
J007272,2026-05-06,T031,G10,G06,13:30,13:34,4,Retarde,157,26.69
J007273,2026-03-26,T003,G01,G11,21:18,21:18,0,A l'heure,295,82.75
J007274,2026-08-21,T014,G10,G15,12:00,12:00,0,A l'heure,275,92.46
J007275,2025-11-08,T038,G12,G10,15:54,15:54,0,A l'heure,156,17.27
J007276,2026-08-05,T015,G04,G05,22:45,22:45,0,A l'heure,284,29.25
J007277,2026-08-11,T027,G05,G06,05:12,05:12,0,A l'heure,129,56.06
J007278,2026-01-09,T029,G15,G02,21:00,21:00,0,A l'heure,153,26.36
J007279,2025-10-09,T015,G09,G15,10:18,10:22,4,Retarde,261,43.36
J007280,2026-08-13,T027,G11,G02,07:06,07:06,0,A l'heure,291,39.33
J007281,2026-02-15,T014,G04,G12,10:30,10:31,1,Retarde,284,88.54
J007282,2026-01-07,T023,G03,G12,13:24,13:24,0,A l'heure,172,58.34
J007283,2026-05-09,T016,G06,G12,21:24,21:24,0,A l'heure,462,46.3
J007284,2025-12-14,T038,G10,G15,06:21,06:21,0,A l'heure,76,17.26
J007285,2026-01-23,T016,G01,G13,13:45,13:45,0,A l'heure,335,40.48
J007286,2026-02-23,T011,G05,G13,07:24,07:33,9,Retarde,328,85.15
J007287,2026-03-30,T019,G11,G05,22:30,23:00,30,Retarde,330,35.33
J007288,2026-06-03,T026,G11,G09,10:21,10:34,13,Retarde,148,43.13
J007289,2026-05-01,T007,G11,G13,09:54,09:54,0,A l'heure,289,60.44
J007290,2026-02-12,T008,G06,G12,07:12,07:12,0,A l'heure,214,70.66
J007291,2026-08-12,T016,G14,G12,15:06,15:13,7,Retarde,544,44.12
J007292,2025-10-15,T004,G02,G13,14:12,14:30,18,Retarde,272,54.46
J007293,2026-07-29,T006,G07,G02,12:30,12:31,1,Retarde,210,69.22
J007294,2026-01-26,T022,G12,G01,15:24,15:24,0,A l'heure,247,34.63
J007295,2026-04-27,T015,G08,G14,14:36,14:36,0,A l'heure,325,33.7
J007296,2026-07-09,T012,G12,G11,20:42,20:42,0,A l'heure,354,68.62
J007297,2026-02-25,T004,G04,G15,14:21,14:26,5,Retarde,340,77.62
J007298,2025-10-04,T023,G06,G13,22:24,22:24,0,A l'heure,350,66.74
J007299,2025-10-21,T011,G12,G01,10:54,11:14,20,Retarde,250,69.78
J007300,2026-06-29,T017,G08,G02,07:06,07:06,0,A l'heure,532,37.37
J007301,2026-07-05,T031,G01,G02,11:00,11:00,0,A l'heure,186,25.74
J007302,2025-10-29,T033,G09,G03,17:18,17:42,24,Retarde,91,22.4
J007303,2026-04-18,T007,G13,G12,10:15,10:43,28,Retarde,282,92.45
J007304,2026-03-05,T040,G01,G08,18:12,18:32,20,Retarde,135,25.56
J007305,2025-12-10,T034,G02,G11,20:00,,0,Annule,173,25.64
J007306,2026-07-22,T027,G14,G05,12:48,13:29,41,Retarde,217,35.26
J007307,2025-11-24,T005,G10,G09,05:18,05:18,0,A l'heure,248,73.93
J007308,2026-06-25,T020,G02,G03,17:45,17:45,0,A l'heure,350,40.84
J007309,2025-11-29,T030,G05,G01,18:45,18:45,0,A l'heure,173,17.03
J007310,2025-10-09,T021,G12,G04,10:54,10:54,0,A l'heure,368,36.93
J007311,2026-02-18,T036,G10,G09,16:42,16:42,0,A l'heure,134,19.57
J007312,2026-02-03,T011,G08,G10,15:18,15:18,0,A l'heure,346,60.25
J007313,2025-12-29,T014,G13,G08,15:42,15:43,1,Retarde,271,92.09
J007314,2026-06-16,T007,G14,G02,18:48,19:07,19,Retarde,246,101.53
J007315,2026-05-13,T020,G14,G05,12:42,12:42,0,A l'heure,339,29.66
J007316,2025-09-10,T034,G06,G02,07:00,07:02,2,Retarde,140,26.01
J007317,2026-06-18,T026,G02,G10,18:06,18:06,0,A l'heure,172,46.28
J007318,2026-06-08,T026,G04,G03,14:18,15:08,50,Retarde,210,34.99
J007319,2026-05-16,T017,G06,G13,10:06,10:37,31,Retarde,366,43.32
J007320,2025-09-19,T025,G12,G07,12:54,13:45,51,Retarde,239,53.66
J007321,2026-01-02,T011,G08,G14,06:24,06:24,0,A l'heure,252,103.76
J007322,2026-02-01,T026,G08,G09,19:15,19:15,0,A l'heure,300,64.1
J007323,2026-07-04,T037,G02,G15,12:54,12:58,4,Retarde,183,19.04
J007324,2026-04-30,T033,G07,G09,17:48,17:48,0,A l'heure,90,28.27
J007325,2025-11-16,T015,G05,G15,13:48,13:48,0,A l'heure,357,44.86
J007326,2025-11-15,T018,G12,G14,06:12,06:18,6,Retarde,612,26.95
J007327,2026-02-11,T025,G11,G01,05:36,05:36,0,A l'heure,220,56.36
J007328,2025-11-03,T021,G03,G15,12:30,12:30,0,A l'heure,266,23.43
J007329,2025-09-04,T013,G15,G08,15:15,15:15,0,A l'heure,365,81.63
J007330,2026-02-01,T005,G05,G14,15:15,15:15,0,A l'heure,363,103.42
J007331,2026-04-01,T024,G11,G05,20:15,20:35,20,Retarde,240,32.87
J007332,2026-05-15,T014,G14,G06,07:24,07:24,0,A l'heure,94,92.89
J007333,2026-05-11,T036,G10,G03,14:00,14:00,0,A l'heure,128,26.53
J007334,2026-07-30,T028,G09,G12,20:12,20:23,11,Retarde,133,38.6
J007335,2025-10-17,T030,G10,G11,12:36,12:36,0,A l'heure,149,23.4
J007336,2026-05-25,T034,G09,G06,20:54,20:55,1,Retarde,162,16.33
J007337,2026-08-07,T020,G04,G03,20:06,20:06,0,A l'heure,430,43.72
J007338,2025-11-14,T033,G11,G12,09:54,09:54,0,A l'heure,149,15.5
J007339,2025-12-10,T019,G14,G01,10:06,,0,Annule,387,42.35
J007340,2025-09-11,T017,G06,G13,09:15,09:33,18,Retarde,259,41.16
J007341,2026-08-26,T015,G10,G03,11:30,11:30,0,A l'heure,228,30.62
J007342,2026-06-21,T007,G06,G09,05:30,,0,Annule,282,93.42
J007343,2026-05-27,T026,G13,G06,19:42,20:47,65,Fortement retarde,163,51.8
J007344,2026-01-29,T008,G01,G07,14:30,14:30,0,A l'heure,291,99.79
J007345,2025-09-19,T026,G02,G14,12:48,12:48,0,A l'heure,223,42.3
J007346,2026-04-18,T039,G12,G15,21:48,21:48,0,A l'heure,215,31.1
J007347,2026-02-13,T033,G08,G02,09:12,09:12,0,A l'heure,158,23.02
J007348,2026-01-28,T030,G07,G10,07:06,07:06,0,A l'heure,120,27.56
J007349,2026-02-25,T034,G05,G14,20:30,20:41,11,Retarde,80,19.9
J007350,2026-05-26,T010,G13,G09,21:18,21:18,0,A l'heure,435,63.06
J007351,2025-09-23,T007,G02,G03,16:42,16:48,6,Retarde,458,81.97
J007352,2026-08-11,T025,G12,G02,16:00,16:00,0,A l'heure,127,31.64
J007353,2026-04-20,T005,G01,G10,20:18,20:37,19,Retarde,247,102.5
J007354,2026-02-17,T025,G08,G06,13:36,13:45,9,Retarde,165,34.72
J007355,2026-04-28,T005,G14,G06,14:42,14:42,0,A l'heure,195,102.71
J007356,2026-03-09,T013,G03,G07,10:18,10:18,0,A l'heure,388,99.55
J007357,2026-07-18,T002,G08,G05,17:54,17:54,0,A l'heure,407,96.23
J007358,2025-12-19,T005,G04,G03,10:24,10:24,0,A l'heure,233,98.22
J007359,2026-06-24,T022,G04,G03,07:54,07:54,0,A l'heure,423,36.76
J007360,2026-07-14,T024,G03,G01,17:45,17:51,6,Retarde,350,38.01
J007361,2025-10-24,T017,G11,G15,12:30,12:30,0,A l'heure,217,40.77
J007362,2025-12-10,T021,G12,G07,22:30,22:30,0,A l'heure,194,36.44
J007363,2026-03-25,T025,G08,G12,11:00,11:37,37,Retarde,267,50.26
J007364,2026-06-20,T016,G01,G08,18:15,18:15,0,A l'heure,368,25.99
J007365,2026-03-02,T004,G15,G13,12:06,12:06,0,A l'heure,364,74.23
J007366,2026-05-23,T036,G06,G10,11:42,11:42,0,A l'heure,141,32.88
J007367,2026-02-12,T026,G10,G02,05:54,05:54,0,A l'heure,144,31.08
J007368,2026-07-28,T002,G03,G11,16:06,16:15,9,Retarde,328,84.91
J007369,2026-03-05,T028,G11,G07,09:54,10:25,31,Retarde,215,34.76
J007370,2025-12-12,T035,G07,G01,06:54,06:54,0,A l'heure,121,21.2
J007371,2026-06-24,T039,G04,G02,08:12,08:12,0,A l'heure,108,28.74
J007372,2026-03-28,T023,G01,G15,15:45,15:45,0,A l'heure,182,49.05
J007373,2026-04-23,T038,G02,G10,11:54,11:54,0,A l'heure,127,24.09
J007374,2026-05-15,T014,G04,G14,14:24,14:24,0,A l'heure,379,68.72
J007375,2026-02-21,T027,G14,G10,21:18,21:47,29,Retarde,270,66.44
J007376,2025-11-22,T035,G12,G05,20:42,20:42,0,A l'heure,141,27.21
J007377,2026-08-22,T003,G14,G15,05:21,05:21,0,A l'heure,484,81.14
J007378,2026-04-24,T010,G04,G15,06:00,06:00,0,A l'heure,186,75.78
J007379,2025-11-19,T014,G11,G06,10:45,10:45,0,A l'heure,378,93.06
J007380,2026-08-22,T024,G11,G02,11:42,12:16,34,Retarde,232,58.5
J007381,2026-01-11,T039,G15,G08,14:06,14:06,0,A l'heure,176,21.78
J007382,2026-02-10,T023,G01,G02,19:48,20:14,26,Retarde,217,47.93
J007383,2025-12-26,T008,G05,G03,10:00,10:00,0,A l'heure,230,76.4
J007384,2026-02-27,T019,G05,G12,20:21,20:21,0,A l'heure,391,28.9
J007385,2025-12-12,T012,G11,G15,05:48,05:48,0,A l'heure,153,101.57
J007386,2025-10-15,T019,G04,G10,11:06,11:36,30,Retarde,247,25.75
J007387,2025-12-28,T018,G08,G04,13:00,13:00,0,A l'heure,489,48.37
J007388,2025-12-27,T016,G08,G14,20:30,20:30,0,A l'heure,510,27.3
J007389,2025-11-26,T030,G03,G08,22:24,22:24,0,A l'heure,200,17.2
J007390,2025-09-21,T037,G08,G09,12:18,12:18,0,A l'heure,205,20.31
J007391,2026-05-24,T020,G09,G06,07:00,07:00,0,A l'heure,531,32.23
J007392,2026-05-21,T022,G12,G07,13:21,13:26,5,Retarde,476,41.3
J007393,2025-11-15,T007,G06,G14,15:15,15:16,1,Retarde,305,99.64
J007394,2026-04-14,T038,G07,G02,09:45,09:45,0,A l'heure,87,23.52
J007395,2026-07-31,T020,G10,G07,16:06,16:06,0,A l'heure,287,43.49
J007396,2026-01-14,T038,G01,G04,19:15,19:15,0,A l'heure,98,17.81
J007397,2025-09-09,T023,G15,G05,15:42,16:18,36,Retarde,245,50.96
J007398,2025-11-18,T016,G10,G13,19:48,19:52,4,Retarde,411,43.23
J007399,2026-01-10,T029,G15,G11,08:54,08:54,0,A l'heure,176,17.91
J007400,2025-12-07,T034,G06,G07,19:42,19:42,0,A l'heure,171,31.0
J007401,2026-07-02,T010,G10,G03,16:12,16:12,0,A l'heure,261,60.01
J007402,2026-04-04,T032,G01,G09,07:18,07:18,0,A l'heure,125,23.32
J007403,2026-06-17,T004,G11,G09,12:15,12:15,0,A l'heure,241,71.98
J007404,2026-02-05,T018,G15,G10,05:36,05:41,5,Retarde,453,32.92
J007405,2026-08-24,T028,G10,G14,20:48,20:48,0,A l'heure,205,53.16
J007406,2026-05-08,T003,G10,G11,11:00,11:00,0,A l'heure,367,60.82
J007407,2026-01-25,T036,G01,G06,18:21,18:24,3,Retarde,156,18.03
J007408,2026-08-29,T023,G08,G13,06:15,06:15,0,A l'heure,263,49.13
J007409,2026-05-19,T003,G04,G01,17:54,17:54,0,A l'heure,237,55.52
J007410,2025-11-15,T035,G05,G14,07:36,07:39,3,Retarde,153,18.25
J007411,2026-05-19,T019,G05,G09,18:24,18:24,0,A l'heure,247,27.7
J007412,2025-11-17,T001,G11,G05,17:30,17:33,3,Retarde,319,63.76
J007413,2025-11-18,T037,G10,G05,10:06,10:06,0,A l'heure,102,23.56
J007414,2026-04-02,T026,G07,G12,21:36,21:50,14,Retarde,215,53.48
J007415,2026-01-06,T004,G10,G15,14:15,14:36,21,Retarde,266,59.46
J007416,2026-08-27,T013,G01,G11,06:15,06:23,8,Retarde,212,91.17
J007417,2026-02-19,T001,G01,G05,19:48,19:48,0,A l'heure,347,83.26
J007418,2026-07-16,T018,G10,G15,22:36,22:44,8,Retarde,488,23.44
J007419,2026-06-06,T010,G09,G12,18:24,18:24,0,A l'heure,372,116.41
J007420,2026-06-09,T038,G11,G02,22:06,22:19,13,Retarde,126,26.71
J007421,2025-09-13,T001,G10,G03,13:45,13:45,0,A l'heure,364,106.92
J007422,2026-07-17,T030,G04,G06,18:00,18:06,6,Retarde,74,28.19
J007423,2026-06-01,T023,G08,G15,10:00,10:17,17,Retarde,201,60.08
J007424,2026-07-10,T017,G12,G01,20:45,20:45,0,A l'heure,244,31.87
J007425,2026-03-05,T020,G15,G03,17:36,17:36,0,A l'heure,285,43.53
J007426,2025-09-21,T035,G03,G12,20:45,20:45,0,A l'heure,171,24.23
J007427,2026-04-03,T023,G03,G11,06:15,06:26,11,Retarde,198,49.72
J007428,2026-06-24,T002,G10,G09,20:45,20:45,0,A l'heure,269,55.05
J007429,2026-02-22,T022,G04,G08,20:42,20:42,0,A l'heure,384,33.21
J007430,2026-07-27,T033,G10,G11,15:42,15:46,4,Retarde,134,21.9
J007431,2026-03-31,T016,G06,G07,19:36,19:36,0,A l'heure,336,33.77
J007432,2026-04-16,T016,G05,G06,19:12,19:12,0,A l'heure,399,23.52
J007433,2026-04-21,T009,G13,G04,19:21,19:21,0,A l'heure,257,65.56
J007434,2025-12-31,T004,G14,G04,20:36,,0,Annule,262,102.69
J007435,2025-10-11,T040,G13,G06,13:00,13:00,0,A l'heure,112,19.36
J007436,2026-06-16,T007,G08,G09,18:15,18:32,17,Retarde,275,89.86
J007437,2026-07-19,T011,G03,G05,14:21,14:27,6,Retarde,414,90.69
J007438,2025-09-08,T010,G11,G04,09:12,09:12,0,A l'heure,297,83.26
J007439,2026-01-11,T021,G13,G12,11:21,11:21,0,A l'heure,380,30.51
J007440,2025-11-12,T002,G13,G09,20:18,20:18,0,A l'heure,313,63.41
J007441,2025-09-08,T034,G01,G08,17:30,17:30,0,A l'heure,131,21.63
J007442,2025-11-01,T035,G14,G04,18:24,18:24,0,A l'heure,118,20.84
J007443,2026-07-07,T028,G08,G11,12:45,12:45,0,A l'heure,268,59.97
J007444,2026-01-30,T011,G15,G02,05:36,05:48,12,Retarde,333,97.68
J007445,2026-04-10,T020,G11,G09,08:18,08:18,0,A l'heure,448,31.63
J007446,2025-09-23,T004,G10,G02,10:30,10:42,12,Retarde,297,78.53
J007447,2025-11-02,T019,G12,G04,21:12,21:12,0,A l'heure,401,46.44
J007448,2026-06-21,T023,G09,G14,12:06,12:06,0,A l'heure,123,54.84
J007449,2025-12-08,T019,G07,G14,11:18,11:25,7,Retarde,435,33.81
J007450,2026-06-09,T003,G10,G03,12:45,13:03,18,Retarde,428,91.88
J007451,2026-08-05,T039,G02,G03,05:21,05:21,0,A l'heure,141,15.86
J007452,2026-01-06,T011,G03,G08,08:12,08:12,0,A l'heure,220,57.17
J007453,2026-01-24,T027,G10,G03,11:12,11:12,0,A l'heure,309,64.68
J007454,2026-03-19,T016,G01,G10,09:21,09:21,0,A l'heure,295,43.43
J007455,2026-05-08,T029,G10,G15,08:00,08:00,0,A l'heure,101,21.82
J007456,2026-03-11,T032,G09,G14,12:45,12:45,0,A l'heure,120,20.13
J007457,2025-11-29,T029,G10,G04,10:18,10:19,1,Retarde,175,24.64
J007458,2026-08-04,T001,G08,G05,22:48,22:49,1,Retarde,219,94.2
J007459,2026-04-14,T012,G12,G07,14:00,14:00,0,A l'heure,296,98.08
J007460,2026-07-01,T016,G06,G11,20:48,21:15,27,Retarde,435,26.08
J007461,2025-11-12,T018,G13,G07,08:00,08:00,0,A l'heure,140,38.46
J007462,2025-10-06,T037,G06,G05,14:30,14:30,0,A l'heure,151,28.04
J007463,2026-02-09,T024,G06,G09,06:21,06:21,0,A l'heure,161,31.94
J007464,2026-04-15,T004,G10,G15,21:45,21:54,9,Retarde,260,74.51
J007465,2025-10-12,T036,G12,G13,11:21,11:21,0,A l'heure,158,24.78
J007466,2026-03-19,T010,G05,G12,09:54,09:55,1,Retarde,209,52.94
J007467,2026-04-19,T029,G02,G05,14:12,14:12,0,A l'heure,192,32.61
J007468,2025-09-25,T037,G13,G10,08:45,08:45,0,A l'heure,93,25.86
J007469,2026-07-08,T023,G08,G04,08:54,08:54,0,A l'heure,173,36.91
J007470,2025-10-02,T012,G02,G09,07:36,07:36,0,A l'heure,169,98.86
J007471,2025-11-25,T026,G14,G03,20:21,20:32,11,Retarde,177,44.54
J007472,2026-08-04,T010,G11,G14,08:00,08:00,0,A l'heure,335,52.1
J007473,2026-01-08,T038,G03,G13,13:06,13:06,0,A l'heure,131,21.64
J007474,2025-11-09,T016,G09,G02,20:45,20:45,0,A l'heure,396,48.04
J007475,2026-08-22,T006,G03,G11,11:48,11:48,0,A l'heure,369,105.97
J007476,2025-12-10,T026,G08,G15,08:21,08:21,0,A l'heure,237,57.56
J007477,2026-06-03,T030,G01,G14,15:30,15:31,1,Retarde,94,18.14
J007478,2025-12-03,T016,G01,G06,13:45,13:45,0,A l'heure,546,23.53
J007479,2025-11-20,T004,G10,G06,15:48,15:48,0,A l'heure,299,68.72
J007480,2025-09-22,T007,G03,G09,07:48,08:12,24,Retarde,251,64.31
J007481,2025-09-22,T025,G11,G03,14:12,14:12,0,A l'heure,225,49.0
J007482,2025-10-25,T013,G10,G11,22:48,22:50,2,Retarde,376,86.8
J007483,2026-03-03,T017,G07,G13,11:15,11:16,1,Retarde,244,44.15
J007484,2026-07-09,T038,G07,G01,12:21,12:21,0,A l'heure,145,24.45
J007485,2025-09-12,T028,G13,G07,05:15,05:15,0,A l'heure,238,47.61
J007486,2025-11-16,T035,G06,G05,08:24,08:24,0,A l'heure,177,20.16
J007487,2025-12-20,T011,G09,G15,16:15,16:15,0,A l'heure,506,110.61
J007488,2025-09-27,T012,G11,G09,12:30,12:30,0,A l'heure,320,98.64
J007489,2026-04-23,T008,G13,G02,10:24,10:25,1,Retarde,304,62.34
J007490,2025-09-09,T013,G02,G13,07:24,07:24,0,A l'heure,149,62.27
J007491,2026-07-19,T037,G01,G13,11:21,11:21,0,A l'heure,152,26.14
J007492,2026-03-19,T029,G09,G12,20:24,20:24,0,A l'heure,173,22.36
J007493,2025-11-18,T022,G10,G06,12:36,12:36,0,A l'heure,244,44.51
J007494,2026-07-20,T017,G07,G14,05:00,05:00,0,A l'heure,409,43.47
J007495,2025-12-10,T035,G03,G10,22:18,22:18,0,A l'heure,150,25.61
J007496,2025-11-17,T017,G14,G15,22:18,22:18,0,A l'heure,418,25.34
J007497,2026-08-09,T029,G07,G09,05:54,05:54,0,A l'heure,120,27.97
J007498,2026-03-13,T034,G10,G09,19:21,19:21,0,A l'heure,75,20.76
J007499,2026-01-06,T033,G05,G11,09:42,09:42,0,A l'heure,151,23.42
J007500,2026-06-01,T014,G06,G04,21:15,21:15,0,A l'heure,275,97.32
J007501,2025-11-29,T036,G13,G01,12:06,12:06,0,A l'heure,124,26.44
J007502,2026-07-04,T031,G12,G05,16:48,16:48,0,A l'heure,153,18.44
J007503,2025-11-26,T011,G05,G03,21:21,21:21,0,A l'heure,311,89.97
J007504,2025-11-28,T004,G04,G11,16:36,16:36,0,A l'heure,186,53.28
J007505,2025-09-08,T022,G03,G06,06:24,06:24,0,A l'heure,288,40.66
J007506,2025-09-21,T030,G12,G10,19:18,19:18,0,A l'heure,134,31.15
J007507,2026-08-18,T029,G14,G05,20:36,20:51,15,Retarde,163,25.36
J007508,2026-02-22,T025,G08,G03,09:18,09:18,0,A l'heure,262,48.96
J007509,2026-06-26,T002,G06,G02,19:18,19:19,1,Retarde,360,68.41
J007510,2025-11-27,T039,G05,G09,20:42,20:46,4,Retarde,114,24.24
J007511,2025-10-22,T035,G05,G08,18:48,18:48,0,A l'heure,126,17.24
J007512,2025-12-23,T006,G10,G11,16:48,16:48,0,A l'heure,332,54.19
J007513,2026-08-30,T032,G13,G08,14:42,14:42,0,A l'heure,152,26.41
J007514,2026-08-30,T039,G06,G04,13:30,13:30,0,A l'heure,156,19.63
J007515,2025-09-16,T011,G11,G05,15:12,15:12,0,A l'heure,261,67.84
J007516,2026-06-17,T009,G15,G04,05:30,05:30,0,A l'heure,311,54.12
J007517,2025-12-26,T029,G01,G06,14:15,14:15,0,A l'heure,147,26.21
J007518,2026-04-04,T039,G08,G03,19:18,19:23,5,Retarde,107,25.27
J007519,2026-06-12,T030,G15,G04,17:12,17:12,0,A l'heure,70,26.67
J007520,2026-02-01,T012,G13,G14,10:12,10:25,13,Retarde,390,65.8
J007521,2026-05-05,T020,G08,G15,05:24,05:39,15,Retarde,337,28.82
J007522,2025-11-22,T001,G10,G13,07:48,07:48,0,A l'heure,348,97.34
J007523,2025-12-24,T037,G06,G14,14:06,14:06,0,A l'heure,101,25.17
J007524,2026-01-19,T006,G08,G09,16:00,16:01,1,Retarde,421,97.86
J007525,2026-03-28,T035,G09,G12,20:18,20:18,0,A l'heure,103,30.76
J007526,2025-12-13,T017,G14,G05,20:30,20:30,0,A l'heure,451,43.67
J007527,2025-11-06,T012,G09,G03,21:18,21:18,0,A l'heure,266,60.27
J007528,2026-03-31,T002,G07,G01,18:15,18:22,7,Retarde,510,93.79
J007529,2025-11-07,T003,G10,G12,14:42,14:42,0,A l'heure,348,81.1
J007530,2026-07-21,T017,G11,G03,08:45,08:45,0,A l'heure,402,37.49
J007531,2026-01-08,T012,G06,G01,16:36,16:40,4,Retarde,483,102.88
J007532,2025-12-10,T020,G03,G11,07:48,07:48,0,A l'heure,106,40.34
J007533,2026-04-05,T039,G04,G05,20:54,20:54,0,A l'heure,156,23.88
J007534,2026-01-30,T025,G14,G05,17:21,17:24,3,Retarde,222,45.07
J007535,2025-10-12,T040,G15,G12,14:06,14:06,0,A l'heure,173,29.82
J007536,2026-04-24,T022,G13,G11,11:30,11:30,0,A l'heure,403,27.58
J007537,2026-04-22,T012,G14,G04,06:18,06:18,0,A l'heure,270,58.59
J007538,2026-04-16,T040,G03,G10,19:45,19:45,0,A l'heure,66,18.14
J007539,2026-04-13,T009,G15,G05,14:00,14:12,12,Retarde,231,61.88
J007540,2026-08-01,T023,G10,G02,21:30,21:51,21,Retarde,288,60.6
J007541,2026-06-24,T029,G14,G11,21:12,21:33,21,Retarde,121,23.43
J007542,2026-04-26,T026,G04,G15,16:06,16:14,8,Retarde,207,47.39
J007543,2025-09-17,T027,G13,G07,20:06,20:10,4,Retarde,300,59.99
J007544,2026-05-13,T003,G05,G14,18:54,,0,Annule,332,88.91
J007545,2025-10-21,T021,G03,G06,05:21,05:27,6,Retarde,390,26.83
J007546,2026-02-26,T021,G13,G12,19:06,19:24,18,Retarde,461,44.73
J007547,2025-11-19,T033,G13,G02,13:00,13:00,0,A l'heure,146,18.01
J007548,2025-10-03,T013,G10,G12,20:45,20:45,0,A l'heure,258,93.58
J007549,2026-03-23,T007,G01,G15,11:48,11:48,0,A l'heure,195,103.83
J007550,2025-10-24,T020,G14,G11,12:36,12:36,0,A l'heure,399,40.32
J007551,2026-06-27,T009,G04,G15,09:06,09:10,4,Retarde,432,96.47
J007552,2026-01-29,T031,G06,G04,13:18,13:18,0,A l'heure,115,26.34
J007553,2026-05-27,T009,G01,G08,19:36,19:36,0,A l'heure,297,66.64
J007554,2026-07-21,T031,G09,G10,21:36,21:36,0,A l'heure,99,25.25
J007555,2026-05-10,T017,G02,G07,15:18,15:50,32,Retarde,634,39.62
J007556,2025-12-30,T018,G04,G10,10:06,10:06,0,A l'heure,370,44.75
J007557,2025-11-02,T036,G15,G12,08:18,08:18,0,A l'heure,109,19.7
J007558,2026-05-19,T030,G08,G01,21:54,21:54,0,A l'heure,151,23.58
J007559,2025-11-22,T012,G15,G06,07:00,07:00,0,A l'heure,324,117.72
J007560,2026-06-29,T018,G14,G07,17:24,17:24,0,A l'heure,327,41.83
J007561,2026-06-04,T019,G14,G15,18:36,18:37,1,Retarde,390,30.61
J007562,2026-08-21,T012,G04,G03,22:15,22:15,0,A l'heure,381,71.95
J007563,2026-02-09,T009,G11,G14,15:15,15:15,0,A l'heure,204,86.3
J007564,2026-07-13,T023,G02,G14,12:36,12:36,0,A l'heure,232,44.17
J007565,2026-05-03,T023,G13,G10,18:12,18:12,0,A l'heure,188,68.92
J007566,2025-09-24,T030,G13,G02,07:24,07:24,0,A l'heure,141,20.75
J007567,2026-04-17,T005,G12,G06,16:15,16:15,0,A l'heure,510,79.06
J007568,2025-09-10,T020,G03,G07,06:42,06:42,0,A l'heure,527,38.91
J007569,2025-12-12,T004,G03,G06,17:24,17:24,0,A l'heure,255,99.48
J007570,2025-12-30,T038,G05,G13,11:15,11:22,7,Retarde,141,27.53
J007571,2025-09-16,T036,G06,G09,16:48,16:48,0,A l'heure,128,18.2
J007572,2026-03-05,T005,G13,G06,18:12,18:14,2,Retarde,331,77.07
J007573,2026-04-02,T019,G13,G05,10:15,10:45,30,Retarde,338,43.47
J007574,2026-03-18,T035,G03,G09,13:45,13:45,0,A l'heure,156,18.12
J007575,2025-10-18,T036,G02,G04,19:18,19:18,0,A l'heure,141,26.66
J007576,2025-10-12,T038,G03,G15,09:21,09:21,0,A l'heure,216,26.42
J007577,2025-12-30,T028,G01,G11,21:00,21:23,23,Retarde,238,45.28
J007578,2026-04-01,T029,G10,G03,16:00,16:00,0,A l'heure,115,24.44
J007579,2025-10-01,T015,G03,G05,14:18,14:21,3,Retarde,394,41.7
J007580,2026-04-15,T016,G14,G12,11:42,12:05,23,Retarde,328,43.38
J007581,2025-12-09,T017,G15,G01,22:18,22:18,0,A l'heure,190,30.57
J007582,2025-12-28,T014,G06,G02,06:48,06:48,0,A l'heure,323,92.66
J007583,2026-03-29,T009,G15,G14,11:21,11:21,0,A l'heure,328,103.76
J007584,2026-04-30,T002,G13,G12,06:45,06:45,0,A l'heure,225,56.18
J007585,2026-05-03,T025,G06,G02,17:24,17:30,6,Retarde,248,63.7
J007586,2026-04-09,T038,G03,G07,21:54,21:54,0,A l'heure,185,18.4
J007587,2026-01-01,T024,G07,G14,17:54,18:17,23,Retarde,326,51.9
J007588,2026-02-13,T015,G11,G03,17:12,17:13,1,Retarde,516,44.37
J007589,2026-06-20,T026,G10,G04,06:48,06:48,0,A l'heure,289,66.12
J007590,2026-05-13,T010,G03,G04,10:24,10:24,0,A l'heure,320,95.2
J007591,2025-12-13,T031,G04,G11,22:36,22:36,0,A l'heure,139,20.66
J007592,2025-12-14,T024,G03,G05,16:36,16:36,0,A l'heure,288,38.67
J007593,2026-08-31,T012,G14,G11,18:54,18:54,0,A l'heure,407,81.7
J007594,2026-06-08,T017,G08,G13,21:15,21:34,19,Retarde,277,27.11
J007595,2025-10-31,T030,G06,G07,22:45,22:47,2,Retarde,142,21.73
J007596,2026-01-06,T004,G02,G09,07:54,,0,Annule,324,53.69
J007597,2025-11-14,T006,G11,G02,13:12,13:18,6,Retarde,233,71.52
J007598,2025-10-12,T015,G03,G09,17:42,17:42,0,A l'heure,489,30.19
J007599,2025-11-21,T001,G15,G04,17:36,17:36,0,A l'heure,254,92.93
J007600,2025-09-25,T029,G11,G10,06:15,06:15,0,A l'heure,121,27.64
J007601,2026-02-05,T020,G11,G07,15:42,15:42,0,A l'heure,425,39.9
J007602,2026-02-16,T003,G01,G08,18:06,18:06,0,A l'heure,369,70.88
J007603,2026-06-01,T033,G12,G03,10:42,10:42,0,A l'heure,169,15.13
J007604,2025-12-10,T013,G03,G06,17:54,17:54,0,A l'heure,205,76.65
J007605,2025-10-22,T033,G13,G01,20:45,20:46,1,Retarde,101,20.02
J007606,2026-05-06,T018,G08,G07,17:45,17:58,13,Retarde,215,31.36
J007607,2025-09-21,T028,G04,G09,06:42,06:42,0,A l'heure,312,37.81
J007608,2026-04-21,T024,G09,G02,05:00,05:00,0,A l'heure,267,31.82
J007609,2026-03-31,T040,G09,G08,11:45,11:45,0,A l'heure,132,22.29
J007610,2025-09-06,T023,G09,G07,15:06,15:13,7,Retarde,324,37.96
J007611,2026-03-27,T034,G07,G15,16:42,16:42,0,A l'heure,82,17.92
J007612,2026-01-28,T033,G11,G07,14:42,14:42,0,A l'heure,82,20.25
J007613,2026-02-27,T026,G09,G06,12:06,12:07,1,Retarde,151,53.94
J007614,2025-12-29,T012,G03,G14,08:24,08:43,19,Retarde,353,77.16
J007615,2026-06-28,T026,G13,G06,19:15,19:15,0,A l'heure,279,52.66
J007616,2025-12-01,T008,G08,G05,15:12,15:12,0,A l'heure,268,75.21
J007617,2026-01-19,T026,G03,G11,18:15,18:15,0,A l'heure,209,60.64
J007618,2026-06-08,T030,G06,G12,15:54,15:54,0,A l'heure,128,27.41
J007619,2025-09-09,T024,G13,G06,13:42,13:42,0,A l'heure,311,44.7
J007620,2025-12-09,T032,G06,G11,22:06,22:06,0,A l'heure,103,20.12
J007621,2026-04-26,T005,G15,G02,16:48,16:48,0,A l'heure,361,98.09
J007622,2025-11-08,T021,G13,G08,06:00,06:00,0,A l'heure,285,49.51
J007623,2026-07-13,T038,G02,G11,12:15,12:15,0,A l'heure,142,21.22
J007624,2026-03-16,T002,G12,G14,07:00,07:12,12,Retarde,247,88.34
J007625,2026-04-06,T040,G10,G11,11:12,11:12,0,A l'heure,220,26.81
J007626,2026-08-24,T029,G04,G09,12:06,12:06,0,A l'heure,101,25.65
J007627,2026-05-02,T018,G08,G02,21:06,21:06,0,A l'heure,357,36.88
J007628,2025-09-05,T015,G03,G08,12:36,12:48,12,Retarde,481,30.62
J007629,2026-08-01,T011,G10,G06,22:06,22:06,0,A l'heure,346,109.41
J007630,2026-05-17,T040,G15,G11,15:06,15:06,0,A l'heure,193,18.82
J007631,2025-11-21,T019,G08,G03,22:06,22:37,31,Retarde,384,38.3
J007632,2025-09-19,T029,G15,G01,21:54,21:54,0,A l'heure,136,19.18
J007633,2026-07-17,T015,G05,G09,12:36,13:23,47,Retarde,398,30.82
J007634,2026-04-07,T037,G06,G10,11:54,11:54,0,A l'heure,123,15.89
J007635,2025-09-23,T006,G03,G07,11:42,11:42,0,A l'heure,283,65.69
J007636,2026-04-14,T005,G03,G12,12:30,12:30,0,A l'heure,329,56.57
J007637,2026-02-07,T002,G12,G10,15:42,15:42,0,A l'heure,462,67.48
J007638,2026-02-19,T027,G10,G03,11:00,11:01,1,Retarde,173,42.87
J007639,2026-05-11,T001,G14,G12,19:21,19:21,0,A l'heure,235,93.53
J007640,2025-12-26,T024,G03,G07,17:18,17:18,0,A l'heure,294,35.47
J007641,2026-08-20,T023,G15,G09,21:42,21:42,0,A l'heure,260,43.96
J007642,2025-11-10,T010,G08,G11,15:30,15:30,0,A l'heure,493,55.35
J007643,2026-01-10,T007,G12,G05,11:12,11:22,10,Retarde,282,93.54
J007644,2026-02-26,T009,G02,G08,09:45,09:45,0,A l'heure,277,87.72
J007645,2026-06-16,T010,G09,G01,17:24,17:24,0,A l'heure,335,87.55
J007646,2026-04-17,T019,G15,G06,20:48,20:48,0,A l'heure,370,32.83
J007647,2026-03-13,T032,G04,G03,05:06,05:06,0,A l'heure,120,18.61
J007648,2026-02-05,T035,G15,G10,20:15,20:16,1,Retarde,113,25.69
J007649,2025-12-10,T001,G02,G06,18:48,18:48,0,A l'heure,253,64.79
J007650,2026-06-11,T028,G02,G04,10:54,11:00,6,Retarde,179,40.84
J007651,2025-09-28,T020,G06,G05,09:42,10:01,19,Retarde,480,49.33
J007652,2025-12-27,T002,G11,G02,10:54,10:54,0,A l'heure,388,118.92
J007653,2025-12-11,T035,G10,G09,16:36,16:45,9,Retarde,146,27.32
J007654,2025-12-28,T020,G07,G04,19:42,19:57,15,Retarde,487,29.61
J007655,2026-06-05,T038,G09,G01,18:45,18:45,0,A l'heure,153,27.67
J007656,2026-03-31,T028,G15,G09,09:18,09:18,0,A l'heure,177,47.99
J007657,2026-03-05,T015,G15,G10,20:30,20:30,0,A l'heure,477,24.6
J007658,2025-09-26,T019,G03,G01,14:48,14:48,0,A l'heure,326,29.11
J007659,2026-01-18,T013,G05,G06,21:42,21:43,1,Retarde,294,110.57
J007660,2026-03-30,T023,G13,G14,10:21,10:21,0,A l'heure,223,56.48
J007661,2026-07-18,T013,G03,G02,06:18,06:18,0,A l'heure,344,110.02
J007662,2026-05-30,T019,G05,G07,22:42,22:52,10,Retarde,512,38.65
J007663,2025-10-24,T002,G11,G03,14:06,14:06,0,A l'heure,411,69.1
J007664,2026-05-08,T021,G03,G13,14:54,14:54,0,A l'heure,389,34.4
J007665,2025-12-24,T040,G13,G12,19:48,19:49,1,Retarde,123,20.73
J007666,2026-05-27,T024,G05,G11,07:00,07:02,2,Retarde,259,59.96
J007667,2026-06-01,T033,G05,G08,11:36,11:36,0,A l'heure,95,21.58
J007668,2026-06-19,T016,G04,G02,06:21,06:21,0,A l'heure,272,41.04
J007669,2026-05-17,T002,G01,G09,17:24,17:24,0,A l'heure,227,107.09
J007670,2026-03-08,T036,G10,G02,10:45,10:46,1,Retarde,197,29.5
J007671,2026-03-05,T035,G12,G02,07:42,07:43,1,Retarde,97,16.5
J007672,2026-07-12,T036,G01,G10,06:54,06:54,0,A l'heure,152,22.16
J007673,2025-10-13,T029,G10,G07,15:12,15:12,0,A l'heure,170,25.22
J007674,2026-07-23,T017,G13,G04,17:18,17:38,20,Retarde,462,27.63
J007675,2025-10-03,T022,G12,G02,14:00,14:12,12,Retarde,283,28.71
J007676,2026-06-28,T029,G15,G08,22:06,22:06,0,A l'heure,144,25.12
J007677,2026-01-07,T015,G03,G11,19:12,19:26,14,Retarde,329,40.63
J007678,2026-01-09,T034,G14,G15,20:12,20:12,0,A l'heure,114,22.2
J007679,2026-02-09,T006,G05,G11,16:06,16:06,0,A l'heure,389,102.14
J007680,2026-02-19,T036,G10,G02,17:48,17:56,8,Retarde,89,25.29
J007681,2026-03-27,T024,G03,G11,07:54,07:54,0,A l'heure,219,35.92
J007682,2026-05-14,T008,G07,G05,20:18,20:18,0,A l'heure,336,103.81
J007683,2026-01-24,T009,G12,G06,17:15,17:15,0,A l'heure,465,73.78
J007684,2026-01-24,T034,G08,G11,11:24,11:24,0,A l'heure,139,20.9
J007685,2026-07-22,T009,G08,G03,16:00,16:17,17,Retarde,262,97.52
J007686,2026-01-14,T001,G02,G11,18:12,18:22,10,Retarde,240,96.22
J007687,2026-08-05,T016,G10,G07,08:21,08:41,20,Retarde,406,34.26
J007688,2026-08-28,T030,G12,G11,13:21,13:21,0,A l'heure,87,28.79
J007689,2026-04-19,T020,G07,G12,16:00,16:00,0,A l'heure,450,35.41
J007690,2025-12-20,T040,G11,G10,22:36,22:37,1,Retarde,169,19.04
J007691,2026-04-07,T002,G07,G09,20:45,20:45,0,A l'heure,297,93.02
J007692,2026-01-27,T038,G15,G07,12:42,12:42,0,A l'heure,66,28.55
J007693,2026-02-11,T001,G12,G05,16:12,16:12,0,A l'heure,307,61.21
J007694,2025-11-15,T016,G07,G09,05:54,05:55,1,Retarde,527,41.11
J007695,2026-04-11,T022,G04,G08,10:24,10:24,0,A l'heure,596,36.7
J007696,2026-01-27,T020,G06,G14,05:18,05:18,0,A l'heure,457,37.6
J007697,2026-05-19,T017,G05,G04,14:00,14:00,0,A l'heure,318,28.25
J007698,2026-04-28,T013,G13,G01,14:06,14:27,21,Retarde,209,70.76
J007699,2026-05-18,T036,G14,G04,15:06,15:13,7,Retarde,131,27.95
J007700,2026-01-23,T017,G09,G06,20:24,20:33,9,Retarde,415,24.93
J007701,2026-01-28,T009,G07,G15,22:24,22:25,1,Retarde,327,72.89
J007702,2026-01-22,T010,G12,G15,12:00,12:00,0,A l'heure,260,91.3
J007703,2026-04-29,T020,G06,G04,19:30,20:35,65,Fortement retarde,338,41.76
J007704,2026-08-02,T033,G08,G01,19:06,19:07,1,Retarde,175,21.01
J007705,2026-01-25,T035,G05,G01,08:48,08:48,0,A l'heure,180,18.23
J007706,2025-12-11,T033,G13,G04,20:18,20:18,0,A l'heure,123,15.49
J007707,2025-09-26,T003,G04,G15,20:24,20:24,0,A l'heure,351,86.68
J007708,2026-03-07,T006,G11,G14,22:42,22:42,0,A l'heure,421,116.07
J007709,2026-07-31,T001,G02,G13,18:15,18:25,10,Retarde,269,98.74
J007710,2025-10-09,T021,G14,G09,10:42,10:42,0,A l'heure,285,29.87
J007711,2026-01-28,T025,G10,G04,11:06,11:06,0,A l'heure,244,45.19
J007712,2026-01-03,T024,G01,G10,16:48,16:48,0,A l'heure,270,38.76
J007713,2026-05-21,T028,G14,G07,09:15,10:15,60,Fortement retarde,248,56.0
J007714,2026-05-12,T001,G05,G14,17:00,17:00,0,A l'heure,290,67.28
J007715,2025-10-13,T005,G01,G10,18:45,18:45,0,A l'heure,317,79.39
J007716,2025-09-17,T022,G15,G05,21:48,22:00,12,Retarde,232,39.55
J007717,2026-05-15,T026,G02,G09,17:15,17:15,0,A l'heure,288,58.17
J007718,2026-01-04,T015,G06,G10,10:48,10:49,1,Retarde,395,48.18
J007719,2026-03-30,T011,G08,G04,06:45,06:45,0,A l'heure,454,76.07
J007720,2026-06-19,T038,G05,G15,06:45,06:45,0,A l'heure,183,26.49
J007721,2026-05-21,T001,G09,G13,11:21,11:21,0,A l'heure,368,98.35
J007722,2026-04-11,T035,G10,G15,10:12,10:12,0,A l'heure,133,31.28
J007723,2026-04-25,T026,G01,G06,20:24,20:24,0,A l'heure,310,51.27
J007724,2026-02-24,T019,G02,G13,10:30,10:32,2,Retarde,308,37.63
J007725,2025-10-21,T031,G11,G05,19:18,19:18,0,A l'heure,149,25.62
J007726,2026-01-09,T010,G08,G02,18:48,18:48,0,A l'heure,301,52.35
J007727,2025-10-18,T003,G06,G03,18:12,18:12,0,A l'heure,352,110.09
J007728,2025-10-23,T038,G04,G11,11:18,11:18,0,A l'heure,133,19.04
J007729,2025-10-22,T011,G08,G07,12:45,12:50,5,Retarde,389,75.5
J007730,2025-10-06,T021,G15,G02,13:00,13:00,0,A l'heure,397,42.47
J007731,2025-09-21,T034,G15,G08,05:12,05:12,0,A l'heure,137,27.67
J007732,2025-10-29,T025,G05,G10,22:21,22:21,0,A l'heure,215,36.06
J007733,2025-10-04,T031,G11,G12,20:15,20:15,0,A l'heure,151,19.69
J007734,2026-07-29,T024,G14,G13,21:21,21:21,0,A l'heure,245,49.44
J007735,2026-05-14,T004,G12,G13,12:06,12:12,6,Retarde,372,72.29
J007736,2025-11-04,T030,G06,G10,14:06,14:06,0,A l'heure,119,28.13
J007737,2025-10-13,T001,G14,G13,11:45,11:45,0,A l'heure,254,62.15
J007738,2026-04-07,T032,G15,G07,05:45,05:45,0,A l'heure,174,22.04
J007739,2026-08-08,T018,G13,G12,17:18,17:18,0,A l'heure,552,51.17
J007740,2026-05-02,T009,G04,G03,11:18,11:26,8,Retarde,335,113.44
J007741,2026-03-09,T013,G11,G05,21:21,21:21,0,A l'heure,225,94.82
J007742,2026-07-16,T034,G13,G03,12:18,12:18,0,A l'heure,70,16.18
J007743,2025-09-19,T010,G04,G03,15:30,15:30,0,A l'heure,196,84.88
J007744,2026-08-25,T004,G10,G01,22:06,22:08,2,Retarde,292,59.22
J007745,2025-12-17,T004,G13,G03,19:42,19:42,0,A l'heure,320,68.46
J007746,2025-10-17,T005,G08,G13,08:06,08:06,0,A l'heure,320,93.94
J007747,2025-11-13,T025,G14,G12,13:48,13:48,0,A l'heure,246,38.72
J007748,2025-10-21,T005,G12,G05,11:00,11:00,0,A l'heure,327,59.04
J007749,2026-06-27,T014,G10,G09,16:42,16:42,0,A l'heure,307,68.91
J007750,2025-12-18,T012,G01,G06,07:24,07:25,1,Retarde,256,73.45
J007751,2026-04-25,T029,G10,G08,17:36,17:36,0,A l'heure,161,24.02
J007752,2026-05-09,T026,G08,G07,06:24,06:24,0,A l'heure,233,64.0
J007753,2025-09-02,T008,G13,G08,14:21,,0,Annule,302,63.03
J007754,2026-02-17,T030,G05,G14,06:00,06:00,0,A l'heure,88,26.63
J007755,2026-04-06,T037,G02,G08,05:15,05:15,0,A l'heure,137,22.26
J007756,2026-07-11,T026,G15,G09,07:18,07:18,0,A l'heure,242,39.18
J007757,2025-09-06,T015,G12,G07,11:36,11:47,11,Retarde,415,38.52
J007758,2026-08-15,T039,G01,G07,05:15,05:20,5,Retarde,193,29.21
J007759,2025-11-07,T014,G07,G01,12:00,12:00,0,A l'heure,216,88.12
J007760,2026-03-16,T024,G13,G02,07:30,07:30,0,A l'heure,183,46.76
J007761,2026-04-28,T008,G09,G05,06:54,07:03,9,Retarde,303,64.22
J007762,2026-02-04,T032,G12,G05,10:15,10:15,0,A l'heure,82,25.43
J007763,2025-09-17,T013,G15,G07,16:36,17:05,29,Retarde,280,53.5
J007764,2026-02-07,T004,G05,G07,07:48,07:48,0,A l'heure,409,65.98
J007765,2026-05-11,T009,G14,G10,14:15,14:15,0,A l'heure,315,93.59
J007766,2025-10-24,T023,G03,G11,17:21,17:21,0,A l'heure,208,53.17
J007767,2026-03-25,T039,G09,G15,05:06,05:23,17,Retarde,124,15.77
J007768,2025-10-03,T009,G02,G15,21:48,21:48,0,A l'heure,239,102.56
J007769,2026-03-23,T031,G01,G08,08:30,08:30,0,A l'heure,127,24.33
J007770,2026-04-30,T022,G08,G02,18:15,18:39,24,Retarde,255,27.28
J007771,2026-07-02,T013,G13,G05,15:36,15:40,4,Retarde,233,68.24
J007772,2026-07-15,T022,G08,G02,13:06,13:06,0,A l'heure,428,43.47
J007773,2026-03-03,T015,G14,G12,13:42,13:43,1,Retarde,331,39.21
J007774,2025-11-15,T017,G02,G13,10:45,10:45,0,A l'heure,469,48.03
J007775,2025-11-20,T040,G02,G09,20:06,20:06,0,A l'heure,150,23.79
J007776,2026-03-13,T004,G04,G12,10:06,10:06,0,A l'heure,282,54.64
J007777,2026-07-11,T021,G14,G13,15:18,15:24,6,Retarde,582,46.22
J007778,2026-07-01,T019,G02,G09,14:24,14:41,17,Retarde,360,29.6
J007779,2026-08-23,T016,G14,G07,12:18,12:18,0,A l'heure,463,32.89
J007780,2026-05-15,T005,G03,G11,16:30,16:47,17,Retarde,260,62.38
J007781,2025-12-25,T019,G15,G08,12:48,12:48,0,A l'heure,550,34.96
J007782,2026-05-02,T011,G07,G03,08:42,08:42,0,A l'heure,361,112.79
J007783,2026-02-12,T027,G06,G05,07:36,07:40,4,Retarde,277,33.24
J007784,2026-04-22,T016,G04,G09,12:36,12:36,0,A l'heure,431,27.98
J007785,2025-10-31,T017,G02,G05,09:45,09:45,0,A l'heure,251,34.97
J007786,2026-07-17,T037,G11,G14,17:24,17:24,0,A l'heure,188,18.85
J007787,2026-02-19,T003,G14,G06,10:24,10:24,0,A l'heure,339,91.19
J007788,2026-06-07,T005,G03,G13,07:36,07:39,3,Retarde,383,114.04
J007789,2025-11-23,T033,G06,G10,14:21,14:21,0,A l'heure,178,23.36
J007790,2026-03-09,T039,G03,G11,20:30,20:30,0,A l'heure,106,23.54
J007791,2025-12-07,T038,G03,G11,17:00,17:04,4,Retarde,211,25.83
J007792,2025-09-22,T032,G04,G11,05:12,05:12,0,A l'heure,132,25.86
J007793,2026-07-25,T018,G14,G03,07:06,07:20,14,Retarde,457,27.82
J007794,2026-02-13,T032,G08,G09,21:21,21:21,0,A l'heure,113,24.19
J007795,2026-03-21,T030,G03,G14,18:42,18:42,0,A l'heure,143,23.16
J007796,2026-04-15,T002,G05,G09,12:18,12:18,0,A l'heure,210,55.48
J007797,2026-03-06,T002,G09,G05,14:48,14:48,0,A l'heure,329,74.3
J007798,2026-03-30,T026,G15,G13,19:48,19:57,9,Retarde,175,36.85
J007799,2026-07-28,T035,G11,G04,08:18,08:18,0,A l'heure,124,22.9
J007800,2025-12-10,T034,G03,G05,10:42,,0,Annule,119,22.74
J007801,2025-09-22,T002,G09,G14,11:00,11:00,0,A l'heure,302,76.17
J007802,2026-05-03,T033,G12,G04,12:45,12:45,0,A l'heure,126,29.75
J007803,2026-07-21,T013,G07,G14,16:15,16:15,0,A l'heure,280,72.83
J007804,2026-08-30,T016,G14,G11,13:21,13:21,0,A l'heure,421,33.63
J007805,2026-06-02,T025,G15,G05,11:24,11:24,0,A l'heure,312,56.97
J007806,2026-04-08,T010,G06,G11,13:48,13:48,0,A l'heure,341,63.96
J007807,2026-03-06,T034,G08,G15,06:21,06:21,0,A l'heure,95,25.86
J007808,2026-06-18,T014,G12,G05,17:00,17:00,0,A l'heure,226,91.89
J007809,2026-03-14,T035,G05,G07,05:24,05:24,0,A l'heure,159,23.56
J007810,2025-12-30,T008,G11,G15,12:24,12:25,1,Retarde,423,97.74
J007811,2026-08-25,T018,G03,G13,11:18,11:18,0,A l'heure,513,38.27
J007812,2026-04-12,T018,G14,G08,16:21,16:21,0,A l'heure,560,37.42
J007813,2026-02-26,T029,G14,G07,19:00,19:00,0,A l'heure,135,17.87
J007814,2026-01-15,T021,G11,G07,06:00,06:05,5,Retarde,361,32.56
J007815,2026-07-08,T003,G15,G09,19:30,19:30,0,A l'heure,435,97.53
J007816,2026-03-07,T027,G15,G01,20:24,20:24,0,A l'heure,317,59.38
J007817,2026-06-17,T011,G06,G03,14:48,14:48,0,A l'heure,287,102.59
J007818,2025-09-14,T036,G01,G04,17:30,17:30,0,A l'heure,131,18.22
J007819,2026-08-19,T016,G12,G07,22:48,22:48,0,A l'heure,301,33.0
J007820,2026-08-21,T033,G09,G14,06:21,06:21,0,A l'heure,142,20.97
J007821,2025-09-20,T009,G14,G01,06:36,06:36,0,A l'heure,309,98.12
J007822,2026-07-09,T038,G01,G14,21:18,21:18,0,A l'heure,74,23.56
J007823,2025-11-27,T001,G10,G09,06:12,06:12,0,A l'heure,320,95.07
J007824,2025-11-14,T031,G11,G04,14:48,14:48,0,A l'heure,72,23.87
J007825,2025-09-02,T033,G13,G01,13:36,13:36,0,A l'heure,121,14.91
J007826,2025-12-14,T012,G13,G02,06:48,06:48,0,A l'heure,273,91.36
J007827,2026-07-04,T022,G10,G06,06:15,06:15,0,A l'heure,406,28.94
J007828,2026-02-25,T017,G08,G05,12:42,12:42,0,A l'heure,342,41.03
J007829,2026-04-16,T028,G07,G14,10:45,10:45,0,A l'heure,329,51.75
J007830,2025-09-14,T006,G03,G11,10:45,11:19,34,Retarde,297,113.0
J007831,2026-04-13,T026,G06,G02,14:12,14:12,0,A l'heure,269,47.84
J007832,2026-06-21,T036,G02,G15,17:15,17:15,0,A l'heure,157,32.46
J007833,2026-01-18,T011,G05,G10,06:12,06:12,0,A l'heure,365,101.34
J007834,2025-10-07,T017,G11,G14,12:36,12:36,0,A l'heure,310,28.5
J007835,2026-08-26,T018,G13,G02,21:24,21:24,0,A l'heure,310,39.44
J007836,2026-07-20,T026,G08,G10,16:42,17:09,27,Retarde,251,58.43
J007837,2026-07-05,T015,G13,G03,08:30,08:40,10,Retarde,634,42.71
J007838,2026-03-26,T017,G05,G01,11:48,11:48,0,A l'heure,338,33.84
J007839,2025-12-26,T030,G09,G12,21:45,21:45,0,A l'heure,166,24.39
J007840,2026-04-18,T011,G04,G14,14:21,14:25,4,Retarde,413,71.79
J007841,2026-07-06,T018,G09,G08,11:21,11:21,0,A l'heure,314,43.37
J007842,2025-09-15,T021,G04,G02,09:24,09:24,0,A l'heure,419,32.64
J007843,2026-05-27,T032,G11,G05,11:21,11:21,0,A l'heure,127,19.62
J007844,2026-04-25,T039,G05,G03,17:15,17:15,0,A l'heure,162,26.36
J007845,2025-12-17,T039,G08,G04,10:21,10:21,0,A l'heure,161,25.51
J007846,2025-10-23,T010,G09,G07,21:54,21:54,0,A l'heure,287,86.45
J007847,2025-11-04,T012,G14,G02,05:12,05:12,0,A l'heure,240,56.06
J007848,2025-12-12,T037,G03,G07,22:15,22:15,0,A l'heure,123,22.15
J007849,2025-11-13,T006,G03,G09,06:12,06:12,0,A l'heure,245,87.15
J007850,2026-02-16,T023,G14,G12,20:18,20:45,27,Retarde,225,32.44
J007851,2025-09-29,T039,G11,G12,22:00,22:01,1,Retarde,130,20.96
J007852,2025-11-27,T027,G04,G03,19:18,19:18,0,A l'heure,198,46.05
J007853,2026-05-21,T030,G08,G09,07:36,07:36,0,A l'heure,144,26.01
J007854,2025-12-04,T038,G14,G12,09:54,09:54,0,A l'heure,60,20.16
J007855,2026-02-03,T010,G05,G15,21:24,21:24,0,A l'heure,256,68.42
J007856,2025-09-20,T003,G03,G02,12:45,12:45,0,A l'heure,280,110.12
J007857,2025-11-13,T032,G04,G08,06:21,06:21,0,A l'heure,75,20.16
J007858,2025-12-30,T011,G14,G11,17:30,17:30,0,A l'heure,349,83.91
J007859,2026-03-28,T028,G13,G05,13:45,13:45,0,A l'heure,235,68.39
J007860,2026-07-26,T028,G08,G09,22:48,22:48,0,A l'heure,350,38.16
J007861,2026-05-02,T001,G08,G01,14:36,14:36,0,A l'heure,264,91.6
J007862,2025-11-13,T034,G08,G14,19:30,19:30,0,A l'heure,102,19.09
J007863,2025-10-23,T006,G03,G06,08:18,08:18,0,A l'heure,324,93.28
J007864,2025-10-28,T002,G02,G09,10:00,10:00,0,A l'heure,266,103.23
J007865,2026-06-07,T008,G04,G08,07:30,07:44,14,Retarde,483,70.24
J007866,2026-05-02,T025,G15,G01,16:36,16:36,0,A l'heure,183,53.65
J007867,2026-02-23,T027,G06,G03,20:18,21:26,68,Fortement retarde,176,42.64
J007868,2026-06-04,T016,G09,G05,18:12,18:12,0,A l'heure,375,24.18
J007869,2026-03-22,T001,G13,G11,08:54,09:04,10,Retarde,479,77.9
J007870,2026-04-24,T022,G09,G08,13:54,13:57,3,Retarde,573,39.75
J007871,2026-01-18,T037,G02,G12,19:42,19:43,1,Retarde,193,27.83
J007872,2025-12-06,T039,G11,G12,06:30,06:30,0,A l'heure,92,22.5
J007873,2026-04-16,T007,G01,G12,10:00,10:00,0,A l'heure,289,85.53
J007874,2025-11-27,T008,G03,G05,22:48,22:48,0,A l'heure,433,54.33
J007875,2026-01-29,T038,G10,G07,17:24,17:24,0,A l'heure,147,27.2
J007876,2025-10-30,T030,G11,G07,11:21,11:21,0,A l'heure,125,19.69
J007877,2026-03-19,T011,G10,G14,11:00,11:00,0,A l'heure,269,79.74
J007878,2025-09-25,T040,G12,G11,18:48,18:48,0,A l'heure,124,14.74
J007879,2025-10-27,T022,G11,G13,21:00,21:00,0,A l'heure,458,43.52
J007880,2025-12-08,T024,G02,G07,13:12,13:15,3,Retarde,149,50.72
J007881,2025-09-27,T021,G03,G02,15:06,15:06,0,A l'heure,470,36.39
J007882,2026-02-13,T039,G10,G09,07:48,07:49,1,Retarde,128,17.13
J007883,2026-07-09,T026,G10,G15,10:36,11:17,41,Retarde,161,57.1
J007884,2026-04-18,T024,G05,G13,11:36,11:36,0,A l'heure,265,46.91
J007885,2026-06-14,T037,G02,G03,13:54,13:54,0,A l'heure,172,22.27
J007886,2026-08-28,T008,G01,G10,22:15,22:15,0,A l'heure,266,103.83
J007887,2026-02-12,T002,G04,G05,18:12,18:12,0,A l'heure,285,73.31
J007888,2025-09-01,T010,G12,G11,06:18,06:18,0,A l'heure,207,89.18
J007889,2025-10-30,T008,G13,G09,12:24,12:24,0,A l'heure,203,81.23
J007890,2026-02-16,T030,G09,G05,11:36,11:40,4,Retarde,134,16.2
J007891,2026-03-04,T018,G01,G08,16:30,16:32,2,Retarde,301,35.12
J007892,2026-04-12,T028,G13,G02,09:54,09:58,4,Retarde,276,41.84
J007893,2025-09-03,T037,G15,G11,10:15,10:15,0,A l'heure,125,18.76
J007894,2025-10-28,T029,G02,G06,19:12,19:12,0,A l'heure,93,19.05
J007895,2026-02-22,T029,G03,G08,12:36,12:36,0,A l'heure,209,28.2
J007896,2025-11-26,T009,G14,G15,08:24,09:11,47,Retarde,227,81.42
J007897,2026-03-26,T030,G01,G05,18:12,18:12,0,A l'heure,85,22.28
J007898,2026-01-02,T033,G03,G15,13:36,13:36,0,A l'heure,109,19.77
J007899,2026-04-07,T028,G04,G11,17:21,17:22,1,Retarde,153,34.44
J007900,2025-09-22,T018,G15,G10,10:54,10:54,0,A l'heure,368,34.5
J007901,2026-04-30,T016,G09,G04,11:24,12:02,38,Retarde,385,36.57
J007902,2026-07-20,T005,G10,G14,12:24,12:24,0,A l'heure,340,66.92
J007903,2025-11-13,T038,G08,G11,14:00,14:07,7,Retarde,117,28.15
J007904,2025-11-17,T013,G03,G14,22:06,22:06,0,A l'heure,285,77.28
J007905,2026-08-26,T013,G09,G15,13:42,13:42,0,A l'heure,259,88.94
J007906,2026-05-26,T038,G13,G06,17:48,17:48,0,A l'heure,73,20.07
J007907,2026-06-23,T008,G12,G15,10:42,10:42,0,A l'heure,300,101.95
J007908,2026-08-08,T005,G03,G15,13:30,13:30,0,A l'heure,445,101.29
J007909,2025-09-15,T005,G03,G02,05:18,05:18,0,A l'heure,385,98.39
J007910,2026-07-15,T014,G13,G03,11:48,11:48,0,A l'heure,328,75.75
J007911,2026-05-01,T021,G10,G08,13:54,13:54,0,A l'heure,517,39.75
J007912,2026-05-01,T029,G15,G14,16:00,16:00,0,A l'heure,208,27.49
J007913,2026-04-04,T022,G06,G02,17:12,17:19,7,Retarde,417,51.04
J007914,2026-07-10,T012,G01,G09,08:36,08:36,0,A l'heure,419,65.9
J007915,2026-03-13,T020,G10,G04,14:00,14:11,11,Retarde,207,23.7
J007916,2025-09-23,T036,G12,G14,09:06,09:06,0,A l'heure,67,26.19
J007917,2025-12-19,T024,G02,G12,05:54,05:54,0,A l'heure,283,41.95
J007918,2025-10-06,T034,G03,G01,22:00,,0,Annule,113,20.84
J007919,2025-10-09,T017,G04,G11,09:00,09:00,0,A l'heure,419,43.82
J007920,2026-08-18,T011,G11,G09,17:36,17:36,0,A l'heure,203,85.6
J007921,2026-03-27,T035,G07,G15,22:42,22:42,0,A l'heure,127,19.25
J007922,2026-01-27,T016,G12,G05,13:45,13:45,0,A l'heure,373,36.72
J007923,2026-06-22,T019,G01,G06,13:18,13:24,6,Retarde,223,28.12
J007924,2025-11-19,T030,G03,G06,13:24,13:24,0,A l'heure,98,16.32
J007925,2025-12-25,T014,G02,G08,08:06,08:06,0,A l'heure,477,100.73
J007926,2026-04-18,T030,G03,G11,11:42,11:42,0,A l'heure,115,28.73
J007927,2026-02-20,T040,G10,G12,05:06,05:06,0,A l'heure,177,15.49
J007928,2026-01-29,T006,G04,G06,19:48,20:19,31,Retarde,292,78.55
J007929,2025-09-15,T021,G01,G09,14:12,14:12,0,A l'heure,193,31.82
J007930,2026-06-19,T040,G01,G03,14:48,14:48,0,A l'heure,143,24.62
J007931,2026-07-06,T010,G01,G14,21:21,21:23,2,Retarde,259,78.78
J007932,2026-02-04,T011,G11,G12,16:00,16:00,0,A l'heure,356,78.11
J007933,2026-02-23,T029,G10,G03,09:06,09:19,13,Retarde,134,25.27
J007934,2026-02-13,T031,G08,G04,05:12,05:12,0,A l'heure,142,16.7
J007935,2025-12-14,T001,G14,G03,18:12,18:54,42,Retarde,244,68.83
J007936,2025-10-28,T032,G11,G09,16:18,16:18,0,A l'heure,161,20.68
J007937,2026-01-07,T024,G13,G06,21:06,21:06,0,A l'heure,167,57.18
J007938,2025-09-17,T028,G04,G05,15:12,15:16,4,Retarde,216,53.57
J007939,2026-03-09,T005,G14,G13,10:18,10:18,0,A l'heure,415,78.97
J007940,2026-08-08,T032,G09,G02,05:30,05:30,0,A l'heure,137,30.2
J007941,2025-09-19,T034,G09,G07,17:18,17:18,0,A l'heure,157,24.33
J007942,2026-01-01,T024,G10,G12,15:42,15:42,0,A l'heure,235,43.49
J007943,2026-05-03,T011,G08,G11,16:42,16:54,12,Retarde,453,64.64
J007944,2026-05-15,T039,G04,G15,13:36,13:36,0,A l'heure,125,22.48
J007945,2025-10-04,T024,G02,G11,13:42,13:42,0,A l'heure,215,36.71
J007946,2026-07-05,T009,G08,G05,16:45,16:58,13,Retarde,417,64.1
J007947,2026-07-19,T007,G07,G01,05:06,05:06,0,A l'heure,420,94.08
J007948,2026-01-07,T027,G08,G05,15:42,15:42,0,A l'heure,198,54.61
J007949,2025-12-18,T040,G06,G03,07:24,07:24,0,A l'heure,127,23.68
J007950,2026-07-19,T028,G07,G10,16:06,16:06,0,A l'heure,252,64.41
J007951,2026-03-21,T005,G15,G07,18:48,18:48,0,A l'heure,359,65.85
J007952,2026-05-20,T025,G07,G11,12:15,12:27,12,Retarde,138,33.88
J007953,2026-05-11,T026,G04,G12,16:24,16:24,0,A l'heure,171,32.67
J007954,2026-02-28,T015,G10,G09,10:45,12:03,78,Fortement retarde,464,31.36
J007955,2025-12-24,T007,G06,G01,22:00,22:00,0,A l'heure,283,89.11
J007956,2026-08-23,T019,G10,G11,14:30,14:30,0,A l'heure,278,32.54
J007957,2025-11-04,T027,G01,G05,13:45,14:25,40,Retarde,209,32.78
J007958,2026-04-28,T035,G11,G12,06:24,06:24,0,A l'heure,133,26.49
J007959,2025-10-20,T004,G14,G10,16:54,16:54,0,A l'heure,166,63.67
J007960,2026-02-02,T026,G13,G12,11:30,11:31,1,Retarde,207,34.14
J007961,2026-01-26,T027,G12,G10,11:45,11:45,0,A l'heure,257,58.84
J007962,2026-08-28,T012,G14,G05,06:30,07:00,30,Retarde,304,82.32
J007963,2026-07-05,T033,G03,G06,13:42,13:47,5,Retarde,145,31.14
J007964,2026-07-09,T038,G11,G08,08:24,08:24,0,A l'heure,100,22.43
J007965,2026-02-05,T025,G03,G14,05:36,05:36,0,A l'heure,334,53.62
J007966,2025-12-02,T018,G05,G03,15:15,15:25,10,Retarde,144,23.91
J007967,2026-05-04,T023,G14,G09,20:24,20:31,7,Retarde,272,55.14
J007968,2026-07-14,T035,G05,G04,15:12,15:17,5,Retarde,188,26.63
J007969,2026-07-22,T013,G03,G04,18:21,18:21,0,A l'heure,205,80.89
J007970,2026-04-02,T018,G06,G02,19:24,19:24,0,A l'heure,347,40.34
J007971,2025-11-28,T035,G01,G02,12:42,12:42,0,A l'heure,142,20.42
J007972,2025-11-17,T030,G13,G11,10:06,10:11,5,Retarde,124,28.67
J007973,2026-07-24,T004,G15,G13,11:12,11:14,2,Retarde,452,53.11
J007974,2026-05-16,T032,G08,G15,19:36,19:36,0,A l'heure,138,30.2
J007975,2025-12-04,T018,G09,G11,15:00,15:00,0,A l'heure,294,35.57
J007976,2026-04-28,T003,G06,G07,10:21,10:21,0,A l'heure,263,96.88
J007977,2025-12-06,T024,G10,G05,13:06,13:06,0,A l'heure,350,45.94
J007978,2025-09-02,T022,G12,G02,18:42,18:51,9,Retarde,634,26.14
J007979,2026-01-09,T020,G06,G01,16:36,16:36,0,A l'heure,420,24.97
J007980,2026-01-16,T013,G09,G14,06:00,06:00,0,A l'heure,313,61.27
J007981,2026-01-04,T026,G11,G07,22:21,22:36,15,Retarde,282,58.47
J007982,2025-10-21,T022,G14,G08,12:06,12:06,0,A l'heure,379,36.71
J007983,2026-05-08,T040,G15,G14,05:42,05:42,0,A l'heure,159,20.41
J007984,2026-02-22,T002,G08,G04,11:00,11:11,11,Retarde,276,106.71
J007985,2026-04-27,T005,G05,G09,07:36,07:36,0,A l'heure,410,54.68
J007986,2026-01-30,T023,G03,G10,17:12,17:27,15,Retarde,161,47.21
J007987,2026-06-21,T031,G07,G13,11:12,11:12,0,A l'heure,173,30.41
J007988,2026-08-07,T007,G12,G08,21:15,21:18,3,Retarde,208,62.96
J007989,2025-12-05,T026,G13,G01,12:06,12:48,42,Retarde,152,59.44
J007990,2026-01-17,T023,G15,G13,11:36,11:38,2,Retarde,252,38.42
J007991,2026-04-17,T038,G06,G11,19:45,19:45,0,A l'heure,140,21.94
J007992,2026-08-15,T018,G04,G02,21:06,21:20,14,Retarde,294,43.27
J007993,2026-03-26,T017,G06,G04,15:45,15:47,2,Retarde,429,34.99
J007994,2026-07-07,T015,G03,G04,21:18,21:34,16,Retarde,605,31.03
J007995,2026-03-30,T008,G01,G13,05:06,05:07,1,Retarde,381,81.66
J007996,2026-06-04,T023,G04,G09,13:06,13:28,22,Retarde,256,35.38
J007997,2025-10-11,T027,G04,G07,06:12,06:51,39,Retarde,220,61.18
J007998,2026-08-04,T027,G06,G15,18:00,18:00,0,A l'heure,245,37.07
J007999,2025-09-18,T024,G06,G03,10:24,10:24,0,A l'heure,232,34.63
J008000,2025-09-08,T017,G09,G11,21:36,21:36,0,A l'heure,437,33.73
J008001,2025-11-02,T012,G09,G11,22:36,22:36,0,A l'heure,329,114.44
J008002,2026-02-08,T036,G14,G05,21:18,21:22,4,Retarde,220,21.43
J008003,2026-05-17,T004,G03,G11,11:48,12:03,15,Retarde,262,107.35
J008004,2025-12-11,T022,G03,G08,07:21,07:23,2,Retarde,338,31.93
J008005,2026-06-27,T004,G13,G05,13:30,13:30,0,A l'heure,459,66.01
J008006,2026-08-21,T003,G08,G07,20:30,20:30,0,A l'heure,370,96.91
J008007,2026-05-14,T013,G14,G05,17:54,17:55,1,Retarde,349,99.54
J008008,2026-03-13,T019,G01,G02,14:42,14:43,1,Retarde,377,43.13
J008009,2026-06-24,T037,G14,G06,16:12,16:14,2,Retarde,144,22.82
J008010,2026-08-05,T014,G05,G07,06:48,06:48,0,A l'heure,292,70.01
J008011,2026-08-30,T033,G05,G11,14:54,15:03,9,Retarde,128,31.31
J008012,2025-12-16,T010,G09,G04,18:18,18:18,0,A l'heure,274,78.21
J008013,2026-05-28,T014,G10,G01,09:48,09:48,0,A l'heure,280,66.4
J008014,2026-07-10,T020,G04,G10,09:12,09:12,0,A l'heure,342,43.03
J008015,2025-09-18,T035,G13,G09,14:18,14:18,0,A l'heure,146,17.82
J008016,2025-11-17,T035,G05,G01,18:21,18:29,8,Retarde,117,14.84
J008017,2026-05-29,T031,G02,G12,12:42,12:42,0,A l'heure,187,24.05
J008018,2025-10-31,T005,G02,G05,17:21,17:30,9,Retarde,262,71.69
J008019,2025-11-13,T040,G13,G08,06:12,06:12,0,A l'heure,146,20.51
J008020,2026-01-29,T038,G07,G03,17:36,17:36,0,A l'heure,154,27.62
J008021,2026-01-03,T030,G01,G14,13:42,13:42,0,A l'heure,177,21.72
J008022,2026-03-11,T038,G14,G11,08:18,08:23,5,Retarde,110,18.14
J008023,2026-06-28,T024,G11,G10,11:06,11:06,0,A l'heure,290,63.48
J008024,2026-06-03,T022,G04,G10,14:00,14:09,9,Retarde,401,22.48
J008025,2026-04-22,T031,G04,G01,07:45,07:45,0,A l'heure,84,18.78
J008026,2026-02-24,T036,G12,G07,16:30,16:37,7,Retarde,125,25.5
J008027,2026-01-06,T004,G15,G03,12:00,12:00,0,A l'heure,331,62.94
J008028,2026-06-23,T021,G09,G02,13:15,13:15,0,A l'heure,400,33.3
J008029,2026-07-25,T040,G08,G09,10:21,10:24,3,Retarde,193,23.01
J008030,2025-12-25,T023,G10,G11,11:24,11:33,9,Retarde,237,47.33
J008031,2025-11-18,T011,G07,G12,11:18,11:29,11,Retarde,279,78.76
J008032,2026-05-02,T030,G08,G02,21:21,21:21,0,A l'heure,212,21.79
J008033,2026-08-08,T010,G05,G03,21:21,21:21,0,A l'heure,312,84.57
J008034,2026-05-07,T021,G05,G15,06:18,06:19,1,Retarde,359,29.58
J008035,2025-11-03,T024,G02,G07,09:42,09:42,0,A l'heure,261,41.24
J008036,2026-05-24,T003,G09,G02,09:18,09:18,0,A l'heure,426,103.29
J008037,2026-04-29,T011,G11,G13,12:36,12:40,4,Retarde,170,70.27
J008038,2025-09-21,T036,G14,G08,07:48,07:48,0,A l'heure,147,32.17
J008039,2026-01-23,T028,G04,G01,19:42,19:42,0,A l'heure,184,43.06
J008040,2026-04-10,T026,G11,G02,18:24,18:47,23,Retarde,183,44.95
J008041,2026-07-23,T019,G07,G04,12:30,12:30,0,A l'heure,315,31.66
J008042,2025-09-06,T021,G09,G07,18:45,18:45,0,A l'heure,440,48.6
J008043,2026-08-16,T005,G01,G12,20:30,20:41,11,Retarde,427,62.1
J008044,2026-04-21,T035,G10,G13,20:48,20:48,0,A l'heure,136,18.75
J008045,2025-12-20,T035,G06,G11,22:30,22:30,0,A l'heure,198,30.21
J008046,2025-12-16,T003,G11,G10,17:06,17:06,0,A l'heure,292,76.62
J008047,2026-06-27,T033,G01,G03,17:15,17:17,2,Retarde,178,23.94
J008048,2026-08-03,T017,G03,G10,15:24,15:24,0,A l'heure,308,27.56
J008049,2026-08-22,T001,G07,G06,08:36,08:36,0,A l'heure,318,110.42
J008050,2025-09-23,T012,G13,G08,16:21,16:22,1,Retarde,260,56.79
J008051,2026-04-14,T038,G08,G11,15:00,15:00,0,A l'heure,126,15.41
J008052,2026-07-02,T027,G03,G13,10:12,10:12,0,A l'heure,177,55.25
J008053,2026-04-04,T005,G15,G01,05:21,05:21,0,A l'heure,419,77.65
J008054,2025-12-11,T004,G11,G08,10:30,10:31,1,Retarde,240,91.81
J008055,2025-11-15,T035,G01,G03,20:12,20:17,5,Retarde,54,28.61
J008056,2026-08-24,T029,G03,G08,07:48,07:48,0,A l'heure,196,16.6
J008057,2026-02-15,T023,G04,G15,07:21,07:27,6,Retarde,262,53.26
J008058,2026-04-11,T019,G13,G03,08:36,08:36,0,A l'heure,561,50.73
J008059,2025-11-23,T009,G09,G12,14:06,14:06,0,A l'heure,357,118.3
J008060,2026-08-27,T014,G07,G14,05:06,05:06,0,A l'heure,175,101.96
J008061,2025-11-24,T013,G10,G03,16:12,16:12,0,A l'heure,268,74.52
J008062,2026-06-13,T026,G09,G06,21:42,21:42,0,A l'heure,157,38.66
J008063,2026-05-29,T016,G11,G12,22:00,22:00,0,A l'heure,361,39.53
J008064,2026-03-16,T019,G11,G14,05:15,05:15,0,A l'heure,373,28.74
J008065,2026-05-14,T010,G15,G09,11:18,11:20,2,Retarde,285,98.02
J008066,2025-10-06,T039,G05,G10,09:00,09:00,0,A l'heure,194,23.06
J008067,2026-03-02,T033,G08,G04,11:15,11:15,0,A l'heure,66,27.8
J008068,2026-04-08,T024,G14,G09,20:00,20:00,0,A l'heure,309,40.08
J008069,2026-01-27,T032,G08,G10,07:06,07:06,0,A l'heure,97,24.19
J008070,2025-12-24,T032,G01,G04,06:15,06:15,0,A l'heure,144,15.27
J008071,2025-11-30,T032,G04,G01,13:21,13:21,0,A l'heure,220,26.25
J008072,2026-02-11,T016,G14,G12,14:06,14:06,0,A l'heure,337,24.43
J008073,2025-12-17,T029,G15,G09,16:54,16:54,0,A l'heure,110,18.3
J008074,2025-10-04,T029,G11,G08,20:24,20:24,0,A l'heure,149,17.77
J008075,2026-02-22,T028,G04,G13,19:36,19:36,0,A l'heure,183,54.18
J008076,2025-12-15,T002,G02,G07,17:00,17:03,3,Retarde,269,96.2
J008077,2026-05-29,T034,G03,G14,14:36,14:36,0,A l'heure,161,19.09
J008078,2026-03-27,T010,G13,G12,22:24,22:24,0,A l'heure,395,77.89
J008079,2026-03-31,T021,G09,G08,07:24,07:35,11,Retarde,528,37.28
J008080,2026-04-20,T032,G01,G12,10:15,10:18,3,Retarde,165,24.24
J008081,2026-08-06,T002,G11,G03,12:21,12:22,1,Retarde,167,102.87
J008082,2025-09-29,T010,G14,G03,20:15,20:15,0,A l'heure,267,83.22
J008083,2026-08-30,T004,G03,G13,10:54,10:54,0,A l'heure,428,102.17
J008084,2026-05-08,T020,G01,G09,15:48,15:48,0,A l'heure,557,36.58
J008085,2026-07-04,T010,G07,G05,19:36,19:52,16,Retarde,337,113.64
J008086,2026-02-28,T037,G05,G11,16:15,16:15,0,A l'heure,158,30.51
J008087,2026-08-25,T018,G13,G03,19:18,19:18,0,A l'heure,313,40.31
J008088,2025-12-27,T014,G09,G13,05:21,05:23,2,Retarde,415,77.26
J008089,2026-04-09,T030,G14,G07,20:00,20:00,0,A l'heure,78,22.03
J008090,2026-08-18,T027,G02,G08,17:06,17:24,18,Retarde,225,41.0
J008091,2025-10-16,T029,G04,G14,21:00,21:00,0,A l'heure,146,19.38
J008092,2025-10-27,T029,G10,G12,12:00,12:00,0,A l'heure,138,21.32
J008093,2026-06-30,T003,G15,G03,18:36,18:36,0,A l'heure,266,76.02
J008094,2026-02-15,T012,G06,G13,08:21,08:21,0,A l'heure,391,68.67
J008095,2026-02-27,T006,G03,G12,06:54,07:12,18,Retarde,283,81.57
J008096,2026-03-26,T019,G15,G06,06:42,06:42,0,A l'heure,284,31.29
J008097,2026-02-09,T029,G06,G09,11:42,11:42,0,A l'heure,178,24.95
J008098,2026-03-13,T018,G02,G15,08:12,08:30,18,Retarde,261,24.02
J008099,2026-07-21,T012,G04,G08,11:45,11:49,4,Retarde,283,64.04
J008100,2025-10-21,T006,G04,G10,17:00,17:00,0,A l'heure,342,79.2
J008101,2026-06-14,T028,G13,G04,13:18,13:20,2,Retarde,338,62.4
J008102,2025-11-05,T029,G06,G07,06:42,06:42,0,A l'heure,172,25.06
J008103,2026-03-07,T023,G02,G07,05:15,05:21,6,Retarde,204,66.79
J008104,2025-12-19,T038,G07,G05,16:48,16:48,0,A l'heure,118,20.78
J008105,2026-07-24,T032,G01,G04,19:00,19:00,0,A l'heure,124,18.16
J008106,2026-03-13,T021,G08,G07,05:36,05:36,0,A l'heure,512,35.05
J008107,2025-11-07,T012,G11,G10,20:06,20:09,3,Retarde,202,68.18
J008108,2026-07-20,T039,G12,G15,12:48,12:48,0,A l'heure,159,27.92
J008109,2026-05-01,T012,G08,G15,06:24,06:24,0,A l'heure,194,62.45
J008110,2026-08-05,T005,G10,G03,07:06,07:06,0,A l'heure,281,99.31
J008111,2026-02-12,T040,G12,G02,15:42,15:42,0,A l'heure,129,26.45
J008112,2025-11-18,T016,G12,G03,15:30,15:45,15,Retarde,236,33.9
J008113,2026-03-10,T012,G07,G11,11:48,11:48,0,A l'heure,117,63.65
J008114,2025-10-15,T024,G09,G13,13:24,13:24,0,A l'heure,135,45.25
J008115,2025-10-30,T008,G05,G14,12:30,12:30,0,A l'heure,370,95.2
J008116,2025-09-06,T029,G04,G01,12:36,12:36,0,A l'heure,147,30.55
J008117,2026-06-09,T031,G11,G09,16:54,16:54,0,A l'heure,87,19.3
J008118,2026-05-16,T024,G05,G02,08:30,08:51,21,Retarde,294,48.04
J008119,2026-06-22,T034,G03,G04,15:36,15:36,0,A l'heure,124,15.4
J008120,2026-02-13,T021,G10,G09,15:18,15:18,0,A l'heure,369,27.14
J008121,2025-12-11,T022,G10,G12,11:45,11:45,0,A l'heure,203,34.07
J008122,2026-03-04,T039,G07,G14,11:24,11:24,0,A l'heure,174,19.76
J008123,2025-09-02,T010,G02,G09,15:24,15:30,6,Retarde,114,89.86
J008124,2026-05-03,T003,G03,G10,08:36,08:36,0,A l'heure,433,103.42
J008125,2026-07-24,T012,G04,G05,07:24,07:25,1,Retarde,286,68.05
J008126,2026-08-08,T014,G11,G04,05:36,05:36,0,A l'heure,435,94.68
J008127,2026-06-04,T017,G13,G06,21:21,21:21,0,A l'heure,135,43.9
J008128,2025-10-07,T020,G13,G01,11:36,11:36,0,A l'heure,390,36.7
J008129,2026-01-06,T003,G14,G04,19:30,19:30,0,A l'heure,348,81.56
J008130,2026-06-19,T024,G09,G08,09:24,09:24,0,A l'heure,241,48.01
J008131,2025-12-07,T033,G01,G04,19:30,19:31,1,Retarde,153,26.88
J008132,2026-01-08,T036,G11,G14,05:36,05:36,0,A l'heure,160,22.3
J008133,2025-09-26,T028,G05,G06,21:48,21:48,0,A l'heure,233,45.32
J008134,2025-11-10,T002,G02,G05,20:45,20:49,4,Retarde,264,68.97
J008135,2025-11-17,T021,G08,G13,20:18,20:18,0,A l'heure,435,38.67
J008136,2026-06-30,T018,G13,G14,08:12,08:13,1,Retarde,272,35.5
J008137,2025-09-02,T033,G14,G03,17:45,17:45,0,A l'heure,148,22.28
J008138,2025-10-16,T034,G07,G02,06:36,06:36,0,A l'heure,104,19.07
J008139,2026-05-05,T003,G08,G06,13:24,13:24,0,A l'heure,247,94.41
J008140,2026-07-24,T002,G14,G11,16:24,16:24,0,A l'heure,246,56.03
J008141,2025-10-17,T040,G15,G12,20:18,20:18,0,A l'heure,175,21.46
J008142,2026-04-14,T029,G14,G06,11:45,11:45,0,A l'heure,90,27.24
J008143,2025-09-16,T039,G11,G13,19:48,19:53,5,Retarde,149,27.34
J008144,2026-07-25,T023,G14,G07,20:12,20:12,0,A l'heure,324,63.3
J008145,2026-02-03,T018,G12,G10,05:18,05:18,0,A l'heure,464,27.01
J008146,2026-02-20,T019,G07,G14,10:21,10:51,30,Retarde,467,32.3
J008147,2026-03-12,T004,G05,G13,07:45,07:45,0,A l'heure,289,98.28
J008148,2025-11-10,T019,G03,G07,10:06,10:06,0,A l'heure,354,38.46
J008149,2026-08-11,T008,G14,G05,06:00,06:00,0,A l'heure,313,67.88
J008150,2026-08-24,T001,G05,G04,12:48,12:48,0,A l'heure,316,95.92
J008151,2026-04-19,T010,G11,G01,17:12,17:12,0,A l'heure,392,114.7
J008152,2026-02-02,T022,G08,G14,16:45,16:45,0,A l'heure,271,26.8
J008153,2026-02-16,T004,G03,G06,21:00,21:00,0,A l'heure,309,52.15
J008154,2026-03-29,T026,G13,G15,16:30,16:30,0,A l'heure,209,46.27
J008155,2025-09-22,T021,G14,G01,20:48,20:48,0,A l'heure,259,43.94
J008156,2026-06-23,T020,G07,G11,19:36,19:57,21,Retarde,363,30.81
J008157,2026-01-20,T010,G08,G10,10:21,10:21,0,A l'heure,321,59.95
J008158,2026-01-27,T019,G09,G08,15:00,15:00,0,A l'heure,454,26.13
J008159,2025-12-10,T026,G01,G05,18:24,18:24,0,A l'heure,248,47.63
J008160,2026-08-27,T031,G05,G04,14:00,14:00,0,A l'heure,198,27.69
J008161,2026-07-08,T036,G08,G06,10:15,10:17,2,Retarde,146,15.98
J008162,2025-12-06,T014,G03,G06,18:48,18:48,0,A l'heure,360,82.37
J008163,2025-10-09,T010,G02,G03,16:18,16:18,0,A l'heure,304,66.47
J008164,2026-04-03,T020,G06,G02,15:36,16:16,40,Retarde,512,27.99
J008165,2026-08-04,T011,G10,G12,19:21,19:21,0,A l'heure,349,103.63
J008166,2026-03-24,T019,G07,G11,11:06,11:06,0,A l'heure,192,40.57
J008167,2025-10-14,T029,G15,G10,13:00,13:00,0,A l'heure,118,18.09
J008168,2025-09-29,T036,G06,G15,18:21,18:21,0,A l'heure,73,21.95
J008169,2026-04-27,T022,G13,G07,10:12,10:26,14,Retarde,355,36.28
J008170,2025-10-28,T026,G09,G13,20:54,21:26,32,Retarde,215,38.19
J008171,2026-05-20,T020,G15,G02,14:21,14:21,0,A l'heure,328,40.27
J008172,2025-10-08,T007,G10,G13,07:18,07:23,5,Retarde,398,72.27
J008173,2025-12-02,T023,G14,G12,06:06,06:06,0,A l'heure,194,56.92
J008174,2025-12-04,T015,G12,G07,15:48,15:50,2,Retarde,436,23.96
J008175,2025-11-07,T013,G06,G10,08:21,08:21,0,A l'heure,334,52.41
J008176,2026-04-03,T011,G14,G07,08:54,08:54,0,A l'heure,451,87.59
J008177,2026-08-12,T024,G10,G09,08:21,08:21,0,A l'heure,224,36.25
J008178,2026-01-15,T036,G03,G08,15:30,15:30,0,A l'heure,133,22.69
J008179,2026-05-06,T040,G03,G04,15:54,15:54,0,A l'heure,193,26.4
J008180,2026-07-03,T008,G09,G10,08:54,08:54,0,A l'heure,261,82.35
J008181,2026-07-02,T022,G09,G04,22:48,22:48,0,A l'heure,352,28.82
J008182,2025-10-17,T028,G02,G14,19:00,19:04,4,Retarde,208,30.55
J008183,2026-01-12,T011,G13,G07,16:42,16:42,0,A l'heure,302,57.26
J008184,2026-02-07,T011,G03,G06,08:21,08:31,10,Retarde,302,101.34
J008185,2025-12-30,T022,G14,G11,14:12,14:35,23,Retarde,488,36.66
J008186,2026-04-14,T014,G07,G03,16:18,16:18,0,A l'heure,310,65.24
J008187,2026-04-03,T015,G14,G13,11:42,11:42,0,A l'heure,327,27.98
J008188,2026-03-24,T027,G02,G03,07:00,07:29,29,Retarde,149,36.25
J008189,2026-05-19,T025,G11,G14,18:00,18:00,0,A l'heure,176,41.76
J008190,2025-11-16,T012,G12,G08,13:45,13:45,0,A l'heure,404,101.99
J008191,2025-11-03,T019,G15,G11,16:21,16:21,0,A l'heure,291,40.3
J008192,2025-09-20,T024,G09,G03,05:18,05:52,34,Retarde,243,45.28
J008193,2025-11-21,T040,G08,G02,17:42,17:54,12,Retarde,132,16.14
J008194,2026-06-01,T001,G08,G12,19:18,19:18,0,A l'heure,254,67.85
J008195,2025-10-04,T021,G06,G11,14:42,14:42,0,A l'heure,562,44.27
J008196,2026-01-14,T014,G06,G03,17:48,17:48,0,A l'heure,205,62.14
J008197,2026-02-12,T038,G04,G15,06:54,06:54,0,A l'heure,154,23.47
J008198,2025-11-29,T004,G06,G10,16:21,16:29,8,Retarde,434,87.63
J008199,2025-10-12,T035,G11,G10,15:54,15:54,0,A l'heure,146,32.4
J008200,2025-10-29,T034,G01,G15,07:12,07:12,0,A l'heure,116,19.56
J008201,2026-03-08,T010,G12,G03,21:06,21:06,0,A l'heure,319,105.81
J008202,2025-11-04,T016,G03,G11,10:45,10:45,0,A l'heure,306,27.92
J008203,2025-09-21,T015,G10,G05,07:15,07:20,5,Retarde,398,42.32
J008204,2026-07-22,T003,G08,G09,11:00,11:00,0,A l'heure,373,75.8
J008205,2026-01-12,T025,G11,G04,22:54,22:54,0,A l'heure,232,48.63
J008206,2025-12-18,T018,G03,G09,16:24,16:25,1,Retarde,478,40.77
J008207,2026-07-09,T039,G02,G03,18:15,18:15,0,A l'heure,112,26.41
J008208,2026-01-19,T028,G11,G05,19:30,19:50,20,Retarde,215,49.93
J008209,2026-03-05,T033,G13,G02,12:18,12:18,0,A l'heure,184,17.2
J008210,2026-06-05,T021,G04,G11,06:21,06:21,0,A l'heure,327,41.03
J008211,2026-01-04,T003,G03,G01,09:48,09:52,4,Retarde,339,107.65
J008212,2026-07-01,T022,G04,G13,16:24,16:24,0,A l'heure,264,35.55
J008213,2026-06-12,T013,G03,G11,12:45,13:15,30,Retarde,202,83.69
J008214,2026-06-16,T014,G15,G01,06:06,06:06,0,A l'heure,311,66.93
J008215,2025-11-08,T034,G11,G10,20:30,20:30,0,A l'heure,155,31.36
J008216,2026-08-01,T032,G07,G01,10:15,10:15,0,A l'heure,130,18.79
J008217,2025-11-20,T008,G15,G07,21:42,21:42,0,A l'heure,325,86.16
J008218,2025-09-19,T033,G04,G01,16:21,16:21,0,A l'heure,164,18.74
J008219,2026-06-12,T029,G06,G15,07:24,07:24,0,A l'heure,112,20.65
J008220,2026-02-12,T007,G08,G15,19:45,19:45,0,A l'heure,239,103.05
J008221,2026-08-02,T024,G03,G06,08:36,08:59,23,Retarde,246,69.48
J008222,2026-07-12,T033,G01,G10,05:24,05:24,0,A l'heure,115,22.21
J008223,2026-08-13,T028,G12,G01,19:42,19:42,0,A l'heure,254,60.72
J008224,2026-08-03,T001,G12,G01,07:06,07:09,3,Retarde,184,93.75
J008225,2026-02-13,T010,G07,G15,21:36,21:37,1,Retarde,408,58.85
J008226,2026-05-29,T029,G05,G02,15:15,15:15,0,A l'heure,100,24.27
J008227,2026-05-03,T020,G10,G13,17:21,17:21,0,A l'heure,363,35.34
J008228,2025-12-05,T033,G04,G12,15:54,15:54,0,A l'heure,97,27.36
J008229,2025-12-24,T011,G13,G08,08:42,08:49,7,Retarde,342,78.61
J008230,2025-11-25,T005,G08,G11,19:36,19:37,1,Retarde,325,99.86
J008231,2026-08-24,T037,G02,G05,11:24,11:24,0,A l'heure,160,21.66
J008232,2025-11-13,T024,G11,G09,20:36,20:36,0,A l'heure,189,38.01
J008233,2026-07-30,T020,G01,G10,10:42,10:42,0,A l'heure,205,29.75
J008234,2026-08-18,T003,G05,G02,12:42,12:42,0,A l'heure,280,79.58
J008235,2026-08-21,T035,G12,G10,21:24,21:24,0,A l'heure,140,27.46
J008236,2026-05-18,T024,G01,G02,20:15,20:15,0,A l'heure,276,39.11
J008237,2026-02-12,T040,G12,G06,08:12,08:12,0,A l'heure,172,15.44
J008238,2026-05-04,T017,G14,G10,11:42,11:42,0,A l'heure,371,31.3
J008239,2026-01-19,T027,G01,G03,21:24,21:27,3,Retarde,54,40.86
J008240,2026-04-30,T018,G04,G12,09:45,09:45,0,A l'heure,422,33.58
J008241,2026-08-12,T003,G13,G03,13:00,13:37,37,Retarde,366,75.19
J008242,2026-07-05,T011,G01,G14,20:30,20:31,1,Retarde,441,72.93
J008243,2026-02-07,T028,G03,G15,15:36,15:51,15,Retarde,316,58.88
J008244,2025-09-14,T014,G02,G15,11:48,11:48,0,A l'heure,270,104.52
J008245,2026-04-08,T011,G09,G14,19:54,19:54,0,A l'heure,364,70.56
J008246,2026-02-20,T039,G15,G08,21:45,21:45,0,A l'heure,124,25.53
J008247,2025-12-12,T028,G08,G09,06:12,06:17,5,Retarde,188,31.5
J008248,2025-10-17,T024,G12,G11,18:54,18:55,1,Retarde,154,47.21
J008249,2026-07-07,T009,G12,G01,06:36,06:45,9,Retarde,339,71.38
J008250,2026-03-08,T034,G05,G12,21:21,21:21,0,A l'heure,175,22.98
J008251,2026-03-29,T028,G12,G09,07:12,07:12,0,A l'heure,222,52.75
J008252,2026-04-10,T027,G04,G06,17:36,17:46,10,Retarde,218,43.33
J008253,2026-04-28,T012,G03,G08,17:36,17:36,0,A l'heure,209,59.52
J008254,2025-09-03,T038,G05,G13,21:15,21:18,3,Retarde,126,20.45
J008255,2026-08-14,T034,G02,G12,11:12,11:13,1,Retarde,142,17.86
J008256,2026-05-08,T008,G09,G02,14:15,14:16,1,Retarde,404,56.14
J008257,2026-06-14,T034,G14,G03,07:30,07:30,0,A l'heure,192,22.31
J008258,2025-12-10,T018,G08,G05,21:30,21:30,0,A l'heure,500,32.28
J008259,2025-09-10,T021,G06,G03,21:24,21:24,0,A l'heure,174,35.18
J008260,2025-12-10,T035,G03,G12,08:54,08:54,0,A l'heure,133,24.19
J008261,2025-10-06,T013,G14,G11,22:30,22:30,0,A l'heure,370,78.11
J008262,2026-06-12,T015,G13,G03,20:42,21:07,25,Retarde,408,40.08
J008263,2026-03-11,T039,G08,G11,22:21,22:21,0,A l'heure,103,15.37
J008264,2026-07-14,T013,G11,G08,05:21,05:24,3,Retarde,445,90.94
J008265,2026-06-04,T022,G09,G08,18:12,18:12,0,A l'heure,402,43.26
J008266,2026-06-14,T010,G03,G08,08:54,08:57,3,Retarde,298,70.43
J008267,2025-09-09,T037,G07,G11,05:00,05:00,0,A l'heure,123,22.86
J008268,2026-01-06,T040,G15,G11,09:24,09:24,0,A l'heure,157,22.98
J008269,2026-07-24,T009,G01,G15,08:18,08:22,4,Retarde,271,80.51
J008270,2026-02-19,T038,G12,G13,20:36,20:36,0,A l'heure,126,15.81
J008271,2026-05-14,T014,G15,G09,05:48,05:48,0,A l'heure,411,88.32
J008272,2026-07-11,T040,G12,G07,13:00,13:00,0,A l'heure,140,32.83
J008273,2025-10-03,T017,G09,G11,17:24,17:27,3,Retarde,288,24.64
J008274,2026-04-05,T003,G03,G14,08:18,08:21,3,Retarde,446,97.69
J008275,2026-01-06,T036,G05,G13,06:48,07:04,16,Retarde,107,15.56
J008276,2026-08-11,T015,G01,G09,17:06,17:11,5,Retarde,441,24.75
J008277,2025-10-26,T021,G02,G06,20:24,20:24,0,A l'heure,564,36.38
J008278,2026-07-19,T002,G09,G13,18:48,18:58,10,Retarde,312,64.63
J008279,2026-02-06,T009,G14,G04,13:54,13:54,0,A l'heure,327,55.55
J008280,2025-10-29,T034,G12,G10,20:42,20:42,0,A l'heure,74,24.82
J008281,2026-04-26,T018,G05,G04,16:36,16:36,0,A l'heure,634,48.52
J008282,2026-06-02,T019,G14,G04,20:21,20:21,0,A l'heure,289,31.3
J008283,2025-12-06,T011,G07,G15,06:00,06:32,32,Retarde,361,95.24
J008284,2026-04-13,T013,G03,G05,22:24,22:35,11,Retarde,420,100.07
J008285,2025-11-20,T015,G10,G12,14:48,,0,Annule,295,24.49
J008286,2025-11-14,T003,G12,G04,05:42,05:42,0,A l'heure,324,63.97
J008287,2026-07-26,T006,G13,G09,21:30,21:30,0,A l'heure,400,108.82
J008288,2026-03-12,T033,G11,G12,22:30,22:30,0,A l'heure,157,18.92
J008289,2026-04-29,T010,G14,G12,08:54,08:54,0,A l'heure,218,66.98
J008290,2026-08-30,T029,G06,G12,05:42,05:42,0,A l'heure,188,17.04
J008291,2026-03-08,T015,G12,G06,07:00,07:00,0,A l'heure,510,44.38
J008292,2026-07-21,T015,G09,G14,13:00,13:00,0,A l'heure,488,41.95
J008293,2026-03-04,T022,G09,G13,22:18,22:18,0,A l'heure,364,27.23
J008294,2025-10-29,T015,G10,G06,07:21,07:21,0,A l'heure,262,35.75
J008295,2025-10-10,T013,G11,G07,07:24,07:24,0,A l'heure,215,59.03
J008296,2026-07-16,T030,G08,G04,18:54,19:08,14,Retarde,122,24.62
J008297,2026-08-18,T036,G13,G10,14:21,14:21,0,A l'heure,118,16.43
J008298,2026-06-05,T001,G11,G05,18:54,18:54,0,A l'heure,279,70.91
J008299,2026-06-04,T028,G05,G14,21:15,21:15,0,A l'heure,260,58.91
J008300,2026-04-28,T029,G12,G05,16:45,16:45,0,A l'heure,173,22.35
J008301,2026-02-09,T005,G14,G09,14:24,14:24,0,A l'heure,386,102.84
J008302,2026-04-26,T008,G04,G06,07:18,07:18,0,A l'heure,438,77.07
J008303,2025-12-09,T017,G05,G02,05:18,05:18,0,A l'heure,299,30.95
J008304,2026-08-31,T010,G11,G13,10:48,10:49,1,Retarde,414,71.7
J008305,2026-06-21,T017,G13,G01,21:45,21:45,0,A l'heure,478,36.05
J008306,2025-09-11,T026,G02,G15,21:36,21:36,0,A l'heure,238,49.9
J008307,2026-07-09,T012,G11,G02,20:00,20:00,0,A l'heure,491,93.0
J008308,2026-03-31,T012,G14,G09,19:54,19:54,0,A l'heure,197,81.35
J008309,2025-10-11,T020,G04,G03,11:21,11:21,0,A l'heure,591,42.77
J008310,2026-08-24,T005,G06,G11,18:18,18:18,0,A l'heure,346,92.46
J008311,2026-06-21,T039,G06,G01,15:48,15:49,1,Retarde,174,30.08
J008312,2025-10-30,T023,G04,G01,22:18,23:12,54,Retarde,238,39.85
J008313,2025-09-14,T012,G14,G07,16:12,16:12,0,A l'heure,111,113.3
J008314,2025-11-29,T034,G04,G07,10:06,10:06,0,A l'heure,179,24.73
J008315,2026-08-11,T002,G08,G07,13:06,13:06,0,A l'heure,369,100.86
J008316,2026-03-01,T011,G07,G04,05:30,05:41,11,Retarde,384,90.26
J008317,2025-12-12,T036,G11,G09,21:30,21:37,7,Retarde,192,18.43
J008318,2026-05-08,T036,G11,G06,19:15,19:15,0,A l'heure,131,26.41
J008319,2026-08-03,T022,G08,G11,05:24,05:24,0,A l'heure,432,28.7
J008320,2026-03-30,T024,G07,G14,13:42,13:43,1,Retarde,174,54.19
J008321,2025-12-15,T028,G03,G06,16:21,16:21,0,A l'heure,212,40.88
J008322,2026-07-15,T021,G05,G07,22:42,22:42,0,A l'heure,257,28.22
J008323,2026-01-12,T021,G01,G03,09:54,10:00,6,Retarde,250,37.43
J008324,2026-05-23,T005,G12,G11,10:45,10:45,0,A l'heure,464,105.93
J008325,2026-03-23,T032,G06,G11,05:42,05:42,0,A l'heure,130,22.63
J008326,2025-11-28,T002,G10,G01,21:12,21:15,3,Retarde,298,73.76
J008327,2025-10-24,T003,G05,G15,19:21,19:21,0,A l'heure,349,64.07
J008328,2026-08-12,T007,G11,G07,11:45,11:46,1,Retarde,215,87.05
J008329,2026-07-05,T029,G07,G12,10:12,10:16,4,Retarde,174,25.62
J008330,2026-01-08,T030,G09,G15,16:42,16:44,2,Retarde,195,17.89
J008331,2026-01-24,T016,G09,G11,16:45,,0,Annule,421,50.54
J008332,2026-07-12,T001,G08,G10,08:48,08:48,0,A l'heure,461,86.35
J008333,2025-12-30,T007,G05,G08,15:36,15:36,0,A l'heure,332,93.9
J008334,2026-03-25,T020,G07,G02,16:15,16:15,0,A l'heure,373,34.25
J008335,2026-02-04,T006,G09,G08,05:15,05:23,8,Retarde,166,69.32
J008336,2025-12-22,T008,G02,G15,11:54,11:54,0,A l'heure,141,72.86
J008337,2025-11-05,T004,G04,G01,21:18,21:18,0,A l'heure,255,102.41
J008338,2026-05-29,T007,G10,G09,11:48,11:48,0,A l'heure,290,54.61
J008339,2025-12-04,T027,G04,G02,21:42,21:42,0,A l'heure,271,56.47
J008340,2026-03-18,T022,G13,G11,22:54,22:57,3,Retarde,344,41.05
J008341,2026-05-24,T002,G04,G12,19:45,19:56,11,Retarde,329,107.36
J008342,2026-04-20,T018,G10,G07,14:15,14:15,0,A l'heure,360,29.21
J008343,2025-10-26,T018,G10,G14,07:30,07:38,8,Retarde,536,35.18
J008344,2026-06-09,T033,G06,G07,17:21,17:30,9,Retarde,139,27.18
J008345,2026-06-10,T030,G06,G07,21:00,21:01,1,Retarde,140,16.68
J008346,2026-05-25,T013,G14,G09,21:15,21:15,0,A l'heure,427,60.86
J008347,2025-12-17,T022,G08,G02,13:12,13:12,0,A l'heure,587,43.56
J008348,2026-07-18,T019,G02,G11,12:42,12:42,0,A l'heure,528,40.82
J008349,2026-06-20,T011,G04,G05,19:36,19:36,0,A l'heure,350,87.05
J008350,2025-11-07,T004,G11,G09,20:15,20:23,8,Retarde,316,69.01
J008351,2025-11-01,T040,G06,G08,22:48,22:48,0,A l'heure,127,19.85
J008352,2026-06-26,T036,G14,G11,20:21,20:21,0,A l'heure,157,26.42
J008353,2026-01-04,T020,G09,G06,08:21,08:23,2,Retarde,397,41.6
J008354,2026-04-01,T028,G01,G11,11:15,11:52,37,Retarde,233,38.42
J008355,2025-10-11,T016,G10,G01,07:18,07:27,9,Retarde,496,26.49
J008356,2025-09-01,T029,G01,G09,06:30,06:30,0,A l'heure,155,20.44
J008357,2026-05-05,T034,G08,G03,08:54,08:54,0,A l'heure,156,27.78
J008358,2026-03-15,T037,G12,G11,08:42,08:48,6,Retarde,190,23.37
J008359,2025-12-17,T027,G09,G11,09:18,09:34,16,Retarde,130,51.51
J008360,2026-08-21,T020,G15,G06,06:54,06:56,2,Retarde,431,23.64
J008361,2026-02-10,T009,G05,G15,22:54,23:27,33,Retarde,366,82.2
J008362,2026-05-04,T032,G15,G11,09:30,09:30,0,A l'heure,185,15.47
J008363,2026-06-06,T025,G13,G06,16:30,16:33,3,Retarde,289,56.01
J008364,2026-08-24,T013,G09,G06,15:24,15:31,7,Retarde,184,75.5
J008365,2025-09-01,T028,G15,G03,17:54,17:54,0,A l'heure,222,52.9
J008366,2025-09-12,T028,G08,G10,20:24,20:29,5,Retarde,288,45.55
J008367,2026-06-15,T016,G08,G03,20:00,20:00,0,A l'heure,218,38.61
J008368,2025-11-19,T006,G05,G06,08:06,08:09,3,Retarde,322,89.82
J008369,2026-05-15,T040,G07,G09,09:12,09:15,3,Retarde,133,28.68
J008370,2025-09-26,T002,G06,G08,05:30,05:30,0,A l'heure,224,99.35
J008371,2026-04-05,T020,G10,G04,18:54,18:54,0,A l'heure,611,38.39
J008372,2025-09-19,T025,G03,G05,11:36,11:49,13,Retarde,245,48.75
J008373,2026-01-19,T038,G14,G13,20:24,20:24,0,A l'heure,138,15.01
J008374,2026-07-21,T035,G06,G12,06:36,06:36,0,A l'heure,159,20.68
J008375,2026-05-15,T039,G04,G14,20:15,20:15,0,A l'heure,126,22.28
J008376,2026-04-05,T015,G02,G05,11:54,11:54,0,A l'heure,487,32.53
J008377,2025-10-05,T029,G01,G11,20:06,20:23,17,Retarde,203,19.42
J008378,2026-03-08,T034,G08,G05,08:15,08:15,0,A l'heure,199,20.26
J008379,2025-11-01,T033,G15,G06,08:12,08:12,0,A l'heure,137,27.31
J008380,2025-11-09,T038,G12,G07,21:54,21:54,0,A l'heure,190,26.8
J008381,2026-02-09,T018,G13,G05,09:54,09:59,5,Retarde,363,40.09
J008382,2026-01-12,T039,G07,G02,08:30,08:30,0,A l'heure,113,17.71
J008383,2026-08-24,T006,G07,G13,05:48,05:48,0,A l'heure,398,73.99
J008384,2026-04-26,T010,G06,G05,17:12,17:12,0,A l'heure,328,77.67
J008385,2026-05-24,T007,G06,G02,17:30,17:30,0,A l'heure,499,79.01
J008386,2026-02-01,T011,G06,G07,10:06,10:15,9,Retarde,413,60.56
J008387,2026-05-09,T018,G09,G08,12:54,12:54,0,A l'heure,547,37.48
J008388,2026-03-24,T019,G13,G08,06:18,06:23,5,Retarde,409,35.7
J008389,2026-04-16,T028,G13,G08,17:54,17:54,0,A l'heure,256,60.53
J008390,2025-11-13,T009,G05,G08,15:54,15:54,0,A l'heure,485,81.26
J008391,2026-05-29,T031,G01,G06,14:30,14:30,0,A l'heure,93,15.26
J008392,2025-10-27,T040,G05,G07,12:48,12:48,0,A l'heure,82,25.44
J008393,2026-01-30,T012,G11,G09,13:30,13:30,0,A l'heure,296,66.85
J008394,2025-11-27,T014,G04,G03,06:15,06:15,0,A l'heure,243,82.64
J008395,2026-03-03,T003,G09,G14,15:54,15:54,0,A l'heure,259,69.62
J008396,2026-04-22,T020,G11,G09,09:15,09:42,27,Retarde,498,22.84
J008397,2026-01-25,T014,G14,G05,06:24,06:32,8,Retarde,259,114.22
J008398,2025-11-05,T012,G03,G11,18:30,18:35,5,Retarde,150,62.54
J008399,2026-03-27,T012,G15,G07,21:36,21:36,0,A l'heure,241,75.99
J008400,2025-12-29,T012,G03,G05,17:12,17:55,43,Retarde,282,55.05
J008401,2026-08-17,T020,G10,G13,16:24,16:27,3,Retarde,294,23.51
J008402,2026-02-03,T005,G09,G04,16:21,16:21,0,A l'heure,289,66.89
J008403,2026-08-05,T023,G07,G05,05:42,05:42,0,A l'heure,272,48.24
J008404,2025-12-30,T033,G02,G01,19:06,19:09,3,Retarde,122,17.52
J008405,2026-04-25,T033,G04,G07,14:18,14:18,0,A l'heure,184,24.69
J008406,2026-01-16,T034,G13,G04,20:06,20:06,0,A l'heure,98,17.13
J008407,2026-08-26,T031,G03,G06,13:18,13:18,0,A l'heure,112,18.35
J008408,2025-09-26,T037,G09,G06,08:06,08:06,0,A l'heure,100,17.23
J008409,2026-04-03,T003,G10,G03,19:54,20:03,9,Retarde,340,72.71
J008410,2025-09-16,T020,G13,G05,10:48,10:48,0,A l'heure,416,35.57
J008411,2025-10-12,T021,G03,G12,22:06,22:06,0,A l'heure,537,39.53
J008412,2026-06-11,T021,G04,G05,19:18,19:18,0,A l'heure,345,28.81
J008413,2026-05-24,T025,G15,G07,22:48,22:51,3,Retarde,333,40.08
J008414,2026-04-16,T026,G03,G10,20:36,20:36,0,A l'heure,226,54.87
J008415,2026-01-30,T024,G07,G10,12:48,12:48,0,A l'heure,120,41.96
J008416,2026-01-27,T030,G15,G07,19:12,19:18,6,Retarde,150,27.27
J008417,2025-09-06,T021,G07,G03,16:06,16:06,0,A l'heure,495,50.75
J008418,2025-10-11,T019,G02,G14,10:48,10:55,7,Retarde,278,28.63
J008419,2025-10-07,T020,G02,G14,20:42,20:42,0,A l'heure,297,28.04
J008420,2025-11-08,T004,G15,G03,14:15,14:15,0,A l'heure,369,61.53
J008421,2025-09-29,T032,G12,G05,11:00,11:00,0,A l'heure,103,19.32
J008422,2025-11-23,T017,G07,G14,05:36,05:36,0,A l'heure,448,38.15
J008423,2025-12-30,T038,G06,G05,08:24,08:24,0,A l'heure,135,14.79
J008424,2026-07-04,T026,G06,G01,12:06,12:07,1,Retarde,168,47.51
J008425,2026-01-24,T009,G09,G13,21:00,21:00,0,A l'heure,411,95.01
J008426,2026-01-26,T029,G14,G10,06:30,06:30,0,A l'heure,152,28.51
J008427,2026-04-26,T006,G10,G09,22:24,22:27,3,Retarde,356,112.89
J008428,2025-12-12,T004,G14,G05,08:12,08:21,9,Retarde,274,61.15
J008429,2026-07-07,T011,G06,G01,09:15,09:15,0,A l'heure,187,54.27
J008430,2026-02-11,T012,G11,G06,19:21,19:29,8,Retarde,360,61.76
J008431,2026-02-07,T003,G01,G12,12:42,,0,Annule,237,72.43
J008432,2026-07-23,T012,G01,G14,15:48,15:55,7,Retarde,331,73.28
J008433,2026-07-27,T016,G09,G07,06:54,06:54,0,A l'heure,199,29.25
J008434,2026-04-28,T012,G01,G14,13:45,14:00,15,Retarde,360,92.85
J008435,2025-11-19,T038,G04,G13,18:45,18:45,0,A l'heure,141,25.36
J008436,2026-05-28,T014,G08,G04,12:42,12:47,5,Retarde,408,63.69
J008437,2025-10-14,T002,G11,G06,13:15,13:15,0,A l'heure,375,56.3
J008438,2026-08-10,T019,G13,G07,20:48,20:50,2,Retarde,95,24.59
J008439,2025-12-20,T026,G12,G04,13:24,13:24,0,A l'heure,327,60.85
J008440,2025-09-13,T029,G11,G13,22:21,22:21,0,A l'heure,102,27.06
J008441,2026-03-23,T006,G07,G14,11:24,11:24,0,A l'heure,265,66.3
J008442,2026-08-05,T024,G15,G05,15:36,15:36,0,A l'heure,142,60.07
J008443,2025-09-09,T005,G05,G11,18:15,18:15,0,A l'heure,306,57.98
J008444,2026-05-27,T031,G07,G09,12:54,12:58,4,Retarde,141,15.11
J008445,2026-06-24,T007,G10,G13,16:12,16:12,0,A l'heure,347,103.57
J008446,2025-10-06,T039,G07,G04,09:30,09:30,0,A l'heure,131,18.07
J008447,2025-10-10,T035,G08,G12,09:45,09:55,10,Retarde,133,25.86
J008448,2026-04-15,T024,G05,G02,13:06,13:06,0,A l'heure,184,35.07
J008449,2026-08-23,T032,G10,G13,12:45,12:49,4,Retarde,161,21.64
J008450,2025-10-23,T020,G06,G11,14:21,14:21,0,A l'heure,370,41.49
J008451,2026-05-27,T037,G02,G11,07:21,07:22,1,Retarde,126,22.7
J008452,2026-03-19,T003,G03,G07,16:06,16:06,0,A l'heure,289,93.97
J008453,2026-03-22,T026,G04,G13,19:54,20:06,12,Retarde,298,66.87
J008454,2025-10-13,T020,G07,G04,15:21,15:21,0,A l'heure,498,24.32
J008455,2025-09-03,T023,G11,G01,07:06,07:57,51,Retarde,260,31.02
J008456,2026-03-26,T025,G13,G14,10:12,10:49,37,Retarde,189,47.53
J008457,2026-02-07,T039,G07,G06,08:21,08:21,0,A l'heure,192,32.95
J008458,2026-04-22,T023,G01,G03,20:36,20:36,0,A l'heure,119,52.76
J008459,2025-11-17,T031,G10,G09,20:30,20:30,0,A l'heure,124,18.44
J008460,2025-11-08,T002,G06,G02,09:48,09:48,0,A l'heure,510,66.73
J008461,2025-09-16,T002,G10,G06,17:42,17:43,1,Retarde,244,72.23
J008462,2025-10-18,T038,G15,G06,10:00,10:00,0,A l'heure,181,18.25
J008463,2025-12-05,T004,G02,G10,13:12,13:12,0,A l'heure,244,61.25
J008464,2026-04-06,T014,G04,G07,07:42,07:42,0,A l'heure,209,83.45
J008465,2026-02-09,T029,G03,G10,18:21,18:21,0,A l'heure,145,22.42
J008466,2026-06-28,T018,G10,G14,18:42,19:11,29,Retarde,428,39.36
J008467,2025-12-06,T035,G09,G14,17:45,17:45,0,A l'heure,127,29.04
J008468,2026-07-09,T011,G05,G15,13:18,13:19,1,Retarde,254,88.12
J008469,2026-02-23,T016,G11,G07,09:45,09:45,0,A l'heure,391,37.88
J008470,2026-03-03,T008,G15,G11,05:45,05:45,0,A l'heure,403,61.99
J008471,2026-07-07,T010,G12,G14,17:12,17:20,8,Retarde,313,83.78
J008472,2025-10-04,T036,G10,G06,07:45,07:45,0,A l'heure,129,27.38
J008473,2025-09-25,T031,G08,G13,16:54,16:54,0,A l'heure,162,22.42
J008474,2026-02-18,T016,G05,G13,09:45,09:48,3,Retarde,434,26.62
J008475,2026-06-28,T032,G09,G01,11:18,11:31,13,Retarde,184,24.12
J008476,2026-07-27,T020,G06,G09,15:18,15:21,3,Retarde,336,25.31
J008477,2026-02-01,T023,G05,G07,11:24,11:24,0,A l'heure,197,69.33
J008478,2025-09-06,T037,G14,G11,14:12,14:12,0,A l'heure,122,29.56
J008479,2025-11-08,T025,G06,G09,21:54,21:56,2,Retarde,276,68.45
J008480,2026-07-30,T033,G07,G01,20:18,20:18,0,A l'heure,109,28.39
J008481,2026-01-06,T038,G07,G01,09:42,09:42,0,A l'heure,114,28.16
J008482,2025-09-26,T033,G01,G02,12:30,12:30,0,A l'heure,98,17.93
J008483,2026-05-30,T039,G04,G08,18:00,18:00,0,A l'heure,157,18.82
J008484,2026-05-05,T008,G11,G10,06:24,06:24,0,A l'heure,296,97.69
J008485,2025-09-30,T001,G02,G06,21:54,21:54,0,A l'heure,249,103.47
J008486,2025-10-05,T015,G10,G02,09:15,09:50,35,Retarde,404,40.99
J008487,2026-04-16,T025,G13,G15,20:18,20:18,0,A l'heure,186,43.53
J008488,2026-06-12,T021,G03,G09,18:06,18:06,0,A l'heure,407,26.45
J008489,2025-09-28,T021,G15,G09,07:00,07:00,0,A l'heure,440,39.18
J008490,2025-12-22,T034,G07,G05,12:21,12:21,0,A l'heure,132,15.9
J008491,2026-03-20,T010,G10,G04,05:18,05:18,0,A l'heure,202,102.74
J008492,2026-03-26,T007,G02,G03,21:45,21:48,3,Retarde,264,84.65
J008493,2026-03-18,T014,G07,G14,21:12,21:12,0,A l'heure,358,96.24
J008494,2025-11-24,T036,G11,G06,15:12,15:12,0,A l'heure,102,24.58
J008495,2026-02-19,T011,G11,G05,11:15,11:15,0,A l'heure,316,74.47
J008496,2026-02-28,T038,G07,G01,13:18,13:21,3,Retarde,171,16.77
J008497,2026-03-04,T018,G15,G01,12:06,12:06,0,A l'heure,341,29.94
J008498,2026-05-23,T017,G01,G03,18:21,18:44,23,Retarde,611,49.96
J008499,2025-09-24,T030,G12,G09,14:24,14:24,0,A l'heure,102,22.64
J008500,2026-01-21,T034,G13,G03,09:15,09:28,13,Retarde,181,21.74
J008501,2026-02-22,T036,G15,G01,15:48,15:48,0,A l'heure,114,19.7
J008502,2026-01-06,T024,G13,G03,14:00,14:41,41,Retarde,144,31.9
J008503,2025-09-22,T026,G06,G01,14:12,14:12,0,A l'heure,296,57.38
J008504,2026-08-14,T025,G11,G04,12:48,12:48,0,A l'heure,81,45.38
J008505,2026-06-17,T028,G09,G07,06:06,06:06,0,A l'heure,105,58.82
J008506,2026-08-23,T018,G10,G12,18:36,18:45,9,Retarde,538,30.18
J008507,2025-11-09,T001,G11,G04,20:21,20:21,0,A l'heure,411,107.69
J008508,2026-05-16,T009,G14,G05,09:45,09:46,1,Retarde,354,92.39
J008509,2025-12-09,T040,G03,G06,06:42,06:42,0,A l'heure,87,15.95
J008510,2026-01-10,T030,G01,G11,10:18,10:18,0,A l'heure,88,28.41
J008511,2026-03-28,T026,G05,G07,15:30,16:35,65,Fortement retarde,350,44.8
J008512,2026-05-12,T039,G01,G10,20:30,20:30,0,A l'heure,127,27.55
J008513,2026-03-20,T006,G08,G14,15:36,15:36,0,A l'heure,311,92.09
J008514,2026-02-05,T032,G13,G12,06:45,06:49,4,Retarde,162,16.51
J008515,2026-07-30,T035,G13,G05,07:18,07:18,0,A l'heure,127,24.3
J008516,2026-03-29,T008,G11,G13,11:15,11:15,0,A l'heure,435,92.89
J008517,2025-12-12,T038,G15,G12,06:45,07:10,25,Retarde,103,22.85
J008518,2026-06-28,T011,G03,G15,08:18,08:18,0,A l'heure,451,62.18
J008519,2026-02-14,T029,G15,G02,05:15,05:16,1,Retarde,160,32.91
J008520,2026-08-22,T030,G10,G12,22:42,22:42,0,A l'heure,133,22.07
J008521,2025-09-19,T016,G12,G04,14:06,14:21,15,Retarde,251,24.6
J008522,2026-04-22,T022,G13,G05,19:21,19:21,0,A l'heure,357,38.78
J008523,2025-11-14,T023,G11,G02,08:54,09:27,33,Retarde,173,44.58
J008524,2026-01-24,T002,G12,G09,11:42,11:42,0,A l'heure,401,109.65
J008525,2026-05-05,T021,G10,G11,20:42,20:45,3,Retarde,366,42.47
J008526,2025-09-30,T013,G07,G06,08:06,08:15,9,Retarde,314,82.82
J008527,2026-04-21,T006,G07,G02,13:12,13:12,0,A l'heure,250,85.83
J008528,2026-02-07,T004,G15,G10,09:48,09:48,0,A l'heure,441,95.87
J008529,2025-12-02,T030,G05,G13,08:30,08:30,0,A l'heure,121,26.83
J008530,2026-01-21,T004,G11,G03,08:00,08:01,1,Retarde,207,65.38
J008531,2026-04-19,T026,G14,G03,11:42,11:54,12,Retarde,228,47.42
J008532,2026-02-08,T027,G05,G11,10:12,10:19,7,Retarde,272,62.77
J008533,2026-07-24,T016,G09,G08,09:36,09:36,0,A l'heure,327,40.12
J008534,2026-06-27,T038,G12,G01,05:18,05:18,0,A l'heure,169,24.21
J008535,2026-03-12,T006,G12,G15,12:30,12:31,1,Retarde,275,67.48
J008536,2025-12-16,T016,G06,G05,07:30,07:30,0,A l'heure,239,25.87
J008537,2026-07-26,T032,G05,G06,06:12,06:13,1,Retarde,76,20.06
J008538,2026-02-19,T004,G06,G15,21:06,21:15,9,Retarde,163,57.57
J008539,2026-03-06,T009,G01,G02,22:45,22:48,3,Retarde,258,60.83
J008540,2025-12-02,T016,G01,G03,15:24,15:24,0,A l'heure,382,40.93
J008541,2026-07-30,T038,G12,G08,09:18,09:18,0,A l'heure,148,19.59
J008542,2025-10-22,T040,G04,G05,11:48,11:59,11,Retarde,143,17.34
J008543,2026-05-22,T012,G09,G15,21:42,21:42,0,A l'heure,332,64.24
J008544,2026-07-14,T006,G07,G02,06:21,06:21,0,A l'heure,344,59.96
J008545,2026-05-27,T010,G14,G04,20:06,20:06,0,A l'heure,292,72.62
J008546,2026-08-26,T036,G15,G14,09:12,09:19,7,Retarde,125,21.77
J008547,2025-12-11,T005,G03,G01,16:54,16:54,0,A l'heure,372,56.05
J008548,2025-10-24,T001,G15,G04,17:06,17:06,0,A l'heure,362,87.04
J008549,2026-08-04,T019,G06,G03,08:30,08:43,13,Retarde,438,27.25
J008550,2026-01-03,T040,G05,G10,09:18,09:18,0,A l'heure,105,31.56
J008551,2026-04-08,T034,G07,G06,21:48,21:48,0,A l'heure,169,16.53
J008552,2026-01-13,T032,G07,G11,22:54,22:54,0,A l'heure,165,19.29
J008553,2025-11-26,T016,G15,G11,15:12,15:47,35,Retarde,332,39.74
J008554,2026-01-11,T011,G14,G12,14:24,14:25,1,Retarde,267,79.35
J008555,2025-12-18,T018,G07,G12,12:12,12:12,0,A l'heure,311,25.54
J008556,2026-03-26,T035,G01,G04,09:48,09:48,0,A l'heure,108,22.72
J008557,2025-12-20,T004,G15,G08,08:45,08:45,0,A l'heure,329,73.06
J008558,2026-02-26,T027,G14,G01,08:18,08:20,2,Retarde,228,44.36
J008559,2025-09-23,T022,G14,G10,12:54,13:09,15,Retarde,437,31.46
J008560,2025-09-20,T002,G08,G12,10:15,10:15,0,A l'heure,394,113.76
J008561,2026-04-02,T018,G11,G01,12:15,12:28,13,Retarde,366,41.54
J008562,2026-08-04,T010,G13,G14,21:24,21:25,1,Retarde,358,54.91
J008563,2026-02-03,T014,G13,G03,07:15,07:15,0,A l'heure,275,81.87
J008564,2025-12-27,T012,G03,G08,17:12,17:20,8,Retarde,358,65.71
J008565,2026-07-08,T027,G14,G12,12:12,13:01,49,Retarde,272,35.93
J008566,2026-03-21,T015,G09,G03,08:21,08:36,15,Retarde,364,50.67
J008567,2026-01-27,T016,G13,G10,19:48,19:48,0,A l'heure,276,28.32
J008568,2025-10-13,T037,G07,G09,17:21,17:25,4,Retarde,107,21.13
J008569,2025-10-10,T031,G05,G03,06:45,06:45,0,A l'heure,138,26.25
J008570,2026-03-08,T012,G03,G11,12:21,12:21,0,A l'heure,328,85.1
J008571,2026-06-17,T033,G09,G11,07:21,07:23,2,Retarde,84,17.46
J008572,2026-02-16,T023,G08,G04,11:54,12:09,15,Retarde,192,35.55
J008573,2025-10-04,T026,G01,G03,17:06,17:12,6,Retarde,251,56.87
J008574,2026-07-01,T027,G06,G03,15:06,15:06,0,A l'heure,161,43.56
J008575,2026-08-03,T004,G02,G03,12:54,12:54,0,A l'heure,397,103.88
J008576,2025-11-19,T021,G03,G14,06:12,06:12,0,A l'heure,398,30.34
J008577,2025-12-31,T010,G06,G10,13:15,13:17,2,Retarde,344,91.26
J008578,2025-10-10,T019,G10,G08,05:15,05:42,27,Retarde,437,24.81
J008579,2026-03-05,T026,G02,G12,15:15,16:29,74,Fortement retarde,138,39.21
J008580,2026-04-14,T002,G14,G01,10:06,10:06,0,A l'heure,257,95.89
J008581,2026-07-30,T015,G09,G11,06:45,06:45,0,A l'heure,258,32.92
J008582,2026-05-14,T033,G11,G06,20:36,20:36,0,A l'heure,170,19.17
J008583,2026-01-19,T009,G01,G15,13:21,13:21,0,A l'heure,255,92.85
J008584,2025-09-21,T036,G12,G07,05:12,05:12,0,A l'heure,90,21.56
J008585,2025-11-15,T019,G05,G06,05:42,05:42,0,A l'heure,536,46.04
J008586,2026-07-29,T005,G08,G14,14:54,14:54,0,A l'heure,434,100.56
J008587,2025-10-05,T010,G13,G08,09:06,09:06,0,A l'heure,326,66.7
J008588,2026-07-22,T008,G11,G04,12:30,12:30,0,A l'heure,203,77.76
J008589,2026-03-10,T036,G15,G04,15:54,15:54,0,A l'heure,164,25.36
J008590,2026-04-10,T013,G03,G13,16:18,16:18,0,A l'heure,267,89.07
J008591,2025-11-17,T029,G15,G14,16:42,16:42,0,A l'heure,92,15.03
J008592,2026-04-30,T029,G15,G11,22:36,22:36,0,A l'heure,123,24.79
J008593,2026-05-27,T009,G08,G04,05:21,05:21,0,A l'heure,395,81.37
J008594,2026-01-09,T003,G08,G09,14:18,14:18,0,A l'heure,326,60.58
J008595,2025-12-15,T018,G08,G02,20:12,20:12,0,A l'heure,407,24.12
J008596,2025-11-23,T021,G06,G01,21:54,22:11,17,Retarde,485,39.22
J008597,2026-07-20,T009,G06,G12,05:36,05:36,0,A l'heure,354,82.54
J008598,2025-09-27,T002,G03,G02,22:36,22:36,0,A l'heure,510,65.78
J008599,2026-08-04,T027,G03,G11,21:36,21:36,0,A l'heure,240,30.75
J008600,2026-06-09,T037,G10,G03,08:54,08:54,0,A l'heure,140,21.53
J008601,2026-07-31,T018,G02,G03,07:54,08:01,7,Retarde,322,33.34
J008602,2026-07-13,T027,G05,G11,08:00,08:11,11,Retarde,179,36.61
J008603,2026-04-15,T008,G03,G04,15:36,15:36,0,A l'heure,249,97.14
J008604,2025-12-06,T030,G04,G15,08:06,08:06,0,A l'heure,181,29.89
J008605,2025-12-16,T021,G13,G12,09:48,09:48,0,A l'heure,333,27.0
J008606,2025-11-09,T003,G15,G12,13:12,13:12,0,A l'heure,265,111.51
J008607,2025-09-03,T019,G08,G07,17:24,17:24,0,A l'heure,359,24.48
J008608,2025-11-19,T001,G03,G01,07:48,07:48,0,A l'heure,214,62.43
J008609,2026-08-17,T008,G13,G15,13:21,13:21,0,A l'heure,285,69.47
J008610,2025-10-27,T012,G04,G11,16:21,16:21,0,A l'heure,307,93.67
J008611,2026-04-19,T005,G10,G06,05:42,05:42,0,A l'heure,315,107.27
J008612,2025-12-30,T040,G10,G14,22:00,22:03,3,Retarde,129,24.21
J008613,2025-12-05,T020,G11,G04,08:21,08:22,1,Retarde,297,37.16
J008614,2025-09-09,T026,G06,G04,05:48,05:50,2,Retarde,198,56.67
J008615,2025-10-29,T030,G08,G10,21:36,21:36,0,A l'heure,157,24.13
J008616,2026-08-26,T016,G12,G05,14:30,14:30,0,A l'heure,303,43.01
J008617,2025-11-12,T027,G03,G06,07:21,07:44,23,Retarde,198,44.58
J008618,2025-10-05,T007,G06,G15,17:24,17:24,0,A l'heure,389,66.28
J008619,2025-11-12,T040,G07,G06,12:24,12:24,0,A l'heure,117,24.97
J008620,2025-11-09,T033,G04,G08,18:42,18:42,0,A l'heure,160,23.54
J008621,2026-01-14,T012,G15,G14,11:15,11:15,0,A l'heure,447,58.38
J008622,2026-04-11,T038,G08,G06,09:15,09:15,0,A l'heure,138,23.18
J008623,2026-06-29,T025,G09,G11,17:15,17:15,0,A l'heure,228,40.09
J008624,2026-02-22,T004,G01,G15,11:45,11:45,0,A l'heure,260,60.55
J008625,2025-11-22,T032,G05,G09,16:42,16:42,0,A l'heure,198,22.95
J008626,2026-06-01,T031,G12,G01,16:18,16:18,0,A l'heure,132,20.05
J008627,2026-02-24,T027,G01,G14,07:45,07:50,5,Retarde,150,31.06
J008628,2025-09-30,T002,G14,G06,21:12,21:12,0,A l'heure,340,58.0
J008629,2026-08-17,T028,G01,G09,09:06,09:06,0,A l'heure,281,40.84
J008630,2026-07-22,T022,G02,G08,22:48,22:48,0,A l'heure,374,34.65
J008631,2025-10-25,T038,G15,G06,08:21,08:21,0,A l'heure,124,21.69
J008632,2025-11-07,T015,G08,G10,18:45,19:19,34,Retarde,405,32.69
J008633,2026-06-29,T027,G05,G08,09:54,09:54,0,A l'heure,231,54.78
J008634,2026-05-19,T023,G05,G06,17:21,17:56,35,Retarde,153,52.27
J008635,2026-02-19,T008,G12,G15,18:42,18:49,7,Retarde,510,54.66
J008636,2025-09-22,T033,G05,G01,20:00,20:00,0,A l'heure,89,19.68
J008637,2025-09-12,T005,G06,G08,16:00,16:00,0,A l'heure,161,67.61
J008638,2025-11-14,T039,G09,G03,07:12,07:43,31,Retarde,98,28.41
J008639,2026-06-15,T007,G05,G01,06:54,06:54,0,A l'heure,132,63.97
J008640,2026-08-29,T022,G06,G10,19:42,19:42,0,A l'heure,557,49.36
J008641,2025-10-21,T002,G03,G10,07:48,07:49,1,Retarde,342,52.22
J008642,2025-09-25,T019,G02,G14,15:42,15:44,2,Retarde,308,32.31
J008643,2026-05-21,T009,G04,G15,07:54,07:57,3,Retarde,198,79.5
J008644,2025-10-30,T023,G04,G08,05:36,06:09,33,Retarde,223,34.56
J008645,2026-05-25,T011,G04,G05,07:30,07:35,5,Retarde,421,59.24
J008646,2026-01-14,T034,G02,G10,08:06,08:10,4,Retarde,90,28.02
J008647,2025-11-23,T033,G11,G01,13:24,13:24,0,A l'heure,179,26.45
J008648,2026-01-25,T034,G14,G06,13:30,,0,Annule,185,16.99
J008649,2025-12-10,T007,G01,G05,12:24,12:24,0,A l'heure,292,54.58
J008650,2025-09-13,T031,G02,G07,19:06,19:06,0,A l'heure,149,29.93
J008651,2026-05-21,T011,G01,G11,16:24,16:24,0,A l'heure,178,102.66
J008652,2026-07-17,T003,G13,G03,05:00,05:00,0,A l'heure,417,68.43
J008653,2026-07-31,T009,G12,G06,16:24,16:24,0,A l'heure,313,57.03
J008654,2026-01-29,T024,G05,G14,08:36,08:38,2,Retarde,324,49.13
J008655,2026-02-03,T018,G12,G07,19:45,19:45,0,A l'heure,381,37.29
J008656,2025-10-01,T017,G04,G11,10:54,,0,Annule,411,22.57
J008657,2026-03-15,T025,G12,G14,10:48,10:48,0,A l'heure,251,40.27
J008658,2025-12-26,T008,G05,G10,19:00,19:00,0,A l'heure,256,75.94
J008659,2026-03-06,T025,G10,G15,05:06,05:06,0,A l'heure,281,56.97
J008660,2026-07-04,T037,G05,G03,11:54,11:54,0,A l'heure,186,21.28
J008661,2026-04-24,T010,G01,G09,19:21,19:21,0,A l'heure,296,88.52
J008662,2026-06-25,T021,G07,G13,21:42,21:42,0,A l'heure,405,26.16
J008663,2026-01-16,T007,G15,G06,19:06,19:10,4,Retarde,199,61.6
J008664,2025-12-19,T015,G11,G07,05:36,05:43,7,Retarde,225,30.43
J008665,2026-06-20,T001,G04,G13,08:21,08:21,0,A l'heure,365,100.83
J008666,2026-08-29,T032,G14,G01,20:54,21:00,6,Retarde,178,22.09
J008667,2025-10-19,T028,G07,G09,06:36,07:16,40,Retarde,266,54.82
J008668,2026-01-02,T010,G07,G05,07:06,07:06,0,A l'heure,227,54.6
J008669,2026-05-21,T033,G13,G09,18:15,18:15,0,A l'heure,135,23.91
J008670,2026-01-06,T029,G11,G08,17:36,17:36,0,A l'heure,108,24.8
J008671,2026-06-05,T031,G11,G04,16:54,16:54,0,A l'heure,100,15.4
J008672,2026-02-23,T012,G13,G05,08:54,09:06,12,Retarde,286,99.51
J008673,2026-04-06,T035,G10,G02,19:06,19:06,0,A l'heure,132,15.29
J008674,2025-10-25,T023,G09,G14,12:15,12:32,17,Retarde,132,66.38
J008675,2025-10-14,T036,G06,G15,19:42,19:42,0,A l'heure,96,15.71
J008676,2026-08-12,T002,G15,G01,18:21,18:26,5,Retarde,421,67.1
J008677,2026-06-24,T001,G10,G01,05:30,05:30,0,A l'heure,256,55.4
J008678,2026-05-05,T008,G07,G03,22:21,,0,Annule,342,67.72
J008679,2025-11-08,T005,G04,G13,16:18,16:18,0,A l'heure,201,60.4
J008680,2026-07-06,T034,G04,G12,14:54,14:54,0,A l'heure,91,19.85
J008681,2025-12-13,T004,G08,G12,16:24,16:48,24,Retarde,356,115.75
J008682,2026-04-15,T029,G05,G08,18:30,,0,Annule,120,27.57
J008683,2025-09-18,T004,G07,G13,10:45,10:45,0,A l'heure,343,77.2
J008684,2025-12-01,T004,G07,G15,09:48,10:08,20,Retarde,303,75.58
J008685,2025-12-12,T022,G08,G06,09:54,09:55,1,Retarde,364,32.18
J008686,2026-07-13,T018,G03,G15,11:15,11:15,0,A l'heure,408,37.96
J008687,2025-11-03,T017,G03,G06,15:54,15:54,0,A l'heure,397,40.0
J008688,2025-10-26,T004,G12,G06,19:06,19:06,0,A l'heure,438,75.3
J008689,2026-04-11,T020,G09,G06,05:06,05:06,0,A l'heure,446,29.76
J008690,2026-06-23,T011,G10,G02,18:48,18:48,0,A l'heure,323,101.84
J008691,2026-01-30,T031,G08,G01,09:30,09:30,0,A l'heure,135,19.42
J008692,2025-09-04,T001,G07,G03,14:15,14:49,34,Retarde,282,59.38
J008693,2026-01-27,T009,G05,G07,05:18,05:18,0,A l'heure,219,71.53
J008694,2025-10-19,T010,G05,G04,09:54,09:55,1,Retarde,378,107.01
J008695,2026-08-19,T040,G09,G07,13:45,13:47,2,Retarde,163,27.84
J008696,2026-05-20,T022,G01,G08,13:12,13:12,0,A l'heure,469,26.86
J008697,2025-09-09,T022,G09,G01,16:12,16:12,0,A l'heure,307,42.14
J008698,2025-12-30,T019,G14,G06,07:48,08:23,35,Retarde,477,24.92
J008699,2026-07-30,T013,G10,G02,20:24,20:24,0,A l'heure,136,97.91
J008700,2026-02-24,T025,G08,G14,16:54,16:59,5,Retarde,214,41.0
J008701,2025-09-17,T032,G08,G07,18:36,18:36,0,A l'heure,80,21.13
J008702,2026-06-19,T017,G03,G13,21:00,21:00,0,A l'heure,403,41.19
J008703,2026-05-31,T016,G10,G06,22:18,22:18,0,A l'heure,632,33.89
J008704,2026-08-03,T014,G03,G12,09:24,09:24,0,A l'heure,285,59.65
J008705,2025-10-05,T025,G08,G05,10:21,10:59,38,Retarde,225,60.85
J008706,2026-08-09,T014,G02,G13,16:36,16:36,0,A l'heure,276,108.09
J008707,2025-10-19,T006,G09,G15,06:42,06:49,7,Retarde,475,99.42
J008708,2026-01-01,T009,G11,G15,09:18,09:30,12,Retarde,336,95.31
J008709,2026-04-11,T010,G09,G15,11:21,11:21,0,A l'heure,374,116.93
J008710,2026-05-20,T038,G12,G15,10:42,10:43,1,Retarde,144,27.54
J008711,2026-03-14,T007,G11,G15,11:54,11:54,0,A l'heure,504,103.27
J008712,2026-02-03,T027,G02,G09,18:00,18:37,37,Retarde,259,50.96
J008713,2026-06-23,T003,G07,G02,16:18,16:18,0,A l'heure,331,81.49
J008714,2026-05-22,T036,G01,G14,06:42,06:42,0,A l'heure,98,21.29
J008715,2026-03-09,T029,G10,G15,10:48,10:48,0,A l'heure,139,23.52
J008716,2025-09-07,T015,G06,G03,16:18,16:24,6,Retarde,585,36.24
J008717,2025-12-17,T026,G04,G15,21:18,21:18,0,A l'heure,172,30.71
J008718,2026-04-24,T027,G02,G14,09:45,09:48,3,Retarde,211,30.68
J008719,2026-08-18,T019,G06,G05,16:36,16:36,0,A l'heure,330,26.1
J008720,2025-11-18,T008,G10,G07,17:12,17:12,0,A l'heure,235,82.32
J008721,2026-04-25,T006,G08,G10,20:42,20:42,0,A l'heure,415,75.26
J008722,2026-05-16,T028,G05,G04,21:00,21:00,0,A l'heure,229,37.67
J008723,2026-07-14,T028,G04,G15,07:48,07:50,2,Retarde,262,51.67
J008724,2026-01-11,T010,G13,G06,11:48,11:58,10,Retarde,234,64.01
J008725,2026-03-21,T001,G01,G02,07:15,07:15,0,A l'heure,481,87.18
J008726,2026-01-01,T023,G02,G01,10:36,10:42,6,Retarde,318,43.98
J008727,2026-07-23,T037,G03,G02,11:21,11:21,0,A l'heure,130,16.61
J008728,2026-07-22,T029,G12,G10,20:15,20:32,17,Retarde,109,28.41
J008729,2026-08-30,T021,G12,G01,17:42,17:42,0,A l'heure,404,50.1
J008730,2025-09-12,T021,G13,G06,14:21,14:21,0,A l'heure,294,28.25
J008731,2025-11-15,T040,G11,G12,14:48,15:02,14,Retarde,153,28.05
J008732,2026-01-12,T015,G04,G02,16:12,16:15,3,Retarde,143,25.6
J008733,2025-10-12,T002,G03,G06,15:30,15:30,0,A l'heure,426,71.9
J008734,2026-08-29,T027,G03,G02,13:42,13:50,8,Retarde,209,37.84
J008735,2026-04-29,T011,G07,G14,16:30,16:30,0,A l'heure,254,75.79
J008736,2026-03-19,T019,G15,G14,06:48,06:59,11,Retarde,301,29.11
J008737,2026-01-24,T034,G11,G05,16:12,16:12,0,A l'heure,167,27.41
J008738,2026-04-11,T016,G06,G12,12:48,12:48,0,A l'heure,526,42.65
J008739,2025-10-13,T002,G01,G07,16:24,16:24,0,A l'heure,212,57.8
J008740,2025-11-12,T019,G03,G04,07:18,07:18,0,A l'heure,373,33.18
J008741,2026-04-02,T003,G10,G12,08:30,09:13,43,Retarde,279,58.65
J008742,2026-01-07,T004,G07,G13,13:18,13:18,0,A l'heure,364,56.71
J008743,2025-09-29,T001,G03,G01,15:24,15:24,0,A l'heure,330,60.41
J008744,2026-05-07,T007,G12,G04,08:24,08:24,0,A l'heure,389,58.28
J008745,2026-05-06,T008,G12,G15,08:45,08:49,4,Retarde,369,103.43
J008746,2025-09-09,T018,G05,G04,09:24,09:24,0,A l'heure,301,33.31
J008747,2026-03-17,T010,G06,G14,11:48,11:48,0,A l'heure,356,102.05
J008748,2025-10-08,T012,G13,G09,11:00,11:00,0,A l'heure,375,90.04
J008749,2026-03-09,T018,G05,G13,10:21,10:21,0,A l'heure,445,43.82
J008750,2026-05-24,T025,G05,G02,11:00,11:00,0,A l'heure,257,45.44
J008751,2026-07-23,T029,G06,G10,07:15,07:15,0,A l'heure,114,25.36
J008752,2026-02-02,T040,G05,G12,17:18,17:28,10,Retarde,94,15.84
J008753,2025-10-06,T025,G05,G11,10:12,10:12,0,A l'heure,327,58.75
J008754,2026-02-03,T021,G06,G02,09:24,09:24,0,A l'heure,366,42.98
J008755,2026-06-19,T005,G12,G04,09:48,10:09,21,Retarde,291,93.48
J008756,2026-01-22,T017,G04,G05,14:00,14:09,9,Retarde,223,42.06
J008757,2025-11-10,T037,G03,G08,08:21,08:21,0,A l'heure,134,18.45
J008758,2025-12-27,T028,G11,G01,22:06,22:20,14,Retarde,240,43.28
J008759,2026-05-28,T028,G01,G09,12:18,12:18,0,A l'heure,200,46.81
J008760,2025-10-31,T004,G13,G03,12:21,12:21,0,A l'heure,361,81.8
J008761,2025-10-30,T038,G02,G06,07:54,07:54,0,A l'heure,130,19.89
J008762,2026-03-16,T031,G03,G10,06:00,06:00,0,A l'heure,131,20.33
J008763,2026-05-07,T024,G15,G12,13:42,13:42,0,A l'heure,174,40.84
J008764,2026-04-02,T033,G12,G10,05:18,05:18,0,A l'heure,189,15.94
J008765,2026-01-23,T011,G04,G13,17:12,17:21,9,Retarde,235,68.64
J008766,2026-05-07,T013,G06,G02,10:36,10:36,0,A l'heure,274,85.26
J008767,2026-04-20,T018,G09,G13,05:21,05:21,0,A l'heure,281,33.12
J008768,2026-01-27,T030,G10,G08,19:42,19:42,0,A l'heure,81,23.19
J008769,2026-05-07,T031,G01,G02,05:18,05:18,0,A l'heure,76,21.97
J008770,2025-11-17,T015,G11,G07,05:00,05:26,26,Retarde,229,31.75
J008771,2025-12-24,T016,G01,G02,06:12,06:22,10,Retarde,538,37.35
J008772,2025-11-17,T038,G15,G14,22:36,22:40,4,Retarde,131,17.36
J008773,2025-10-03,T028,G13,G02,14:21,14:21,0,A l'heure,151,48.72
J008774,2026-04-06,T021,G07,G12,14:24,14:24,0,A l'heure,308,30.35
J008775,2026-06-24,T016,G02,G03,18:15,18:15,0,A l'heure,418,25.86
J008776,2026-04-19,T031,G02,G13,22:06,22:06,0,A l'heure,154,20.56
J008777,2026-06-09,T027,G10,G04,16:54,17:06,12,Retarde,274,32.17
J008778,2026-01-01,T028,G04,G03,17:24,17:28,4,Retarde,172,55.79
J008779,2026-07-05,T039,G06,G05,11:48,11:48,0,A l'heure,170,24.54
J008780,2026-03-18,T021,G04,G01,22:36,22:44,8,Retarde,373,35.45
J008781,2025-11-02,T004,G06,G12,08:21,08:21,0,A l'heure,430,116.59
J008782,2026-08-28,T040,G01,G10,14:18,14:18,0,A l'heure,96,18.1
J008783,2025-09-19,T026,G03,G05,10:48,10:48,0,A l'heure,213,39.62
J008784,2026-08-03,T030,G13,G14,22:48,22:54,6,Retarde,95,24.56
J008785,2025-11-13,T007,G11,G14,13:48,14:00,12,Retarde,375,58.77
J008786,2026-03-21,T035,G07,G08,09:15,09:15,0,A l'heure,123,22.72
J008787,2026-02-27,T028,G05,G10,06:48,07:40,52,Retarde,115,52.97
J008788,2025-11-27,T034,G02,G11,11:36,11:36,0,A l'heure,157,27.61
J008789,2026-08-29,T002,G07,G13,20:15,20:15,0,A l'heure,323,98.04
J008790,2026-05-21,T033,G01,G04,11:21,11:21,0,A l'heure,181,19.21
J008791,2026-07-07,T032,G08,G13,17:48,17:55,7,Retarde,129,28.7
J008792,2025-10-23,T019,G14,G12,11:45,11:45,0,A l'heure,400,39.97
J008793,2025-10-25,T010,G05,G12,15:15,,0,Annule,489,99.12
J008794,2026-08-31,T029,G08,G11,12:21,12:21,0,A l'heure,117,23.27
J008795,2025-12-24,T018,G15,G14,15:30,15:52,22,Retarde,240,36.76
J008796,2026-01-04,T039,G07,G12,07:24,07:25,1,Retarde,136,22.76
J008797,2026-07-22,T038,G05,G01,21:12,21:12,0,A l'heure,140,15.19
J008798,2025-12-12,T024,G02,G11,22:12,22:12,0,A l'heure,208,57.91
J008799,2025-12-08,T032,G14,G15,16:15,16:17,2,Retarde,164,15.66
J008800,2026-07-10,T003,G09,G11,06:48,06:48,0,A l'heure,427,80.63
J008801,2025-09-05,T019,G15,G03,19:42,19:43,1,Retarde,416,28.2
J008802,2026-01-30,T027,G13,G11,17:21,17:21,0,A l'heure,271,47.75
J008803,2025-10-16,T010,G14,G07,09:06,09:06,0,A l'heure,166,103.7
J008804,2025-11-10,T029,G05,G11,16:42,16:45,3,Retarde,180,18.99
J008805,2026-05-04,T005,G08,G02,10:30,10:30,0,A l'heure,281,79.57
J008806,2026-05-18,T026,G10,G08,18:36,18:57,21,Retarde,189,32.66
J008807,2026-04-07,T024,G06,G01,15:18,15:22,4,Retarde,209,59.06
J008808,2026-01-06,T014,G11,G06,11:42,11:42,0,A l'heure,282,83.53
J008809,2026-07-21,T022,G05,G14,18:54,18:54,0,A l'heure,343,23.92
J008810,2026-03-10,T001,G08,G15,21:42,21:42,0,A l'heure,275,76.13
J008811,2025-11-05,T003,G02,G10,12:30,12:30,0,A l'heure,246,89.21
J008812,2025-09-17,T034,G04,G06,10:36,10:48,12,Retarde,125,24.03
J008813,2026-01-16,T036,G03,G10,08:18,08:42,24,Retarde,187,18.38
J008814,2026-07-17,T025,G03,G11,22:24,22:24,0,A l'heure,247,31.68
J008815,2025-09-28,T039,G07,G03,10:00,10:01,1,Retarde,189,26.91
J008816,2025-10-16,T037,G03,G13,09:06,09:06,0,A l'heure,114,18.45
J008817,2026-07-31,T024,G13,G06,16:21,16:21,0,A l'heure,260,52.0
J008818,2026-01-01,T024,G13,G12,13:24,13:24,0,A l'heure,257,55.09
J008819,2025-10-14,T017,G13,G12,08:18,08:18,0,A l'heure,394,28.39
J008820,2026-07-02,T039,G04,G07,05:21,05:21,0,A l'heure,99,16.72
J008821,2026-02-18,T020,G12,G13,18:00,18:00,0,A l'heure,403,32.83
J008822,2026-02-13,T009,G05,G07,11:12,11:12,0,A l'heure,299,67.88
J008823,2025-12-05,T015,G05,G07,13:45,13:45,0,A l'heure,422,33.37
J008824,2026-05-28,T023,G05,G03,19:45,19:45,0,A l'heure,242,49.25
J008825,2026-06-23,T035,G14,G03,15:18,15:18,0,A l'heure,121,24.12
J008826,2025-09-17,T014,G11,G04,11:42,11:42,0,A l'heure,379,75.06
J008827,2025-10-27,T034,G12,G11,18:30,18:30,0,A l'heure,103,24.9
J008828,2026-03-14,T002,G05,G14,18:12,18:12,0,A l'heure,347,99.2
J008829,2025-09-07,T029,G07,G09,11:24,11:24,0,A l'heure,140,25.6
J008830,2026-02-15,T021,G12,G15,13:54,13:54,0,A l'heure,355,45.39
J008831,2026-04-09,T013,G06,G08,14:18,14:18,0,A l'heure,288,94.15
J008832,2026-01-19,T016,G11,G10,18:36,18:36,0,A l'heure,507,41.57
J008833,2026-08-29,T020,G08,G12,19:36,19:36,0,A l'heure,591,46.93
J008834,2026-08-16,T009,G13,G11,07:15,07:15,0,A l'heure,355,64.18
J008835,2025-10-29,T021,G03,G07,17:12,17:13,1,Retarde,341,41.79
J008836,2025-10-23,T038,G04,G13,15:06,15:06,0,A l'heure,103,20.85
J008837,2026-08-27,T033,G03,G14,14:18,14:18,0,A l'heure,170,22.35
J008838,2025-09-20,T040,G07,G12,05:48,05:48,0,A l'heure,133,19.97
J008839,2026-07-12,T033,G08,G11,18:24,18:36,12,Retarde,198,30.12
J008840,2025-11-11,T007,G10,G14,20:24,20:35,11,Retarde,389,61.96
J008841,2026-02-09,T022,G09,G14,09:15,,0,Annule,202,38.25
J008842,2025-09-02,T020,G06,G03,12:36,12:38,2,Retarde,392,35.11
J008843,2025-12-09,T024,G07,G06,19:42,20:11,29,Retarde,191,50.15
J008844,2026-01-12,T031,G02,G11,13:24,13:24,0,A l'heure,76,27.51
J008845,2025-10-26,T006,G09,G10,15:48,15:48,0,A l'heure,361,93.86
J008846,2025-10-29,T038,G06,G14,16:06,16:06,0,A l'heure,126,20.3
J008847,2026-05-24,T036,G04,G03,22:18,22:18,0,A l'heure,148,22.28
J008848,2025-10-21,T034,G14,G10,15:21,15:21,0,A l'heure,131,24.89
J008849,2026-07-18,T031,G10,G15,19:21,19:22,1,Retarde,196,25.14
J008850,2026-06-16,T024,G02,G12,08:00,08:07,7,Retarde,174,57.09
J008851,2026-02-13,T040,G05,G13,19:06,19:06,0,A l'heure,127,22.93
J008852,2026-02-05,T011,G12,G01,08:30,08:35,5,Retarde,410,88.03
J008853,2026-07-14,T039,G07,G14,15:00,15:00,0,A l'heure,185,16.1
J008854,2025-11-25,T036,G14,G05,17:21,17:21,0,A l'heure,184,18.99
J008855,2026-04-03,T001,G15,G01,13:36,13:36,0,A l'heure,169,63.55
J008856,2026-03-26,T029,G13,G07,12:00,12:00,0,A l'heure,125,18.54
J008857,2026-08-17,T020,G10,G06,20:24,20:24,0,A l'heure,233,34.56
J008858,2025-11-02,T017,G14,G05,07:36,07:36,0,A l'heure,462,37.86
J008859,2026-08-21,T022,G01,G14,09:12,09:12,0,A l'heure,242,27.12
J008860,2025-10-08,T025,G15,G11,19:21,19:21,0,A l'heure,202,35.16
J008861,2026-08-12,T021,G14,G05,14:54,14:54,0,A l'heure,293,42.19
J008862,2025-12-08,T015,G12,G05,07:30,07:41,11,Retarde,224,27.97
J008863,2025-11-08,T008,G03,G07,10:45,10:50,5,Retarde,319,66.82
J008864,2026-01-21,T002,G11,G14,18:15,18:15,0,A l'heure,367,57.61
J008865,2026-08-27,T036,G07,G08,12:00,12:00,0,A l'heure,101,14.89
J008866,2025-09-10,T022,G05,G08,20:54,20:54,0,A l'heure,454,32.22
J008867,2026-06-03,T032,G09,G13,07:15,07:21,6,Retarde,148,19.41
J008868,2026-02-02,T040,G06,G10,16:12,16:15,3,Retarde,111,18.7
J008869,2026-05-04,T019,G04,G08,20:06,20:06,0,A l'heure,413,37.31
J008870,2026-05-01,T021,G09,G07,09:24,09:24,0,A l'heure,340,31.7
J008871,2026-03-24,T013,G03,G13,16:24,16:24,0,A l'heure,237,78.46
J008872,2025-11-03,T040,G12,G15,19:24,19:24,0,A l'heure,133,21.96
J008873,2026-03-16,T016,G06,G15,20:45,20:45,0,A l'heure,144,37.04
J008874,2026-01-09,T008,G03,G14,22:06,22:06,0,A l'heure,352,64.6
J008875,2025-09-26,T003,G06,G12,22:21,23:10,49,Retarde,156,100.83
J008876,2025-09-09,T025,G06,G02,14:12,14:12,0,A l'heure,168,47.44
J008877,2025-09-22,T024,G14,G07,06:18,06:18,0,A l'heure,182,40.98
J008878,2026-06-02,T014,G08,G03,22:54,22:54,0,A l'heure,304,63.69
J008879,2026-08-23,T027,G06,G04,20:42,21:00,18,Retarde,259,56.28
J008880,2026-03-10,T032,G01,G10,07:30,07:30,0,A l'heure,87,21.32
J008881,2026-02-24,T014,G05,G09,09:18,09:19,1,Retarde,340,88.51
J008882,2026-01-23,T032,G02,G06,05:21,05:21,0,A l'heure,134,24.8
J008883,2025-11-12,T040,G08,G02,10:15,10:15,0,A l'heure,124,16.16
J008884,2025-09-01,T022,G13,G06,15:18,15:18,0,A l'heure,323,30.35
J008885,2026-05-18,T035,G07,G09,11:48,11:48,0,A l'heure,83,27.39
J008886,2025-12-30,T035,G15,G04,19:06,19:06,0,A l'heure,121,14.95
J008887,2025-11-01,T002,G12,G11,18:45,18:45,0,A l'heure,341,73.41
J008888,2025-09-25,T021,G09,G14,20:18,20:18,0,A l'heure,297,37.79
J008889,2026-04-18,T002,G05,G03,09:24,09:24,0,A l'heure,364,78.2
J008890,2026-07-30,T014,G13,G10,13:15,13:15,0,A l'heure,256,82.38
J008891,2026-01-06,T024,G05,G12,19:30,19:30,0,A l'heure,236,43.66
J008892,2026-03-08,T018,G04,G11,17:45,17:45,0,A l'heure,550,49.3
J008893,2026-03-18,T001,G08,G14,11:12,11:12,0,A l'heure,495,84.15
J008894,2026-07-08,T009,G06,G12,07:45,07:45,0,A l'heure,188,88.81
J008895,2025-11-01,T003,G14,G01,18:48,18:55,7,Retarde,470,94.25
J008896,2025-11-29,T040,G11,G09,08:12,08:12,0,A l'heure,150,27.54
J008897,2025-11-15,T039,G09,G01,21:48,22:02,14,Retarde,187,18.1
J008898,2026-04-22,T035,G05,G03,12:45,12:45,0,A l'heure,119,26.76
J008899,2025-09-26,T030,G02,G12,07:18,07:28,10,Retarde,118,22.32
J008900,2026-01-20,T022,G14,G09,15:42,16:45,63,Fortement retarde,312,39.92
J008901,2026-05-25,T026,G02,G07,17:54,17:54,0,A l'heure,211,49.5
J008902,2025-10-28,T024,G13,G15,14:42,14:42,0,A l'heure,190,60.38
J008903,2026-06-29,T017,G02,G04,15:15,15:40,25,Retarde,351,33.35
J008904,2026-05-16,T004,G07,G09,08:36,08:36,0,A l'heure,269,67.65
J008905,2026-01-26,T009,G14,G03,20:54,20:54,0,A l'heure,376,78.76
J008906,2026-06-08,T034,G09,G02,05:24,05:24,0,A l'heure,126,19.72
J008907,2026-01-09,T019,G11,G04,12:30,12:31,1,Retarde,373,24.07
J008908,2026-04-13,T002,G11,G03,16:12,16:24,12,Retarde,335,65.05
J008909,2026-05-27,T018,G06,G08,12:42,12:42,0,A l'heure,342,43.38
J008910,2026-03-31,T010,G06,G12,08:45,08:52,7,Retarde,217,56.13
J008911,2026-06-19,T018,G03,G12,10:45,10:45,0,A l'heure,302,33.4
J008912,2026-07-31,T015,G04,G14,20:06,20:07,1,Retarde,351,37.43
J008913,2026-02-14,T009,G08,G04,16:06,16:07,1,Retarde,349,113.55
J008914,2026-08-08,T006,G15,G13,20:18,20:18,0,A l'heure,333,92.99
J008915,2026-06-20,T021,G11,G06,05:54,05:54,0,A l'heure,543,31.67
J008916,2025-11-22,T037,G07,G02,21:12,21:12,0,A l'heure,144,20.73
J008917,2025-12-07,T015,G07,G08,22:45,22:45,0,A l'heure,634,45.94
J008918,2025-11-11,T038,G05,G12,06:36,06:36,0,A l'heure,150,22.52
J008919,2025-10-23,T019,G09,G05,22:45,22:45,0,A l'heure,256,41.34
J008920,2026-07-12,T023,G12,G05,05:06,05:06,0,A l'heure,323,62.8
J008921,2026-05-07,T028,G06,G12,08:45,08:49,4,Retarde,228,33.51
J008922,2025-12-22,T040,G10,G06,19:45,19:45,0,A l'heure,117,28.1
J008923,2025-11-10,T032,G04,G14,08:45,08:56,11,Retarde,122,26.54
J008924,2026-02-11,T038,G13,G15,11:21,11:21,0,A l'heure,144,28.24
J008925,2026-07-03,T039,G03,G11,07:12,07:17,5,Retarde,107,19.03
J008926,2026-02-20,T006,G10,G05,16:48,16:58,10,Retarde,336,86.07
J008927,2026-03-05,T020,G03,G11,07:18,07:18,0,A l'heure,432,33.47
J008928,2026-01-19,T037,G14,G04,17:21,17:28,7,Retarde,101,21.99
J008929,2026-02-19,T022,G13,G05,10:18,10:18,0,A l'heure,493,39.1
J008930,2025-11-13,T004,G02,G08,18:42,18:42,0,A l'heure,356,76.86
J008931,2025-11-29,T015,G05,G08,15:15,15:15,0,A l'heure,634,27.49
J008932,2026-05-05,T005,G05,G04,17:24,17:24,0,A l'heure,405,65.72
J008933,2025-11-16,T011,G11,G07,12:42,12:42,0,A l'heure,204,93.59
J008934,2025-11-02,T019,G13,G12,12:42,13:12,30,Retarde,521,36.14
J008935,2026-04-20,T004,G01,G10,13:12,13:12,0,A l'heure,342,96.27
J008936,2026-05-14,T012,G14,G01,17:00,17:00,0,A l'heure,387,71.79
J008937,2025-11-03,T007,G15,G12,22:45,22:45,0,A l'heure,297,88.87
J008938,2026-01-08,T016,G03,G06,17:30,17:30,0,A l'heure,399,33.66
J008939,2026-06-17,T027,G06,G01,14:21,14:21,0,A l'heure,232,34.08
J008940,2025-10-18,T033,G14,G05,10:00,10:00,0,A l'heure,150,27.28
J008941,2026-07-03,T004,G11,G05,20:30,20:30,0,A l'heure,121,103.98
J008942,2026-01-02,T038,G02,G05,07:00,07:11,11,Retarde,158,22.55
J008943,2026-08-04,T017,G11,G01,22:06,22:07,1,Retarde,250,30.03
J008944,2026-06-26,T023,G03,G09,21:45,21:45,0,A l'heure,160,44.13
J008945,2026-01-04,T011,G10,G04,10:06,10:06,0,A l'heure,332,116.17
J008946,2026-02-20,T012,G03,G08,22:45,22:45,0,A l'heure,251,82.06
J008947,2025-09-25,T025,G10,G06,19:18,19:18,0,A l'heure,168,47.39
J008948,2026-07-08,T019,G12,G02,20:48,20:48,0,A l'heure,309,32.08
J008949,2025-10-29,T034,G14,G02,17:42,17:42,0,A l'heure,95,23.36
J008950,2026-03-23,T036,G11,G09,19:42,19:42,0,A l'heure,139,21.79
J008951,2025-10-24,T035,G03,G07,18:45,18:45,0,A l'heure,145,19.48
J008952,2025-12-16,T020,G11,G02,10:54,11:22,28,Retarde,232,38.77
J008953,2026-05-01,T026,G07,G08,13:30,13:46,16,Retarde,220,35.24
J008954,2025-09-08,T038,G01,G14,06:21,06:21,0,A l'heure,93,18.21
J008955,2025-09-04,T026,G10,G06,22:42,23:32,50,Retarde,160,31.31
J008956,2026-04-11,T015,G07,G06,10:24,10:24,0,A l'heure,362,30.13
J008957,2026-04-21,T005,G04,G01,12:48,12:48,0,A l'heure,286,58.08
J008958,2026-05-18,T040,G07,G08,19:18,19:18,0,A l'heure,124,14.45
J008959,2025-12-04,T009,G14,G13,20:06,20:06,0,A l'heure,286,103.34
J008960,2026-06-22,T012,G01,G06,15:15,15:15,0,A l'heure,396,71.92
J008961,2026-01-24,T010,G12,G02,16:21,16:21,0,A l'heure,410,114.6
J008962,2026-06-02,T030,G14,G13,11:42,11:42,0,A l'heure,94,15.08
J008963,2026-05-25,T010,G13,G01,07:54,07:54,0,A l'heure,281,100.83
J008964,2025-12-05,T032,G03,G01,18:45,18:45,0,A l'heure,143,21.61
J008965,2025-11-05,T022,G11,G14,15:54,15:54,0,A l'heure,310,41.45
J008966,2026-07-02,T018,G03,G05,22:54,22:54,0,A l'heure,488,34.95
J008967,2026-07-06,T029,G04,G13,11:54,11:54,0,A l'heure,160,22.34
J008968,2025-10-29,T003,G10,G02,21:21,21:21,0,A l'heure,259,52.07
J008969,2026-03-06,T013,G14,G04,13:45,13:45,0,A l'heure,407,67.91
J008970,2026-04-25,T010,G12,G08,06:00,06:00,0,A l'heure,382,79.98
J008971,2026-08-22,T016,G14,G13,11:30,11:30,0,A l'heure,410,39.93
J008972,2025-10-09,T015,G08,G02,09:21,09:31,10,Retarde,441,24.89
J008973,2026-08-29,T029,G14,G06,06:48,06:48,0,A l'heure,113,28.29
J008974,2026-08-14,T010,G02,G11,09:45,09:45,0,A l'heure,238,68.67
J008975,2025-09-06,T018,G13,G05,20:21,20:37,16,Retarde,491,29.57
J008976,2025-10-17,T006,G01,G08,06:45,06:45,0,A l'heure,397,52.85
J008977,2025-11-26,T025,G08,G14,17:54,17:54,0,A l'heure,259,43.2
J008978,2026-02-20,T014,G11,G14,07:30,07:30,0,A l'heure,422,81.35
J008979,2025-09-19,T015,G10,G01,18:15,18:15,0,A l'heure,475,41.88
J008980,2026-03-13,T004,G14,G10,17:24,17:24,0,A l'heure,403,65.48
J008981,2025-12-11,T026,G04,G03,17:24,17:24,0,A l'heure,249,47.17
J008982,2026-05-13,T005,G15,G04,13:45,13:46,1,Retarde,247,71.92
J008983,2026-01-01,T034,G11,G07,11:21,11:21,0,A l'heure,127,19.1
J008984,2025-11-27,T028,G15,G08,21:30,21:30,0,A l'heure,138,39.53
J008985,2026-08-23,T032,G06,G01,16:30,16:30,0,A l'heure,132,18.28
J008986,2025-11-03,T039,G02,G13,07:15,07:16,1,Retarde,140,18.5
J008987,2025-09-17,T011,G08,G04,20:45,20:45,0,A l'heure,385,92.09
J008988,2026-08-27,T016,G15,G01,09:18,09:18,0,A l'heure,335,39.69
J008989,2026-08-27,T020,G13,G07,22:30,23:25,55,Retarde,458,24.99
J008990,2026-06-13,T012,G13,G08,12:54,12:54,0,A l'heure,357,67.22
J008991,2026-04-09,T005,G08,G02,06:48,06:48,0,A l'heure,321,69.72
J008992,2025-10-29,T015,G09,G01,09:36,09:36,0,A l'heure,350,28.25
J008993,2026-07-27,T005,G13,G03,09:45,09:45,0,A l'heure,150,92.47
J008994,2025-09-11,T028,G14,G03,12:06,12:14,8,Retarde,172,55.8
J008995,2025-11-17,T013,G06,G08,19:54,19:57,3,Retarde,313,91.86
J008996,2026-02-15,T034,G04,G05,17:18,17:18,0,A l'heure,208,25.55
J008997,2025-11-12,T008,G12,G14,09:42,09:42,0,A l'heure,237,77.86
J008998,2025-11-21,T029,G10,G15,11:54,11:59,5,Retarde,114,21.62
J008999,2026-01-20,T003,G11,G03,18:42,18:42,0,A l'heure,298,63.32
J009000,2026-07-11,T030,G15,G14,18:06,18:21,15,Retarde,55,17.3
